animal,session,note
SF07,10_20260901_234332.691,"CHANGED vs the reviewed score: NREM 22 -> 30 %, REM 1.6 -> 1.2 %, kappa 0.80; your earlier verdict: ok"
SF07,11_20260902_062241.295,"CHANGED vs the reviewed score: NREM 47 -> 61 %, REM 3.2 -> 6.0 %, kappa 0.67; your earlier verdict: ok"
SF07,14_20260904_201825.406,"CHANGED vs the reviewed score: NREM 30 -> 27 %, REM 0.1 -> 2.3 %, kappa 0.91; your earlier verdict: ok"
SF07,14_20260911_191449.075,"CHANGED vs the reviewed score: NREM 35 -> 29 %, REM 0.1 -> 2.3 %, kappa 0.87; your earlier verdict: ok"
SF07,15_20260902_082418.755,"CHANGED vs the reviewed score: NREM 59 -> 65 %, REM 12.3 -> 10.0 %, kappa 0.89; your earlier verdict: ok"
SF07,16_20260902_165524.033,"CHANGED vs the reviewed score: NREM 74 -> 73 %, REM 11.3 -> 9.3 %, kappa 0.87; your earlier verdict: ok"
SF07,2_20260901_002100.939,"CHANGED vs the reviewed score: NREM 16 -> 25 %, REM 0.7 -> 0.6 %, kappa 0.76; your earlier verdict: ok"
SF07,2_20260903_075114.355,"CHANGED vs the reviewed score: NREM 57 -> 66 %, REM 13.9 -> 14.2 %, kappa 0.77; your earlier verdict: ok"
SF07,2_20260905_093310.289,"CHANGED vs the reviewed score: NREM 75 -> 62 %, REM 0.3 -> 9.1 %, kappa 0.70; your earlier verdict: ok"
SF07,3_20260901_054126.846,"CHANGED vs the reviewed score: NREM 38 -> 27 %, REM 0.0 -> 2.5 %, kappa 0.75; your earlier verdict: ok"
SF07,4_20260903_001558.656,"CHANGED vs the reviewed score: NREM 19 -> 26 %, REM 0.6 -> 1.1 %, kappa 0.76; your earlier verdict: ok"
SF07,4_20260906_075426.615,"CHANGED vs the reviewed score: NREM 67 -> 75 %, REM 14.9 -> 12.6 %, kappa 0.78; your earlier verdict: ok"
SF07,4_20260907_091511.369,"CHANGED vs the reviewed score: NREM 68 -> 68 %, REM 17.1 -> 14.7 %, kappa 0.95; your earlier verdict: ok"
SF07,6_20260901_125442.165,"CHANGED vs the reviewed score: NREM 55 -> 65 %, REM 18.8 -> 15.1 %, kappa 0.78; your earlier verdict: bad"
SF07,6_20260906_132942.035,"CHANGED vs the reviewed score: NREM 90 -> 71 %, REM 0.0 -> 10.8 %, kappa 0.45; your earlier verdict: ok"
SF07,7_20260901_171210.814,"CHANGED vs the reviewed score: NREM 51 -> 64 %, REM 9.3 -> 12.0 %, kappa 0.68; your earlier verdict: ok"
SF08,18_20260903_060030.122,"CHANGED vs the reviewed score: NREM 52 -> 69 %, REM 4.2 -> 6.5 %, kappa 0.61; your earlier verdict: ok"
SF08,2_20260901_125621.840,"CHANGED vs the reviewed score: NREM 61 -> 60 %, REM 21.9 -> 24.3 %, kappa 0.94; your earlier verdict: ok"
SF08,2_20260903_075352.907,"CHANGED vs the reviewed score: NREM 59 -> 58 %, REM 22.9 -> 20.3 %, kappa 0.87; your earlier verdict: ok"
SF08,2_20260909_090608.006,"CHANGED vs the reviewed score: NREM 65 -> 62 %, REM 12.7 -> 15.3 %, kappa 0.91; your earlier verdict: ok"
SF08,5_20260901_171339.094,"CHANGED vs the reviewed score: NREM 57 -> 51 %, REM 14.6 -> 18.1 %, kappa 0.80; your earlier verdict: ok"
SF08,7_20260904_202056.765,"CHANGED vs the reviewed score: NREM 21 -> 26 %, REM 1.7 -> 4.4 %, kappa 0.81; your earlier verdict: ok"
SF08,8_20260901_233239.239,"CHANGED vs the reviewed score: NREM 18 -> 25 %, REM 0.5 -> 1.4 %, kappa 0.79; your earlier verdict: ok"
SF08,9_20260902_062432.012,"CHANGED vs the reviewed score: NREM 52 -> 53 %, REM 13.7 -> 11.0 %, kappa 0.94; your earlier verdict: ok"
SF09,10_20260902_083015.335,"CHANGED vs the reviewed score: NREM 51 -> 61 %, REM 8.9 -> 11.6 %, kappa 0.77; your earlier verdict: ok"
SF09,11_20260902_165826.634,"CHANGED vs the reviewed score: NREM 60 -> 53 %, REM 17.2 -> 13.6 %, kappa 0.81; your earlier verdict: ok"
SF09,1_20260901_075532.964,"CHANGED vs the reviewed score: NREM 63 -> 64 %, REM 12.8 -> 15.0 %, kappa 0.93; your earlier verdict: ok"
SF09,2_20260903_075655.297,"CHANGED vs the reviewed score: NREM 72 -> 65 %, REM 13.4 -> 12.9 %, kappa 0.81; your earlier verdict: ok"
SF09,2_20260909_090835.027,"CHANGED vs the reviewed score: NREM 58 -> 63 %, REM 11.8 -> 11.9 %, kappa 0.86; your earlier verdict: ok"
SF09,2_20260911_092224.167,"CHANGED vs the reviewed score: NREM 74 -> 67 %, REM 13.8 -> 10.8 %, kappa 0.78; your earlier verdict: ok"
SF09,3_20260901_171502.588,"CHANGED vs the reviewed score: NREM 67 -> 59 %, REM 16.9 -> 16.8 %, kappa 0.81; your earlier verdict: ok"
SF09,3_20260905_094705.608,"CHANGED vs the reviewed score: NREM 63 -> 66 %, REM 9.8 -> 13.9 %, kappa 0.81; your earlier verdict: ok"
SF09,4_20260901_002514.385,"CHANGED vs the reviewed score: NREM 22 -> 31 %, REM 2.5 -> 2.5 %, kappa 0.80; your earlier verdict: ok"
SF09,5_20260904_081426.496,"CHANGED vs the reviewed score: NREM 58 -> 60 %, REM 14.3 -> 11.1 %, kappa 0.91; your earlier verdict: ok"
SF09,6_20260901_232245.983,"CHANGED vs the reviewed score: NREM 20 -> 27 %, REM 1.4 -> 1.3 %, kappa 0.80; your earlier verdict: ok"
SF09,6_20260908_072057.385,"CHANGED vs the reviewed score: NREM 70 -> 68 %, REM 6.5 -> 10.7 %, kappa 0.85; your earlier verdict: ok"
SF09,6_20260910_082858.156,"CHANGED vs the reviewed score: NREM 54 -> 65 %, REM 12.7 -> 11.0 %, kappa 0.71; your earlier verdict: ok"
SF10,10_20260902_170101.421,"CHANGED vs the reviewed score: NREM 54 -> 54 %, REM 14.6 -> 17.7 %, kappa 0.93; your earlier verdict: ok"
SF10,14_20260903_002530.902,"CHANGED vs the reviewed score: NREM 15 -> 20 %, REM 1.8 -> 1.4 %, kappa 0.83; your earlier verdict: ok"
SF10,15_20260903_055614.833,"CHANGED vs the reviewed score: NREM 19 -> 82 %, REM 0.0 -> 13.2 %, kappa 0.05; your earlier verdict: ok"
SF10,1_20260831_191045.259,"CHANGED vs the reviewed score: NREM 37 -> 36 %, REM 0.0 -> 4.9 %, kappa 0.78; your earlier verdict: ok"
SF10,3_20260906_055804.599,"CHANGED vs the reviewed score: NREM 70 -> 72 %, REM 1.5 -> 4.4 %, kappa 0.88; your earlier verdict: ok"
SF10,4_20260901_002730.117,"CHANGED vs the reviewed score: NREM 14 -> 21 %, REM 1.6 -> 1.1 %, kappa 0.77; your earlier verdict: ok"
SF10,6_20260901_233920.182,"CHANGED vs the reviewed score: NREM 29 -> 35 %, REM 2.2 -> 2.5 %, kappa 0.85; your earlier verdict: ok"
SF11,12_20260902_083534.755,"CHANGED vs the reviewed score: NREM 49 -> 56 %, REM 10.5 -> 13.0 %, kappa 0.82; your earlier verdict: ok"
SF11,13_20260902_170443.451,"CHANGED vs the reviewed score: NREM 42 -> 53 %, REM 12.2 -> 11.7 %, kappa 0.78; your earlier verdict: ok"
SF11,18_20260903_055348.084,"CHANGED vs the reviewed score: NREM 49 -> 61 %, REM 6.1 -> 6.6 %, kappa 0.76; your earlier verdict: ok"
SF11,2_20260901_075919.035,"CHANGED vs the reviewed score: NREM 51 -> 64 %, REM 13.3 -> 15.8 %, kappa 0.71; your earlier verdict: ok"
SF11,3_20260901_130404.084,"CHANGED vs the reviewed score: NREM 50 -> 55 %, REM 15.4 -> 17.5 %, kappa 0.87; your earlier verdict: ok"
SF11,4_20260901_171752.763,"CHANGED vs the reviewed score: NREM 56 -> 61 %, REM 8.7 -> 12.9 %, kappa 0.83; your earlier verdict: ok"
SF11,5_20260906_080735.254,"CHANGED vs the reviewed score: NREM 63 -> 68 %, REM 12.9 -> 13.2 %, kappa 0.81; your earlier verdict: ok"
SF11,8_20260901_232454.815,"CHANGED vs the reviewed score: NREM 28 -> 35 %, REM 3.2 -> 3.3 %, kappa 0.85; your earlier verdict: ok"
SF11,9_20260902_063458.913,"CHANGED vs the reviewed score: NREM 59 -> 70 %, REM 9.4 -> 9.2 %, kappa 0.78; your earlier verdict: ok"
SF11,9_20260906_133337.885,"CHANGED vs the reviewed score: NREM 64 -> 63 %, REM 8.1 -> 12.0 %, kappa 0.90; your earlier verdict: ok"
SF12,0_20260901_080334.683,"CHANGED vs the reviewed score: NREM 59 -> 65 %, REM 11.5 -> 14.1 %, kappa 0.82; your earlier verdict: ok"
SF12,15_20260903_002228.142,"CHANGED vs the reviewed score: NREM 23 -> 29 %, REM 3.3 -> 2.7 %, kappa 0.86; your earlier verdict: ok"
SF12,15_20260910_210518.445,"CHANGED vs the reviewed score: NREM 19 -> 10 %, REM 1.3 -> 0.5 %, kappa 0.62; your earlier verdict: noise"
SF12,17_20260911_192428.023,"CHANGED vs the reviewed score: NREM 14 -> 0 %, REM 0.1 -> 0.0 %, kappa 0.05; your earlier verdict: noise"
SF12,2_20260831_191613.417,"CHANGED vs the reviewed score: NREM 17 -> 25 %, REM 0.0 -> 0.0 %, kappa 0.76; your earlier verdict: ok"
SF12,2_20260905_094454.579,"CHANGED vs the reviewed score: NREM 69 -> 63 %, REM 15.5 -> 15.6 %, kappa 0.84; your earlier verdict: ok"
SF12,7_20260901_232651.122,"CHANGED vs the reviewed score: NREM 30 -> 39 %, REM 4.7 -> 4.4 %, kappa 0.82; your earlier verdict: ok"
SF12,7_20260906_080951.055,"CHANGED vs the reviewed score: NREM 74 -> 66 %, REM 12.8 -> 14.1 %, kappa 0.79; your earlier verdict: ok"
SF12,8_20260902_063032.282,"CHANGED vs the reviewed score: NREM 54 -> 62 %, REM 10.5 -> 12.8 %, kappa 0.79; your earlier verdict: ok"
SF12,8_20260910_083507.425,"CHANGED vs the reviewed score: NREM 66 -> 68 %, REM 16.6 -> 13.1 %, kappa 0.92; your earlier verdict: ok"
SF08,3_20260909_185036.554,"CONTROL (unchanged, random) vs the reviewed score: NREM 9 -> 10 %, REM 0.4 -> 0.9 %, kappa 0.94; your earlier verdict: ok"
SF12,4_20260909_184750.985,"CONTROL (unchanged, random) vs the reviewed score: NREM 16 -> 16 %, REM 1.1 -> 1.1 %, kappa 0.96; your earlier verdict: ok"
SF08,1_20260831_190229.919,"CONTROL (unchanged, random) vs the reviewed score: NREM 11 -> 13 %, REM 0.2 -> 1.2 %, kappa 0.85; your earlier verdict: ok"
SF07,5_20260910_082351.495,"CONTROL (unchanged, random) vs the reviewed score: NREM 71 -> 72 %, REM 13.7 -> 12.4 %, kappa 0.97; your earlier verdict: ok"
SF11,7_20260905_151133.499,"CONTROL (unchanged, random) vs the reviewed score: NREM 53 -> 57 %, REM 15.1 -> 14.3 %, kappa 0.93; your earlier verdict: -"
SF10,5_20260901_193554.435,"CONTROL (unchanged, random) vs the reviewed score: NREM 4 -> 4 %, REM 0.0 -> 0.0 %, kappa 0.96; your earlier verdict: ok"
SF09,7_20260906_080216.656,"CONTROL (unchanged, random) vs the reviewed score: NREM 70 -> 65 %, REM 12.3 -> 11.2 %, kappa 0.83; your earlier verdict: ok"
SF11,3_20260903_080159.850,"CONTROL (unchanged, random) vs the reviewed score: NREM 57 -> 59 %, REM 14.4 -> 15.8 %, kappa 0.90; your earlier verdict: ok"
SF07,2_20260911_091615.116,"CONTROL (unchanged, random) vs the reviewed score: NREM 70 -> 70 %, REM 9.1 -> 11.0 %, kappa 0.93; your earlier verdict: ok"
SF09,5_20260901_193330.365,"CONTROL (unchanged, random) vs the reviewed score: NREM 0 -> 1 %, REM 0.0 -> 0.0 %, kappa 0.69; your earlier verdict: ok"
