animal_session,verdict,note,reviewed_at
"SF07/1_20260831_185904.795","ok","","2026-10-06T18:38:19.644Z"
"SF07/2_20260901_002100.939","ok","","2026-10-06T18:38:22.950Z"
"SF07/3_20260901_054126.846","ok","","2026-10-06T18:38:35.108Z"
"SF07/4_20260901_074925.529","ok","","2026-10-06T18:38:41.548Z"
"SF07/5_20260901_075052.875","bad","Is REM looks right","2026-10-06T19:55:19.187Z"
"SF07/6_20260901_125442.165","bad","EMG/REM looks wierd","2026-10-06T19:55:34.383Z"
"SF07/7_20260901_171210.814","ok","","2026-10-06T19:42:45.187Z"
"SF07/9_20260901_192912.215","ok","","2026-10-06T19:42:54.451Z"
"SF07/10_20260901_234332.691","ok","","2026-10-06T19:43:00.933Z"
"SF07/11_20260902_062241.295","ok","","2026-10-06T19:43:05.187Z"
"SF07/15_20260902_082418.755","ok","","2026-10-06T19:43:07.905Z"
"SF07/16_20260902_165524.033","ok","","2026-10-06T19:43:11.511Z"
"SF07/3_20260902_190047.109","ok","","2026-10-06T19:43:15.367Z"
"SF07/4_20260903_001558.656","ok","","2026-10-06T19:43:20.810Z"
"SF07/2_20260903_075114.355","ok","","2026-10-06T19:43:27.367Z"
"SF07/3_20260903_164808.815","ok","","2026-10-06T19:43:31.265Z"
"SF07/6_20260903_175144.375","ok","","2026-10-06T19:43:39.901Z"
"SF07/8_20260904_080936.435","bad","Is REM right?","2026-10-06T19:44:35.619Z"
"SF07/14_20260904_201825.406","ok","","2026-10-06T19:44:45.303Z"
"SF07/2_20260905_093310.289","ok","","2026-10-06T19:44:52.918Z"
"SF07/6_20260905_133118.469","ok","","2026-10-06T19:45:12.679Z"
"SF07/2_20260905_184732.855","ok","","2026-10-06T19:45:15.345Z"
"SF07/4_20260906_075426.615","ok","","2026-10-06T19:45:29.927Z"
"SF07/6_20260906_132942.035","ok","","2026-10-06T19:45:31.449Z"
"SF07/2_20260907_085247.979","ok","","2026-10-06T19:45:39.315Z"
"SF07/4_20260907_091511.369","ok","","2026-10-06T19:46:18.383Z"
"SF07/1_20260907_174716.243","ok","","2026-10-06T19:46:22.351Z"
"SF07/2_20260907_174841.816","ok","","2026-10-06T19:46:24.567Z"
"SF07/5_20260908_071513.175","ok","","2026-10-06T19:46:29.558Z"
"SF07/8_20260908_193733.435","ok","","2026-10-06T19:46:34.907Z"
"SF07/3_20260909_090331.016","ok","","2026-10-06T19:46:35.663Z"
"SF07/2_20260909_183802.795","ok","","2026-10-06T19:46:36.362Z"
"SF07/5_20260910_082351.495","ok","","2026-10-06T19:46:36.959Z"
"SF07/2_20260911_091615.116","ok","","2026-10-06T19:46:45.809Z"
"SF07/14_20260911_191449.075","ok","","2026-10-06T19:46:47.061Z"
"SF08/1_20260831_190229.919","ok","","2026-10-06T19:46:52.705Z"
"SF08/2_20260901_002327.839","ok","","2026-10-06T19:46:54.015Z"
"SF08/1_20260901_075304.063","ok","","2026-10-06T19:47:36.729Z"
"SF08/2_20260901_125621.840","ok","","2026-10-06T19:47:45.934Z"
"SF08/3_20260901_151059.837","ok","","2026-10-06T19:47:48.523Z"
"SF08/4_20260901_152951.697","ok","","2026-10-06T19:47:50.637Z"
"SF08/5_20260901_171339.094","ok","","2026-10-06T19:47:51.379Z"
"SF08/7_20260901_193109.475","ok","","2026-10-06T19:48:03.047Z"
"SF08/8_20260901_233239.239","ok","","2026-10-06T19:48:04.199Z"
"SF08/9_20260902_062432.012","ok","","2026-10-06T19:48:08.810Z"
"SF08/12_20260902_082624.125","ok","","2026-10-06T19:48:10.504Z"
"SF08/13_20260902_082748.094","ok","","2026-10-06T19:48:12.222Z"
"SF08/17_20260902_190241.916","ok","","2026-10-06T19:48:13.194Z"
"SF08/18_20260903_060030.122","ok","","2026-10-06T19:48:13.778Z"
"SF08/2_20260903_075352.907","ok","","2026-10-06T19:48:14.569Z"
"SF08/3_20260903_160306.510","ok","","2026-10-06T19:48:20.055Z"
"SF08/2_20260903_175453.625","ok","","2026-10-06T19:48:20.742Z"
"SF08/4_20260904_081205.535","ok","","2026-10-06T19:48:21.715Z"
"SF08/7_20260904_202056.765","ok","","2026-10-06T19:48:23.590Z"
"SF08/2_20260905_093534.819","ok","","2026-10-06T19:48:24.330Z"
"SF08/2_20260905_185104.563","ok","","2026-10-06T19:48:27.159Z"
"SF08/6_20260906_075927.555","ok","","2026-10-06T19:48:27.820Z"
"SF08/9_20260906_194333.465","ok","","2026-10-06T19:48:28.998Z"
"SF08/2_20260907_085534.719","ok","","2026-10-06T19:48:29.607Z"
"SF08/2_20260907_175113.385","ok","","2026-10-06T19:48:30.269Z"
"SF08/5_20260908_071754.325","ok","","2026-10-06T19:48:30.828Z"
"SF08/8_20260908_193958.035","ok","","2026-10-06T19:48:38.989Z"
"SF08/2_20260909_090608.006","ok","","2026-10-06T19:48:53.135Z"
"SF08/1_20260909_181543.715","ok","","2026-10-06T19:48:55.263Z"
"SF08/3_20260909_185036.554","ok","","2026-10-06T19:48:57.527Z"
"SF08/6_20260910_082629.685","ok","","2026-10-06T19:49:03.610Z"
"SF08/2_20260910_210245.604","ok","","2026-10-06T19:49:07.471Z"
"SF08/3_20260911_091931.245","ok","","2026-10-06T19:49:08.597Z"
"SF08/5_20260911_191715.923","ok","","2026-10-06T19:49:09.466Z"
"SF09/0_20260831_190404.508","ok","","2026-10-06T19:49:10.307Z"
"SF09/3_20260831_190834.640","ok","","2026-10-06T19:49:11.254Z"
"SF09/4_20260901_002514.385","ok","","2026-10-06T19:49:12.457Z"
"SF09/5_20260901_054317.203","ok","","2026-10-06T19:49:14.047Z"
"SF09/1_20260901_075532.964","ok","","2026-10-06T19:49:14.942Z"
"SF09/2_20260901_125743.131","ok","","2026-10-06T19:49:15.526Z"
"SF09/3_20260901_171502.588","ok","","2026-10-06T19:49:16.085Z"
"SF09/5_20260901_193330.365","ok","","2026-10-06T19:49:16.696Z"
"SF09/6_20260901_232245.983","ok","","2026-10-06T19:49:17.252Z"
"SF09/7_20260902_062601.722","ok","","2026-10-06T19:49:17.758Z"
"SF09/10_20260902_083015.335","ok","","2026-10-06T19:49:18.265Z"
"SF09/11_20260902_165826.634","ok","","2026-10-06T19:49:18.721Z"
"SF09/15_20260902_190508.575","ok","","2026-10-06T19:49:19.252Z"
"SF09/16_20260903_001828.515","ok","","2026-10-06T19:49:19.838Z"
"SF09/2_20260903_075655.297","ok","","2026-10-06T19:49:20.422Z"
"SF09/3_20260903_175840.384","ok","","2026-10-06T19:49:21.032Z"
"SF09/5_20260904_081426.496","ok","","2026-10-06T19:49:21.513Z"
"SF09/8_20260904_202324.405","ok","","2026-10-06T19:49:22.148Z"
"SF09/3_20260905_094705.608","ok","","2026-10-06T19:49:22.707Z"
"SF09/3_20260905_185422.206","ok","","2026-10-06T19:49:23.342Z"
"SF09/7_20260906_080216.656","ok","","2026-10-06T19:49:24.210Z"
"SF09/11_20260906_194634.836","ok","","2026-10-06T19:49:25.310Z"
"SF09/1_20260907_085726.079","ok","","2026-10-06T19:50:03.030Z"
"SF09/2_20260907_085841.028","ok","","2026-10-06T19:50:04.568Z"
"SF09/3_20260907_175435.676","ok","","2026-10-06T19:50:05.178Z"
"SF09/6_20260908_072057.385","ok","","2026-10-06T19:50:05.893Z"
"SF09/9_20260908_194312.545","ok","","2026-10-06T19:50:06.554Z"
"SF09/2_20260909_090835.027","ok","","2026-10-06T19:50:10.726Z"
"SF09/2_20260909_184248.375","ok","","2026-10-06T19:50:11.595Z"
"SF09/6_20260910_082858.156","ok","","2026-10-06T19:50:12.515Z"
"SF09/15_20260910_204912.017","ok","","2026-10-06T19:50:13.072Z"
"SF09/2_20260911_092224.167","ok","","2026-10-06T19:50:13.606Z"
"SF09/17_20260911_191947.524","ok","","2026-10-06T19:50:14.344Z"
"SF10/1_20260831_191045.259","ok","","2026-10-06T19:50:14.955Z"
"SF10/2_20260831_195630.973","ok","","2026-10-06T19:50:15.563Z"
"SF10/4_20260901_002730.117","ok","","2026-10-06T19:50:16.147Z"
"SF10/1_20260901_080143.036","ok","","2026-10-06T19:50:17.506Z"
"SF10/2_20260901_125856.163","ok","","2026-10-06T19:50:21.009Z"
"SF10/3_20260901_171620.845","ok","","2026-10-06T19:50:21.696Z"
"SF10/5_20260901_193554.435","ok","","2026-10-06T19:50:22.281Z"
"SF10/6_20260901_233920.182","ok","","2026-10-06T19:50:22.917Z"
"SF10/9_20260902_083247.835","ok","","2026-10-06T19:50:23.475Z"
"SF10/10_20260902_170101.421","ok","","2026-10-06T19:50:24.034Z"
"SF10/13_20260902_190711.525","ok","","2026-10-06T19:50:26.530Z"
"SF10/14_20260903_002530.902","ok","","2026-10-06T19:50:27.166Z"
"SF10/15_20260903_055614.833","ok","","2026-10-06T19:50:28.009Z"
"SF10/2_20260903_075920.109","ok","","2026-10-06T19:50:28.748Z"
"SF10/1_20260903_180043.639","ok","","2026-10-06T19:50:29.255Z"
"SF10/2_20260903_180222.843","ok","","2026-10-06T19:50:29.788Z"
"SF10/5_20260904_081730.895","ok","","2026-10-06T19:50:30.218Z"
"SF10/9_20260904_202620.386","ok","","2026-10-06T19:50:30.646Z"
"SF10/7_20260905_093927.479","ok","","2026-10-06T19:50:31.051Z"
"SF10/2_20260905_185709.365","ok","","2026-10-06T19:50:31.428Z"
"SF10/3_20260906_055804.599","ok","","2026-10-06T19:50:31.781Z"
"SF10/6_20260906_080449.175","ok","","2026-10-06T19:50:32.132Z"
"SF10/9_20260906_194921.983","ok","","2026-10-06T19:50:32.717Z"
"SF10/4_20260907_090135.869","ok","","2026-10-06T19:50:33.147Z"
"SF10/5_20260907_175744.885","ok","","2026-10-06T19:50:33.577Z"
"SF10/8_20260908_072352.245","ok","","2026-10-06T19:50:34.186Z"
"SF10/12_20260908_194550.363","ok","","2026-10-06T19:50:35.030Z"
"SF10/2_20260909_091105.736","ok","","2026-10-06T19:50:35.615Z"
"SF10/2_20260909_184517.395","ok","","2026-10-06T19:50:36.146Z"
"SF10/4_20260910_083040.133","ok","","2026-10-06T19:50:36.680Z"
"SF10/5_20260910_083157.853","ok","","2026-10-06T19:50:37.136Z"
"SF10/9_20260910_205611.775","ok","","2026-10-06T19:50:37.564Z"
"SF10/2_20260911_092441.104","ok","","2026-10-06T19:50:38.097Z"
"SF10/11_20260911_192207.153","ok","","2026-10-06T19:50:38.631Z"
"SF11/1_20260831_191341.611","ok","","2026-10-06T19:50:39.319Z"
"SF11/2_20260901_002906.850","ok","","2026-10-06T19:50:39.955Z"
"SF11/2_20260901_075919.035","ok","","2026-10-06T19:50:40.461Z"
"SF11/3_20260901_130404.084","ok","","2026-10-06T19:50:40.996Z"
"SF11/4_20260901_171752.763","ok","","2026-10-06T19:50:41.347Z"
"SF11/7_20260901_193749.076","ok","","2026-10-06T19:50:41.725Z"
"SF11/8_20260901_232454.815","ok","","2026-10-06T19:50:42.077Z"
"SF11/9_20260902_063458.913","ok","","2026-10-06T19:50:42.532Z"
"SF11/12_20260902_083534.755","ok","","2026-10-06T19:50:43.170Z"
"SF11/13_20260902_170443.451","ok","","2026-10-06T19:50:43.754Z"
"SF11/17_20260902_190852.526","ok","","2026-10-06T19:50:44.313Z"
"SF11/18_20260903_055348.084","ok","","2026-10-06T19:50:45.000Z"
"SF11/3_20260903_080159.850","ok","","2026-10-06T19:50:45.637Z"
"SF11/4_20260903_155503.475","ok","","2026-10-06T19:50:55.574Z"
"SF11/3_20260903_180527.746","ok","","2026-10-06T19:50:56.778Z"
"SF11/4_20260903_180700.416","ok","","2026-10-06T19:50:57.543Z"
"SF11/7_20260904_082050.456","ok","","2026-10-06T19:51:00.142Z"
"SF11/9_20260904_135650.425","ok","","2026-10-06T19:51:01.658Z"
"SF11/12_20260904_202856.246","ok","","2026-10-06T19:51:02.423Z"
"SF11/3_20260905_094205.930","ok","","2026-10-06T19:51:03.110Z"
"SF11/2_20260905_185931.246","ok","","2026-10-06T19:51:04.684Z"
"SF11/5_20260906_080735.254","ok","","2026-10-06T19:51:05.450Z"
"SF11/6_20260906_132454.539","noise","","2026-10-06T19:51:25.225Z"
"SF11/9_20260906_133337.885","ok","","2026-10-06T19:51:28.958Z"
"SF11/12_20260906_195111.187","ok","","2026-10-06T19:51:31.998Z"
"SF12/2_20260831_191613.417","ok","","2026-10-06T19:51:34.657Z"
"SF12/3_20260901_003050.862","ok","","2026-10-06T19:51:35.370Z"
"SF12/4_20260901_054714.722","noise","","2026-10-06T19:51:38.435Z"
"SF12/0_20260901_080334.683","ok","","2026-10-06T19:51:42.636Z"
"SF12/1_20260901_131223.398","ok","","2026-10-06T19:51:43.297Z"
"SF12/2_20260901_171924.960","ok","","2026-10-06T19:51:43.779Z"
"SF12/4_20260901_194535.925","ok","","2026-10-06T19:51:44.234Z"
"SF12/6_20260901_195621.144","ok","","2026-10-06T19:51:45.412Z"
"SF12/7_20260901_232651.122","ok","","2026-10-06T19:51:45.920Z"
"SF12/8_20260902_063032.282","ok","","2026-10-06T19:51:46.427Z"
"SF12/11_20260902_083748.804","ok","","2026-10-06T19:51:46.960Z"
"SF12/15_20260903_002228.142","ok","","2026-10-06T19:51:49.465Z"
"SF12/3_20260903_080924.473","ok","","2026-10-06T19:51:49.893Z"
"SF12/3_20260903_180935.835","ok","","2026-10-06T19:51:50.788Z"
"SF12/5_20260904_082836.973","ok","","2026-10-06T19:51:51.398Z"
"SF12/8_20260904_203130.725","ok","","2026-10-06T19:51:52.138Z"
"SF12/1_20260905_094345.171","ok","","2026-10-06T19:51:53.058Z"
"SF12/2_20260905_094454.579","ok","","2026-10-06T19:51:54.056Z"
"SF12/3_20260905_190131.729","ok","","2026-10-06T19:51:54.641Z"
"SF12/4_20260905_190240.835","ok","","2026-10-06T19:51:55.225Z"
"SF12/7_20260906_080951.055","ok","","2026-10-06T19:51:55.731Z"
"SF12/10_20260906_195502.355","ok","","2026-10-06T19:51:56.187Z"
"SF12/1_20260907_090326.668","noise","","2026-10-06T19:52:00.423Z"
"SF12/2_20260907_090439.409","ok","","2026-10-06T19:52:02.659Z"
"SF12/2_20260907_180003.285","noise","","2026-10-06T19:52:17.767Z"
"SF12/5_20260908_072624.615","ok","","2026-10-06T19:52:20.029Z"
"SF12/8_20260908_194824.915","ok","","2026-10-06T19:52:21.930Z"
"SF12/2_20260909_091353.804","ok","","2026-10-06T19:52:23.522Z"
"SF12/2_20260909_184027.605","ok","","2026-10-06T19:52:25.813Z"
"SF12/4_20260909_184750.985","ok","","2026-10-06T19:52:50.770Z"
"SF12/8_20260910_083507.425","ok","","2026-10-06T19:52:28.737Z"
"SF12/15_20260910_210518.445","noise","","2026-10-06T19:52:34.565Z"
"SF12/0_20260911_093859.455","ok","","2026-10-06T19:52:37.239Z"
"SF12/2_20260911_094554.396","noise","","2026-10-06T19:52:39.505Z"
"SF12/17_20260911_192428.023","noise","","2026-10-06T19:52:42.162Z"
