date,temp_C,rh_pct,rain_mm,rain_complete,weather_cover,nws_share
2026-08-31,17.82,96.2,12.7,True,1.0,0.0
2026-09-01,22.12,93.1,11.9,True,1.0,0.0
2026-09-02,21.68,92.2,14.0,False,0.997,0.136
2026-09-03,22.33,88.0,34.8,True,0.868,0.605
2026-09-04,20.84,83.7,0.0,True,1.0,0.0
2026-09-05,17.71,86.5,0.0,True,1.0,0.0
2026-09-06,17.12,83.2,0.0,True,1.0,0.0
2026-09-07,15.23,85.1,0.0,True,1.0,0.0
2026-09-08,17.52,79.7,0.0,True,1.0,0.0
2026-09-09,20.47,84.9,15.0,True,1.0,0.0
2026-09-10,21.12,81.5,0.0,True,1.0,0.0
2026-09-11,16.5,78.3,0.0,True,0.997,0.0
2026-09-12,12.61,89.6,0.0,False,0.465,0.0
2026-09-16,22.17,85.7,2.8,True,0.51,0.0
2026-09-17,19.82,96.8,0.8,False,0.5,0.0
