animal,session,start_local,end_local,duration_h,firmware,verdict,note,tags,frac_wake,frac_nrem,frac_rem,rem_share_of_sleep,swthresh,EMGthresh,THthresh,SWchan,THchan,sustained_moving_scored_wake,still_scored_sleep,not_scored,reviewed_at
SF07,1_20260831_185904.795,2026-08-31 18:59:04.795,2026-09-01 00:20:35,5.359,64,ok,,,0.883,0.1083,0.0087,0.0744,0.7083333333333333,0.375,0.4414150270501373,6.0,31.0,0.9999,0.7529,,2026-10-06T18:38:19.644Z
SF07,2_20260901_002100.939,2026-09-01 00:21:00.939,2026-09-01 05:41:08,5.335,64,ok,,,0.8279,0.165,0.0071,0.0414,0.7083333333333333,0.5416666666666666,0.5315550920004699,7.0,31.0,0.9999,0.5328,,2026-10-06T18:38:22.950Z
SF07,3_20260901_054126.846,2026-09-01 05:41:26.846,2026-09-01 06:36:24,0.916,64,ok,,,0.6201,0.3799,0.0,0.0,0.2916666666666666,0.375,0.6041921397018679,21.0,31.0,0.9994,0.8947,,2026-10-06T18:38:35.108Z
SF07,4_20260901_074925.529,2026-09-01 07:49:25.529,2026-09-01 07:50:43,0.022,64,ok,,,0.8421,0.1579,0.0,0.0,0.4583333333333333,0.2083333333333333,0.4729833497527842,15.0,33.0,0.8052,,,2026-10-06T18:38:41.548Z
SF07,5_20260901_075052.875,2026-09-01 07:50:52.875,2026-09-01 12:54:27,5.06,64,bad,Is REM looks right,,0.1818,0.6679,0.1503,0.1837,0.5416666666666666,0.7083333333333333,0.375,10.0,31.0,0.9844,0.9452,,2026-10-06T19:55:19.187Z
SF07,6_20260901_125442.165,2026-09-01 12:54:42.165,2026-09-01 17:11:59,4.288,64,bad,EMG/REM looks wierd,,0.2598,0.5527,0.1875,0.2533,0.625,0.5416666666666666,0.375,23.0,31.0,0.9981,0.8721,,2026-10-06T19:55:34.383Z
SF07,7_20260901_171210.814,2026-09-01 17:12:10.814,2026-09-01 18:19:43,1.126,64,ok,,,0.3969,0.5102,0.0928,0.1539,0.625,0.375,0.375,23.0,31.0,1.0,0.7304,,2026-10-06T19:42:45.187Z
SF07,9_20260901_192912.215,2026-09-01 19:29:12.215,2026-09-01 23:43:19,4.235,65,ok,,,0.9993,0.0007,0.0,0.0,0.7,0.1153846153846153,0.2204622439739787,5.0,1.0,0.9999,0.0375,,2026-10-06T19:42:54.451Z
SF07,10_20260901_234332.691,2026-09-01 23:43:32.691,2026-09-02 06:22:33,6.65,65,ok,,,0.7641,0.2199,0.016,0.068,0.7083333333333333,0.5416666666666666,0.4649501363227125,11.0,1.0,0.9999,0.6913,,2026-10-06T19:43:00.933Z
SF07,11_20260902_062241.295,2026-09-02 06:22:41.295,2026-09-02 07:33:57,1.188,65,ok,,,0.502,0.4662,0.0318,0.0639,0.7083333333333333,0.375,0.375,23.0,31.0,1.0,0.6738,,2026-10-06T19:43:05.187Z
SF07,15_20260902_082418.755,2026-09-02 08:24:18.755,2026-09-02 16:55:03,8.512,65,ok,,,0.2816,0.5949,0.1235,0.1719,0.5416666666666666,0.5416666666666666,0.375,11.0,1.0,1.0,0.8899,,2026-10-06T19:43:07.905Z
SF07,16_20260902_165524.033,2026-09-02 16:55:24.033,2026-09-02 18:12:49,1.29,65,ok,,,0.1481,0.7384,0.1135,0.1332,0.5416666666666666,0.5416666666666666,0.4583333333333333,54.0,1.0,1.0,0.9379,,2026-10-06T19:43:11.511Z
SF07,3_20260902_190047.109,2026-09-02 19:00:47.109,2026-09-03 00:15:47,5.25,65,ok,,,0.874,0.1195,0.0065,0.0516,0.625,0.2916666666666666,0.4583333333333333,23.0,31.0,0.9999,0.7027,,2026-10-06T19:43:15.367Z
SF07,4_20260903_001558.656,2026-09-03 00:15:58.656,2026-09-03 04:18:17,4.039,65,ok,,,0.805,0.1894,0.0056,0.0289,0.4583333333333333,0.2083333333333333,0.5150621578082902,23.0,31.0,0.9998,0.6543,,2026-10-06T19:43:20.810Z
SF07,2_20260903_075114.355,2026-09-03 07:51:14.355,2026-09-03 16:46:44,8.925,65,ok,,,0.2959,0.5653,0.1388,0.1971,0.625,0.5416666666666666,0.4583333333333333,23.0,31.0,1.0,0.8221,,2026-10-06T19:43:27.367Z
SF07,3_20260903_164808.815,2026-09-03 16:48:08.815,2026-09-03 17:08:07,0.333,65,ok,,,0.3743,0.4962,0.1295,0.2069,0.625,0.375,0.375,23.0,20.0,0.9954,0.865,,2026-10-06T19:43:31.265Z
SF07,6_20260903_175144.375,2026-09-03 17:51:44.375,2026-09-04 07:30:45,13.65,65,ok,,,0.7827,0.1974,0.0198,0.0912,0.625,0.5416666666666666,0.5219690663336789,10.0,31.0,0.9999,0.8206,,2026-10-06T19:43:39.901Z
SF07,8_20260904_080936.435,2026-09-04 08:09:36.435,2026-09-04 13:40:27,5.514,65,bad,Is REM right?,,0.2078,0.6816,0.1106,0.1396,0.5416666666666666,0.5416666666666666,0.375,11.0,31.0,0.9995,0.9346,,2026-10-06T19:44:35.619Z
SF07,11_20260904_140054.476,2026-09-04 14:00:54.476,2026-09-04 19:28:33,5.461,65,,,not_scored,,,,,,,,,,,,SystemExit: 11_20260904_140054.476: IMU has frozen / invalid / NaN samples - excluded time is not supported yet (see docstring),
SF07,14_20260904_201825.406,2026-09-04 20:18:25.406,2026-09-05 08:35:37,12.287,65,ok,,,0.6948,0.3041,0.0011,0.0036,0.375,0.5416666666666666,0.5000983728703334,10.0,31.0,0.9997,0.9789,,2026-10-06T19:44:45.303Z
SF07,2_20260905_093310.289,2026-09-05 09:33:10.289,2026-09-05 13:15:40,3.708,65,ok,,,0.247,0.7512,0.0018,0.0024,0.2916666666666666,0.4583333333333333,0.5416666666666666,45.0,31.0,0.9996,0.9628,,2026-10-06T19:44:52.918Z
SF07,6_20260905_133118.469,2026-09-05 13:31:18.469,2026-09-05 18:00:13,4.482,65,ok,,,0.2107,0.6541,0.1352,0.1713,0.5416666666666666,0.5416666666666666,0.4583333333333333,11.0,31.0,0.997,0.9394,,2026-10-06T19:45:12.679Z
SF07,2_20260905_184732.855,2026-09-05 18:47:32.855,2026-09-06 06:54:09,12.11,65,ok,,,0.8607,0.1367,0.0026,0.0184,0.4583333333333333,0.2916666666666666,0.4927696864573103,10.0,16.0,1.0,0.772,,2026-10-06T19:45:15.345Z
SF07,4_20260906_075426.615,2026-09-06 07:54:26.615,2026-09-06 12:31:20,4.615,65,ok,,,0.18,0.671,0.149,0.1818,0.625,0.625,0.375,28.0,31.0,1.0,0.9022,,2026-10-06T19:45:29.927Z
SF07,6_20260906_132942.035,2026-09-06 13:29:42.035,2026-09-06 19:00:56,5.521,65,ok,,,0.1015,0.8985,0.0,0.0,0.2916666666666666,0.625,0.5416666666666666,6.0,31.0,0.9748,0.9966,,2026-10-06T19:45:31.449Z
SF07,9_20260906_194035.495,2026-09-06 19:40:35.495,2026-09-07 08:06:07,12.426,65,,,not_scored,,,,,,,,,,,,SystemExit: 9_20260906_194035.495: IMU has frozen / invalid / NaN samples - excluded time is not supported yet (see docstring),
SF07,2_20260907_085247.979,2026-09-07 08:52:47.979,2026-09-07 09:07:33,0.246,65,ok,,,0.4581,0.526,0.0158,0.0292,0.375,0.5416666666666666,0.5881063741628568,13.0,20.0,0.9706,0.641,,2026-10-06T19:45:39.315Z
SF07,4_20260907_091511.369,2026-09-07 09:15:11.369,2026-09-07 16:54:17,7.652,65,ok,,,0.1446,0.6843,0.1711,0.2,0.5416666666666666,0.5416666666666666,0.375,23.0,31.0,0.9973,0.9582,,2026-10-06T19:46:18.383Z
SF07,1_20260907_174716.243,2026-09-07 17:47:16.243,2026-09-07 17:48:31,0.021,65,ok,,,0.6892,0.3108,0.0,0.0,0.4583333333333333,0.5416666666666666,0.5364304037741849,48.0,8.0,,0.375,,2026-10-06T19:46:22.351Z
SF07,2_20260907_174841.816,2026-09-07 17:48:41.816,2026-09-08 06:21:07,12.54,65,ok,,,0.7973,0.2003,0.0023,0.0116,0.4583333333333333,0.4583333333333333,0.5728105509619579,7.0,20.0,0.9997,0.9401,,2026-10-06T19:46:24.567Z
SF07,5_20260908_071513.175,2026-09-08 07:15:13.175,2026-09-08 18:55:54,11.678,65,ok,,,0.1611,0.7301,0.1088,0.1297,0.5416666666666666,0.5416666666666666,0.375,45.0,31.0,0.9967,0.9632,,2026-10-06T19:46:29.558Z
SF07,8_20260908_193733.435,2026-09-08 19:37:33.435,2026-09-09 08:16:08,12.643,65,ok,,,0.7911,0.197,0.012,0.0572,0.625,0.4583333333333333,0.5733850223778152,23.0,31.0,1.0,0.8606,,2026-10-06T19:46:34.907Z
SF07,3_20260909_090331.016,2026-09-09 09:03:31.016,2026-09-09 17:55:29,8.866,65,ok,,,0.1774,0.7123,0.1103,0.1341,0.5416666666666666,0.5416666666666666,0.4583333333333333,14.0,17.0,0.9948,0.935,,2026-10-06T19:46:35.663Z
SF07,2_20260909_183802.795,2026-09-09 18:38:02.795,2026-09-10 07:17:31,12.658,65,ok,,,0.8912,0.1043,0.0045,0.0418,0.5416666666666666,0.2083333333333333,0.4060613184290504,38.0,31.0,1.0,0.7011,,2026-10-06T19:46:36.362Z
SF07,5_20260910_082351.495,2026-09-10 08:23:51.495,2026-09-10 14:40:32,6.278,65,ok,,,0.1097,0.8903,0.0,0.0,0.2916666666666666,0.5416666666666666,0.375,2.0,31.0,0.9914,0.9955,,2026-10-06T19:46:36.959Z
SF07,12_20260910_204411.854,2026-09-10 20:44:11.854,2026-09-11 08:06:01,11.364,65,,,not_scored,,,,,,,,,,,,SystemExit: 12_20260910_204411.854: IMU has frozen / invalid / NaN samples - excluded time is not supported yet (see docstring),
SF07,2_20260911_091615.116,2026-09-11 09:16:15.116,2026-09-11 18:27:25,9.186,65,ok,,,0.2116,0.6975,0.0909,0.1153,0.5416666666666666,0.625,0.5416666666666666,25.0,31.0,0.9962,0.9031,,2026-10-06T19:46:45.809Z
SF07,14_20260911_191449.075,2026-09-11 19:14:49.075,2026-09-12 10:24:47,15.166,65,ok,,,0.6492,0.3498,0.001,0.0028,0.375,0.5416666666666666,0.5209802540367636,23.0,31.0,0.9971,0.9758,,2026-10-06T19:46:47.061Z
SF08,1_20260831_190229.919,2026-08-31 19:02:29.919,2026-09-01 00:23:12,5.345,64,ok,,,0.8915,0.106,0.0025,0.023,0.7083333333333333,0.2916666666666666,0.4305416860079636,12.0,44.0,0.9999,0.4089,,2026-10-06T19:46:52.705Z
SF08,2_20260901_002327.839,2026-09-01 00:23:27.839,2026-09-01 03:32:06,3.144,64,ok,,,0.9112,0.0871,0.0017,0.0189,0.7916666666666666,0.375,0.392210062079355,12.0,44.0,0.9999,0.3592,,2026-10-06T19:46:54.015Z
SF08,3_20260901_054222.420,2026-09-01 05:42:22.420,2026-09-01 05:44:27,0.035,64,,,,1.0,0.0,0.0,0.0,0.7083333333333333,0.2083333333333333,0.3423786322261691,29.0,42.0,0.976,,,
SF08,1_20260901_075304.063,2026-09-01 07:53:04.063,2026-09-01 12:56:10,5.052,64,ok,,,0.3562,0.5229,0.1209,0.1878,0.625,0.5416666666666666,0.4583333333333333,22.0,44.0,0.9988,0.8415,,2026-10-06T19:47:36.729Z
SF08,2_20260901_125621.840,2026-09-01 12:56:21.840,2026-09-01 13:28:20,0.533,64,ok,,,0.1685,0.6129,0.2186,0.2629,0.4583333333333333,0.5,0.4583333333333333,21.0,44.0,1.0,0.8994,,2026-10-06T19:47:45.934Z
SF08,3_20260901_151059.837,2026-09-01 15:10:59.837,2026-09-01 15:14:10,0.053,64,ok,,,0.4842,0.5158,0.0,0.0,0.2916666666666666,0.2916666666666666,0.2896587221674587,38.0,42.0,,0.5079,,2026-10-06T19:47:48.523Z
SF08,4_20260901_152951.697,2026-09-01 15:29:51.697,2026-09-01 17:13:24,1.726,64,ok,,,0.0713,0.7533,0.1753,0.1888,0.4583333333333333,0.5,0.375,43.0,44.0,1.0,0.9677,,2026-10-06T19:47:50.637Z
SF08,5_20260901_171339.094,2026-09-01 17:13:39.094,2026-09-01 18:20:28,1.114,64,ok,,,0.2824,0.5711,0.1465,0.2041,0.5416666666666666,0.5416666666666666,0.375,52.0,44.0,0.9984,0.9093,,2026-10-06T19:47:51.379Z
SF08,7_20260901_193109.475,2026-09-01 19:31:09.475,2026-09-01 23:31:53,4.012,65,ok,,,0.992,0.0064,0.0017,0.2069,0.8333333333333334,0.2083333333333333,0.0474601186395398,60.0,44.0,1.0,0.2309,,2026-10-06T19:48:03.047Z
SF08,8_20260901_233239.239,2026-09-01 23:32:39.239,2026-09-02 06:24:19,6.861,65,ok,,,0.8103,0.1847,0.0051,0.0267,0.7916666666666666,0.5416666666666666,0.59593431556286,43.0,44.0,0.9998,0.465,,2026-10-06T19:48:04.199Z
SF08,9_20260902_062432.012,2026-09-02 06:24:32.012,2026-09-02 07:30:11,1.094,65,ok,,,0.3441,0.5188,0.1371,0.2091,0.5416666666666666,0.5416666666666666,0.2839932549735512,9.0,44.0,0.9987,0.8938,,2026-10-06T19:48:08.810Z
SF08,12_20260902_082624.125,2026-09-02 08:26:24.125,2026-09-02 08:27:40,0.021,65,ok,,,1.0,0.0,0.0,0.0,0.4230769230769231,0.125,0.3435558713890564,15.0,44.0,,0.0,,2026-10-06T19:48:10.504Z
SF08,13_20260902_082748.094,2026-09-02 08:27:48.094,2026-09-02 18:20:23,9.877,65,ok,,,0.2686,0.5615,0.1699,0.2323,0.5416666666666666,0.5416666666666666,0.375,4.0,44.0,0.9964,0.9135,,2026-10-06T19:48:12.222Z
SF08,17_20260902_190241.916,2026-09-02 19:02:41.916,2026-09-03 06:00:20,10.961,65,ok,,,0.8111,0.1876,0.0013,0.0067,0.625,0.5416666666666666,0.6899356603646642,9.0,44.0,0.9999,0.6721,,2026-10-06T19:48:13.194Z
SF08,18_20260903_060030.122,2026-09-03 06:00:30.122,2026-09-03 06:44:40,0.736,65,ok,,,0.4337,0.5247,0.0415,0.0733,0.7083333333333333,0.2916666666666666,0.4279041833017241,2.0,36.0,1.0,0.693,,2026-10-06T19:48:13.778Z
SF08,2_20260903_075352.907,2026-09-03 07:53:52.907,2026-09-03 15:58:04,8.07,65,ok,,,0.1825,0.589,0.2285,0.2796,0.5416666666666666,0.5416666666666666,0.2916666666666666,4.0,44.0,0.9997,0.9504,,2026-10-06T19:48:14.569Z
SF08,3_20260903_160306.510,2026-09-03 16:03:06.510,2026-09-03 16:27:46,0.411,65,ok,,,0.5318,0.4175,0.0507,0.1084,0.5416666666666666,0.2083333333333333,0.2862960219343633,9.0,44.0,1.0,0.9136,,2026-10-06T19:48:20.055Z
SF08,2_20260903_175453.625,2026-09-03 17:54:53.625,2026-09-04 07:33:42,13.647,65,ok,,,0.7341,0.2398,0.0261,0.0981,0.5416666666666666,0.5416666666666666,0.4529327491841384,12.0,44.0,1.0,0.8409,,2026-10-06T19:48:20.742Z
SF08,4_20260904_081205.535,2026-09-04 08:12:05.535,2026-09-04 19:30:31,11.307,65,ok,,,0.2389,0.5939,0.1672,0.2197,0.5416666666666666,0.5416666666666666,0.375,35.0,44.0,0.9983,0.9256,,2026-10-06T19:48:21.715Z
SF08,7_20260904_202056.765,2026-09-04 20:20:56.765,2026-09-05 08:37:14,12.272,65,ok,,,0.7752,0.2081,0.0166,0.074,0.7083333333333333,0.5416666666666666,0.5368944077627956,43.0,44.0,1.0,0.6615,,2026-10-06T19:48:23.590Z
SF08,2_20260905_093534.819,2026-09-05 09:35:34.819,2026-09-05 18:03:42,8.469,65,ok,,,0.3153,0.5813,0.1034,0.151,0.5416666666666666,0.5416666666666666,0.4583333333333333,21.0,44.0,0.9996,0.8613,,2026-10-06T19:48:24.330Z
SF08,2_20260905_185104.563,2026-09-05 18:51:04.563,2026-09-06 06:55:33,12.075,65,ok,,,0.8257,0.171,0.0033,0.0189,0.5416666666666666,0.4583333333333333,0.5852050957201185,28.0,44.0,1.0,0.7881,,2026-10-06T19:48:27.159Z
SF08,6_20260906_075927.555,2026-09-06 07:59:27.555,2026-09-06 19:02:29,11.051,65,ok,,,0.2112,0.651,0.1378,0.1746,0.4583333333333333,0.5416666666666666,0.375,7.0,44.0,0.9992,0.9432,,2026-10-06T19:48:27.820Z
SF08,9_20260906_194333.465,2026-09-06 19:43:33.465,2026-09-07 08:07:57,12.407,65,ok,,,0.7681,0.2092,0.0227,0.0981,0.625,0.375,0.4124915891781222,43.0,36.0,1.0,0.8062,,2026-10-06T19:48:28.998Z
SF08,2_20260907_085534.719,2026-09-07 08:55:34.719,2026-09-07 16:55:47,8.004,65,ok,,,0.1601,0.6855,0.1543,0.1838,0.4583333333333333,0.625,0.375,9.0,44.0,0.9962,0.9401,,2026-10-06T19:48:29.607Z
SF08,2_20260907_175113.385,2026-09-07 17:51:13.385,2026-09-08 06:30:03,12.647,65,ok,,,0.8602,0.1262,0.0136,0.0975,0.5416666666666666,0.4583333333333333,0.5360934599771237,45.0,36.0,0.9998,0.8908,,2026-10-06T19:48:30.269Z
SF08,5_20260908_071754.325,2026-09-08 07:17:54.325,2026-09-08 18:54:15,11.606,65,ok,,,0.1841,0.658,0.1578,0.1934,0.4583333333333333,0.5416666666666666,0.375,23.0,44.0,0.9975,0.9616,,2026-10-06T19:48:30.828Z
SF08,8_20260908_193958.035,2026-09-08 19:39:58.035,2026-09-09 08:17:50,12.631,65,ok,,,0.7835,0.1929,0.0236,0.1088,0.5416666666666666,0.4583333333333333,0.4412920420035916,19.0,37.0,0.9999,0.9333,,2026-10-06T19:48:38.989Z
SF08,2_20260909_090608.006,2026-09-09 09:06:08.006,2026-09-09 17:57:34,8.857,65,ok,,,0.2277,0.6458,0.1265,0.1638,0.4583333333333333,0.625,0.4583333333333333,12.0,44.0,0.9963,0.918,,2026-10-06T19:48:53.135Z
SF08,1_20260909_181543.715,2026-09-09 18:15:43.715,2026-09-09 18:16:52,0.019,65,ok,,,1.0,0.0,0.0,0.0,0.625,0.125,0.1841453313681447,30.0,44.0,,0.0,,2026-10-06T19:48:55.263Z
SF08,3_20260909_185036.554,2026-09-09 18:50:36.554,2026-09-10 07:21:43,12.518,65,ok,,,0.9018,0.0938,0.0044,0.045,0.5416666666666666,0.375,0.5102399692281725,14.0,36.0,1.0,0.8661,,2026-10-06T19:48:57.527Z
SF08,6_20260910_082629.685,2026-09-10 08:26:29.685,2026-09-10 14:41:44,6.254,65,ok,,,0.1551,0.6744,0.1705,0.2018,0.5416666666666666,0.625,0.375,9.0,44.0,1.0,0.937,,2026-10-06T19:49:03.610Z
SF08,2_20260910_210245.604,2026-09-10 21:02:45.604,2026-09-11 08:07:27,11.078,65,ok,,,0.8081,0.1777,0.0142,0.0739,0.625,0.5416666666666666,0.4583333333333333,7.0,44.0,1.0,0.845,,2026-10-06T19:49:07.471Z
SF08,3_20260911_091931.245,2026-09-11 09:19:31.245,2026-09-11 18:23:51,9.072,65,ok,,,0.203,0.6505,0.1465,0.1838,0.5416666666666666,0.625,0.375,21.0,37.0,0.9988,0.8979,,2026-10-06T19:49:08.597Z
SF08,5_20260911_191715.923,2026-09-11 19:17:15.923,2026-09-12 10:27:14,15.166,65,ok,,,0.7272,0.2429,0.0299,0.1098,0.625,0.4583333333333333,0.4263420846774506,40.0,36.0,1.0,0.8507,,2026-10-06T19:49:09.466Z
SF09,0_20260831_190404.508,2026-08-31 19:04:04.508,2026-08-31 19:05:10,0.018,64,ok,,,0.5846,0.4154,0.0,0.0,0.2083333333333333,0.2083333333333333,0.5416666666666666,60.0,50.0,,0.4127,,2026-10-06T19:49:10.307Z
SF09,3_20260831_190834.640,2026-08-31 19:08:34.640,2026-09-01 00:24:57,5.273,64,ok,,,0.9121,0.0845,0.0034,0.0389,0.7083333333333333,0.4583333333333333,0.5973771632645519,21.0,56.0,1.0,0.515,,2026-10-06T19:49:11.254Z
SF09,4_20260901_002514.385,2026-09-01 00:25:14.385,2026-09-01 03:34:28,3.154,64,ok,,,0.7511,0.2237,0.0252,0.1012,0.7083333333333333,0.2916666666666666,0.5299911243780157,22.0,56.0,1.0,0.6408,,2026-10-06T19:49:12.457Z
SF09,5_20260901_054317.203,2026-09-01 05:43:17.203,2026-09-01 05:44:33,0.021,64,ok,,,0.88,0.12,0.0,0.0,0.7916666666666666,0.2916666666666666,0.3335490443415282,4.0,56.0,,0.1429,,2026-10-06T19:49:14.047Z
SF09,1_20260901_075532.964,2026-09-01 07:55:32.964,2026-09-01 12:57:27,5.032,64,ok,,,0.2374,0.6342,0.1284,0.1684,0.4583333333333333,0.625,0.4583333333333333,52.0,52.0,0.9981,0.8581,,2026-10-06T19:49:14.942Z
SF09,2_20260901_125743.131,2026-09-01 12:57:43.131,2026-09-01 17:14:43,4.283,64,ok,,,0.2526,0.5933,0.154,0.2061,0.4583333333333333,0.5416666666666666,0.4583333333333333,52.0,22.0,0.9993,0.8752,,2026-10-06T19:49:15.526Z
SF09,3_20260901_171502.588,2026-09-01 17:15:02.588,2026-09-01 18:21:13,1.103,64,ok,,,0.1615,0.6695,0.169,0.2016,0.375,0.7083333333333333,0.375,52.0,22.0,0.9964,0.9552,,2026-10-06T19:49:16.085Z
SF09,5_20260901_193330.365,2026-09-01 19:33:30.365,2026-09-01 23:22:33,3.818,65,ok,,,0.9969,0.0031,0.0,0.0,0.0945945945945946,0.125,0.3672800517079297,38.0,22.0,0.9998,0.104,,2026-10-06T19:49:16.696Z
SF09,6_20260901_232245.983,2026-09-01 23:22:45.983,2026-09-02 06:25:49,7.051,65,ok,,,0.7899,0.1963,0.0137,0.0655,0.7083333333333333,0.4583333333333333,0.4888201710752258,22.0,22.0,0.9999,0.6447,,2026-10-06T19:49:17.252Z
SF09,7_20260902_062601.722,2026-09-02 06:26:01.722,2026-09-02 07:29:26,1.057,65,ok,,,0.1291,0.7223,0.1486,0.1706,0.375,0.5416666666666666,0.375,27.0,17.0,1.0,0.9589,,2026-10-06T19:49:17.758Z
SF09,10_20260902_083015.335,2026-09-02 08:30:15.335,2026-09-02 16:58:18,8.467,65,ok,,,0.3964,0.5141,0.0895,0.1483,0.625,0.625,0.4583333333333333,52.0,22.0,1.0,0.7001,,2026-10-06T19:49:18.265Z
SF09,11_20260902_165826.634,2026-09-02 16:58:26.634,2026-09-02 18:13:58,1.259,65,ok,,,0.226,0.6018,0.1722,0.2225,0.375,0.625,0.4583333333333333,52.0,22.0,0.9674,0.9293,,2026-10-06T19:49:18.721Z
SF09,15_20260902_190508.575,2026-09-02 19:05:08.575,2026-09-03 00:18:18,5.22,65,ok,,,0.7519,0.2471,0.0011,0.0043,0.5416666666666666,0.4583333333333333,0.4981167085038864,58.0,56.0,0.9999,0.8788,,2026-10-06T19:49:19.252Z
SF09,16_20260903_001828.515,2026-09-03 00:18:28.515,2026-09-03 06:46:39,6.47,65,ok,,,0.8163,0.1638,0.0199,0.1084,0.625,0.5416666666666666,0.4583333333333333,22.0,56.0,1.0,0.725,,2026-10-06T19:49:19.838Z
SF09,2_20260903_075655.297,2026-09-03 07:56:55.297,2026-09-03 16:39:43,8.713,65,ok,,,0.1483,0.7179,0.1338,0.1571,0.375,0.5416666666666666,0.4583333333333333,52.0,22.0,1.0,0.9386,,2026-10-06T19:49:20.422Z
SF09,3_20260903_175840.384,2026-09-03 17:58:40.384,2026-09-04 07:14:21,13.261,65,ok,,,0.7612,0.2222,0.0166,0.0696,0.4583333333333333,0.5416666666666666,0.5416666666666666,22.0,56.0,0.9994,0.9324,,2026-10-06T19:49:21.032Z
SF09,5_20260904_081426.496,2026-09-04 08:14:26.496,2026-09-04 19:32:35,11.302,65,ok,,,0.2766,0.5806,0.1428,0.1974,0.4583333333333333,0.5416666666666666,0.375,52.0,22.0,0.9991,0.9029,,2026-10-06T19:49:21.513Z
SF09,8_20260904_202324.405,2026-09-04 20:23:24.405,2026-09-05 08:38:41,12.255,65,ok,,,0.7818,0.1923,0.0258,0.1184,0.625,0.4583333333333333,0.4340115193050275,22.0,56.0,1.0,0.813,,2026-10-06T19:49:22.148Z
SF09,3_20260905_094705.608,2026-09-05 09:47:05.608,2026-09-05 18:05:04,8.3,65,ok,,,0.2742,0.6277,0.0981,0.1351,0.5416666666666666,0.625,0.4583333333333333,30.0,22.0,0.9919,0.8211,,2026-10-06T19:49:22.707Z
SF09,3_20260905_185422.206,2026-09-05 18:54:22.206,2026-09-06 06:58:58,12.077,65,ok,,,0.8388,0.1537,0.0075,0.0464,0.625,0.5416666666666666,0.5155241641015686,22.0,56.0,1.0,0.81,,2026-10-06T19:49:23.342Z
SF09,7_20260906_080216.656,2026-09-06 08:02:16.656,2026-09-06 19:05:17,11.05,65,ok,,,0.1811,0.6963,0.1226,0.1497,0.4583333333333333,0.625,0.4583333333333333,58.0,56.0,1.0,0.8972,,2026-10-06T19:49:24.210Z
SF09,11_20260906_194634.836,2026-09-06 19:46:34.836,2026-09-07 08:09:20,12.379,65,ok,,,0.777,0.223,0.0,0.0,0.2916666666666666,0.4583333333333333,0.4498448682692,49.0,56.0,0.9997,0.9582,,2026-10-06T19:49:25.310Z
SF09,1_20260907_085726.079,2026-09-07 08:57:26.079,2026-09-07 08:58:32,0.018,65,ok,,,0.8462,0.1538,0.0,0.0,0.625,0.2916666666666666,0.418191962031976,54.0,56.0,0.8537,0.4,,2026-10-06T19:50:03.030Z
SF09,2_20260907_085841.028,2026-09-07 08:58:41.028,2026-09-07 16:57:05,7.974,65,ok,,,0.206,0.6394,0.1546,0.1947,0.4583333333333333,0.5416666666666666,0.375,52.0,56.0,0.9898,0.9343,,2026-10-06T19:50:04.568Z
SF09,3_20260907_175435.676,2026-09-07 17:54:35.676,2026-09-08 06:25:38,12.518,65,ok,,,0.8347,0.1477,0.0176,0.1062,0.5416666666666666,0.375,0.4437168852200441,56.0,56.0,1.0,0.8896,,2026-10-06T19:50:05.178Z
SF09,6_20260908_072057.385,2026-09-08 07:20:57.385,2026-09-08 18:57:24,11.607,65,ok,,,0.2381,0.6971,0.0648,0.0851,0.4583333333333333,0.7083333333333333,0.5416666666666666,52.0,22.0,0.9981,0.8332,,2026-10-06T19:50:05.893Z
SF09,9_20260908_194312.545,2026-09-08 19:43:12.545,2026-09-09 08:19:09,12.599,65,ok,,,0.7706,0.2127,0.0167,0.0728,0.5416666666666666,0.4583333333333333,0.4238714105447712,22.0,56.0,1.0,0.8995,,2026-10-06T19:50:06.554Z
SF09,2_20260909_090835.027,2026-09-09 09:08:35.027,2026-09-09 17:59:04,8.842,65,ok,,,0.3014,0.5809,0.1177,0.1684,0.5416666666666666,0.7083333333333333,0.4583333333333333,52.0,22.0,0.9992,0.7835,,2026-10-06T19:50:10.726Z
SF09,2_20260909_184248.375,2026-09-09 18:42:48.375,2026-09-10 07:20:22,12.626,65,ok,,,0.8437,0.1548,0.0015,0.0099,0.5416666666666666,0.4583333333333333,0.625,52.0,56.0,1.0,0.7994,,2026-10-06T19:50:11.595Z
SF09,6_20260910_082858.156,2026-09-10 08:28:58.156,2026-09-10 14:46:49,6.298,65,ok,,,0.3366,0.536,0.1274,0.1921,0.625,0.625,0.375,52.0,22.0,1.0,0.7654,,2026-10-06T19:50:12.515Z
SF09,15_20260910_204912.017,2026-09-10 20:49:12.017,2026-09-11 08:08:51,11.328,65,ok,,,0.7634,0.2205,0.0161,0.0681,0.625,0.4583333333333333,0.456608007860742,22.0,56.0,1.0,0.8611,,2026-10-06T19:50:13.072Z
SF09,2_20260911_092224.167,2026-09-11 09:22:24.167,2026-09-11 17:35:59,8.227,65,ok,,,0.125,0.7367,0.1382,0.158,0.4583333333333333,0.625,0.4583333333333333,22.0,22.0,1.0,0.9388,,2026-10-06T19:50:13.606Z
SF09,17_20260911_191947.524,2026-09-11 19:19:47.524,2026-09-12 10:28:01,15.137,65,ok,,,0.6718,0.298,0.0302,0.092,0.5416666666666666,0.5416666666666666,0.3955462886898945,56.0,56.0,0.9998,0.931,,2026-10-06T19:50:14.344Z
SF10,1_20260831_191045.259,2026-08-31 19:10:45.259,2026-08-31 19:55:31,0.746,64,ok,,,0.6335,0.3665,0.0,0.0,0.4583333333333333,0.2083333333333333,0.5000858005399738,7.0,19.0,1.0,0.8564,,2026-10-06T19:50:14.955Z
SF10,2_20260831_195630.973,2026-08-31 19:56:30.973,2026-09-01 00:26:51,4.506,64,ok,,,0.798,0.1957,0.0064,0.0314,0.625,0.4583333333333333,0.521802778820986,47.0,22.0,0.9999,0.83,,2026-10-06T19:50:15.563Z
SF10,4_20260901_002730.117,2026-09-01 00:27:30.117,2026-09-01 03:07:22,2.664,64,ok,,,0.844,0.1399,0.0161,0.1029,0.7083333333333333,0.2916666666666666,0.3276174713291555,38.0,17.0,0.9999,0.6777,,2026-10-06T19:50:16.147Z
SF10,1_20260901_080143.036,2026-09-01 08:01:43.036,2026-09-01 12:58:41,4.95,64,ok,,,0.1613,0.6525,0.1862,0.222,0.4583333333333333,0.625,0.4583333333333333,10.0,32.0,0.9827,0.9342,,2026-10-06T19:50:17.506Z
SF10,2_20260901_125856.163,2026-09-01 12:58:56.163,2026-09-01 17:16:05,4.286,64,ok,,,0.1874,0.6195,0.1931,0.2376,0.4583333333333333,0.625,0.4583333333333333,10.0,8.0,0.9991,0.924,,2026-10-06T19:50:21.009Z
SF10,3_20260901_171620.845,2026-09-01 17:16:20.845,2026-09-01 18:21:54,1.093,64,ok,,,0.2492,0.5885,0.1623,0.2161,0.375,0.4583333333333333,0.4583333333333333,43.0,17.0,0.9984,0.9585,,2026-10-06T19:50:21.696Z
SF10,5_20260901_193554.435,2026-09-01 19:35:54.435,2026-09-01 23:39:11,4.055,65,ok,,,0.9601,0.0399,0.0,0.0,0.625,0.2916666666666666,0.0837204251699024,38.0,22.0,0.9999,0.8792,,2026-10-06T19:50:22.281Z
SF10,6_20260901_233920.182,2026-09-01 23:39:20.182,2026-09-02 07:26:28,7.786,65,ok,,,0.6922,0.2853,0.0225,0.0732,0.625,0.4583333333333333,0.4583333333333333,47.0,8.0,0.9999,0.764,,2026-10-06T19:50:22.917Z
SF10,9_20260902_083247.835,2026-09-02 08:32:47.835,2026-09-02 17:00:52,8.468,65,ok,,,0.1935,0.6346,0.1719,0.2131,0.375,0.5416666666666666,0.4583333333333333,10.0,8.0,0.9966,0.9456,,2026-10-06T19:50:23.475Z
SF10,10_20260902_170101.421,2026-09-02 17:01:01.421,2026-09-02 18:15:08,1.235,65,ok,,,0.3161,0.5384,0.1456,0.2128,0.4583333333333333,0.625,0.4583333333333333,10.0,21.0,0.9958,0.9011,,2026-10-06T19:50:24.034Z
SF10,13_20260902_190711.525,2026-09-02 19:07:11.525,2026-09-03 00:25:19,5.302,65,ok,,,0.7868,0.2073,0.0059,0.0278,0.4583333333333333,0.4583333333333333,0.5413457966243724,38.0,29.0,0.9999,0.8931,,2026-10-06T19:50:26.530Z
SF10,14_20260903_002530.902,2026-09-03 00:25:30.902,2026-09-03 05:56:06,5.51,65,ok,,,0.8366,0.1457,0.0176,0.108,0.625,0.4583333333333333,0.4028866923690145,10.0,8.0,0.9999,0.7428,,2026-10-06T19:50:27.166Z
SF10,15_20260903_055614.833,2026-09-03 05:56:14.833,2026-09-03 06:47:59,0.862,65,ok,,,0.8076,0.1924,0.0,0.0,0.375,0.1153846153846153,0.3765564422373609,11.0,16.0,1.0,0.2047,,2026-10-06T19:50:28.009Z
SF10,2_20260903_075920.109,2026-09-03 07:59:20.109,2026-09-03 16:53:08,8.897,65,ok,,,0.2453,0.5827,0.172,0.2279,0.4583333333333333,0.5416666666666666,0.4583333333333333,38.0,32.0,0.9995,0.9124,,2026-10-06T19:50:28.748Z
SF10,1_20260903_180043.639,2026-09-03 18:00:43.639,2026-09-03 18:02:14,0.025,65,ok,,,0.6292,0.2022,0.1685,0.4545,0.2916666666666666,0.375,0.5416666666666666,26.0,8.0,,0.4189,,2026-10-06T19:50:29.255Z
SF10,2_20260903_180222.843,2026-09-03 18:02:22.843,2026-09-04 07:23:58,13.36,65,ok,,,0.7153,0.2576,0.0272,0.0954,0.4583333333333333,0.5416666666666666,0.5250465450922293,38.0,8.0,0.9997,0.9312,,2026-10-06T19:50:29.788Z
SF10,5_20260904_081730.895,2026-09-04 08:17:30.895,2026-09-04 19:34:41,11.286,65,ok,,,0.2585,0.6219,0.1196,0.1613,0.4583333333333333,0.5416666666666666,0.4583333333333333,38.0,8.0,0.9982,0.9161,,2026-10-06T19:50:30.218Z
SF10,9_20260904_202620.386,2026-09-04 20:26:20.386,2026-09-05 06:56:34,10.504,65,ok,,,0.8074,0.1768,0.0158,0.0822,0.625,0.5416666666666666,0.5416666666666666,10.0,8.0,1.0,0.8495,,2026-10-06T19:50:30.646Z
SF10,7_20260905_093927.479,2026-09-05 09:39:27.479,2026-09-05 18:06:44,8.455,65,ok,,,0.1945,0.6494,0.1561,0.1938,0.4583333333333333,0.5416666666666666,0.4583333333333333,38.0,32.0,0.9978,0.9303,,2026-10-06T19:50:31.051Z
SF10,2_20260905_185709.365,2026-09-05 18:57:09.365,2026-09-06 04:02:07,9.083,65,ok,,,0.8276,0.155,0.0174,0.1009,0.5416666666666666,0.4583333333333333,0.4332632132121659,23.0,8.0,0.9998,0.9371,,2026-10-06T19:50:31.428Z
SF10,3_20260906_055804.599,2026-09-06 05:58:04.599,2026-09-06 07:00:21,1.038,65,ok,,,0.2865,0.6988,0.0147,0.0206,0.4583333333333333,0.625,0.7083333333333333,38.0,16.0,0.993,0.9049,,2026-10-06T19:50:31.781Z
SF10,6_20260906_080449.175,2026-09-06 08:04:49.175,2026-09-06 19:06:51,11.034,65,ok,,,0.1445,0.7178,0.1377,0.1609,0.375,0.625,0.4583333333333333,38.0,8.0,0.9655,0.9678,,2026-10-06T19:50:32.132Z
SF10,9_20260906_194921.983,2026-09-06 19:49:21.983,2026-09-07 08:12:27,12.385,65,ok,,,0.7645,0.2105,0.025,0.1062,0.5416666666666666,0.375,0.4283300237359108,38.0,8.0,1.0,0.8947,,2026-10-06T19:50:32.717Z
SF10,4_20260907_090135.869,2026-09-07 09:01:35.869,2026-09-07 16:59:56,7.972,65,ok,,,0.1938,0.6684,0.1378,0.1709,0.4583333333333333,0.4583333333333333,0.4583333333333333,38.0,8.0,0.999,0.9598,,2026-10-06T19:50:33.147Z
SF10,5_20260907_175744.885,2026-09-07 17:57:44.885,2026-09-08 06:26:57,12.487,65,ok,,,0.7875,0.1913,0.0211,0.0995,0.4583333333333333,0.4583333333333333,0.4583333333333333,38.0,8.0,0.9999,0.9161,,2026-10-06T19:50:33.577Z
SF10,8_20260908_072352.245,2026-09-08 07:23:52.245,2026-09-08 18:58:43,11.581,65,ok,,,0.1893,0.6651,0.1456,0.1796,0.4583333333333333,0.5416666666666666,0.4583333333333333,10.0,8.0,0.9992,0.9229,,2026-10-06T19:50:34.186Z
SF10,12_20260908_194550.363,2026-09-08 19:45:50.363,2026-09-09 08:20:32,12.578,65,ok,,,0.7663,0.2176,0.0162,0.0693,0.625,0.4583333333333333,0.4583333333333333,43.0,8.0,1.0,0.8885,,2026-10-06T19:50:35.030Z
SF10,2_20260909_091105.736,2026-09-09 09:11:05.736,2026-09-09 18:00:31,8.824,65,ok,,,0.1318,0.7076,0.1606,0.1849,0.375,0.625,0.4583333333333333,38.0,8.0,0.9866,0.9632,,2026-10-06T19:50:35.615Z
SF10,2_20260909_184517.395,2026-09-09 18:45:17.395,2026-09-10 07:18:47,12.558,65,ok,,,0.8393,0.1526,0.0081,0.0506,0.4583333333333333,0.4583333333333333,0.5416666666666666,47.0,8.0,0.9999,0.9443,,2026-10-06T19:50:36.146Z
SF10,4_20260910_083040.133,2026-09-10 08:30:40.133,2026-09-10 08:31:45,0.018,65,ok,,,1.0,0.0,0.0,0.0,0.7083333333333333,0.4230769230769231,0.5301899291417755,34.0,8.0,0.9692,,,2026-10-06T19:50:36.680Z
SF10,5_20260910_083157.853,2026-09-10 08:31:57.853,2026-09-10 14:50:58,6.317,65,ok,,,0.134,0.7401,0.1259,0.1454,0.375,0.5416666666666666,0.4583333333333333,47.0,17.0,0.9829,0.951,,2026-10-06T19:50:37.136Z
SF10,9_20260910_205611.775,2026-09-10 20:56:11.775,2026-09-11 08:14:51,11.311,65,ok,,,0.7775,0.2043,0.0182,0.0819,0.4583333333333333,0.4583333333333333,0.4583333333333333,38.0,17.0,0.9996,0.9686,,2026-10-06T19:50:37.564Z
SF10,2_20260911_092441.104,2026-09-11 09:24:41.104,2026-09-11 18:25:50,9.019,65,ok,,,0.2191,0.6469,0.1339,0.1715,0.4583333333333333,0.625,0.4583333333333333,43.0,8.0,0.9996,0.8882,,2026-10-06T19:50:38.097Z
SF10,11_20260911_192207.153,2026-09-11 19:22:07.153,2026-09-12 09:55:19,14.553,65,ok,,,0.7207,0.2528,0.0265,0.0949,0.625,0.4583333333333333,0.4433176893758626,38.0,22.0,0.9999,0.8414,,2026-10-06T19:50:38.631Z
SF11,1_20260831_191341.611,2026-08-31 19:13:41.611,2026-09-01 00:28:51,5.253,64,ok,,,0.8585,0.1343,0.0071,0.0505,0.625,0.4583333333333333,0.3999146869262492,12.0,37.0,1.0,0.6877,,2026-10-06T19:50:39.319Z
SF11,2_20260901_002906.850,2026-09-01 00:29:06.850,2026-09-01 03:21:53,2.88,64,ok,,,0.6879,0.2541,0.058,0.1858,0.5416666666666666,0.2916666666666666,0.3315523997702216,12.0,37.0,0.9998,0.8533,,2026-10-06T19:50:39.955Z
SF11,2_20260901_075919.035,2026-09-01 07:59:19.035,2026-09-01 13:03:38,5.072,64,ok,,,0.3585,0.5082,0.1333,0.2077,0.625,0.625,0.4583333333333333,12.0,35.0,1.0,0.7736,,2026-10-06T19:50:40.461Z
SF11,3_20260901_130404.084,2026-09-01 13:04:04.084,2026-09-01 17:17:38,4.226,64,ok,,,0.3498,0.4958,0.1544,0.2375,0.5416666666666666,0.5416666666666666,0.4583333333333333,12.0,37.0,1.0,0.828,,2026-10-06T19:50:40.996Z
SF11,4_20260901_171752.763,2026-09-01 17:17:52.763,2026-09-01 18:22:41,1.08,64,ok,,,0.353,0.5601,0.087,0.1344,0.5416666666666666,0.625,0.5416666666666666,9.0,35.0,1.0,0.7872,,2026-10-06T19:50:41.347Z
SF11,7_20260901_193749.076,2026-09-01 19:37:49.076,2026-09-01 23:24:39,3.781,65,ok,,,0.9992,0.0008,0.0,0.0,0.8055555555555555,0.125,0.1274172660418424,16.0,18.0,0.9999,0.035,,2026-10-06T19:50:41.725Z
SF11,8_20260901_232454.815,2026-09-01 23:24:54.815,2026-09-02 06:34:47,7.165,65,ok,,,0.6846,0.2832,0.0323,0.1023,0.625,0.5416666666666666,0.4561292092277635,42.0,35.0,0.9999,0.7629,,2026-10-06T19:50:42.077Z
SF11,9_20260902_063458.913,2026-09-02 06:34:58.913,2026-09-02 07:27:36,0.877,65,ok,,,0.3115,0.5941,0.0944,0.1371,0.625,0.375,0.4583333333333333,21.0,35.0,1.0,0.7587,,2026-10-06T19:50:42.532Z
SF11,12_20260902_083534.755,2026-09-02 08:35:34.755,2026-09-02 17:04:30,8.482,65,ok,,,0.4076,0.4868,0.1055,0.1781,0.5416666666666666,0.5416666666666666,0.4583333333333333,28.0,35.0,1.0,0.7379,,2026-10-06T19:50:43.170Z
SF11,13_20260902_170443.451,2026-09-02 17:04:43.451,2026-09-02 18:14:18,1.16,65,ok,,,0.4617,0.4159,0.1224,0.2274,0.625,0.4583333333333333,0.375,58.0,28.0,1.0,0.7188,,2026-10-06T19:50:43.754Z
SF11,17_20260902_190852.526,2026-09-02 19:08:52.526,2026-09-03 05:53:38,10.746,65,ok,,,0.8829,0.1114,0.0056,0.0481,0.7083333333333333,0.4583333333333333,0.4226278780033184,12.0,46.0,1.0,0.6147,,2026-10-06T19:50:44.313Z
SF11,18_20260903_055348.084,2026-09-03 05:53:48.084,2026-09-03 06:53:38,0.997,65,ok,,,0.4455,0.4937,0.0607,0.1095,0.7083333333333333,0.5416666666666666,0.4583333333333333,7.0,35.0,0.9989,0.7865,,2026-10-06T19:50:45.000Z
SF11,3_20260903_080159.850,2026-09-03 08:01:59.850,2026-09-03 15:54:52,7.881,65,ok,,,0.2902,0.5661,0.1437,0.2025,0.4583333333333333,0.5416666666666666,0.4583333333333333,43.0,37.0,0.9994,0.8342,,2026-10-06T19:50:45.637Z
SF11,4_20260903_155503.475,2026-09-03 15:55:03.475,2026-09-03 16:05:42,0.177,65,ok,,,0.1523,0.5149,0.3328,0.3926,0.4583333333333333,0.625,0.375,43.0,40.0,,0.8576,,2026-10-06T19:50:55.574Z
SF11,3_20260903_180527.746,2026-09-03 18:05:27.746,2026-09-03 18:06:50,0.023,65,ok,,,0.358,0.1358,0.5062,0.7885,0.5416666666666666,0.125,0.375,2.0,12.0,,0.6456,,2026-10-06T19:50:56.778Z
SF11,4_20260903_180700.416,2026-09-03 18:07:00.416,2026-09-04 07:56:58,13.833,65,ok,,,0.7719,0.2007,0.0274,0.1202,0.5416666666666666,0.5416666666666666,0.4574186624138804,12.0,35.0,0.9999,0.8223,,2026-10-06T19:50:57.543Z
SF11,7_20260904_082050.456,2026-09-04 08:20:50.456,2026-09-04 13:41:26,5.343,65,ok,,,0.1908,0.659,0.1502,0.1856,0.4583333333333333,0.5416666666666666,0.375,21.0,35.0,0.9974,0.9494,,2026-10-06T19:51:00.142Z
SF11,9_20260904_135650.425,2026-09-04 13:56:50.425,2026-09-04 19:38:11,5.689,65,ok,,,0.3507,0.5319,0.1173,0.1807,0.4583333333333333,0.5416666666666666,0.4583333333333333,12.0,37.0,0.9995,0.9279,,2026-10-06T19:51:01.658Z
SF11,12_20260904_202856.246,2026-09-04 20:28:56.246,2026-09-05 08:42:45,12.23,65,ok,,,0.6908,0.2679,0.0413,0.1336,0.5416666666666666,0.5416666666666666,0.4583333333333333,14.0,4.0,1.0,0.8491,,2026-10-06T19:51:02.423Z
SF11,3_20260905_094205.930,2026-09-05 09:42:05.930,2026-09-05 15:02:10,5.335,65,ok,,,0.2231,0.6282,0.1487,0.1914,0.4583333333333333,0.4583333333333333,0.4583333333333333,40.0,38.0,0.9994,0.9005,,2026-10-06T19:51:03.110Z
SF11,7_20260905_151133.499,2026-09-05 15:11:33.499,2026-09-05 18:08:21,2.947,65,,,,0.3179,0.5308,0.1513,0.2218,0.5416666666666666,0.5416666666666666,0.375,7.0,37.0,0.9993,0.8342,,
SF11,2_20260905_185931.246,2026-09-05 18:59:31.246,2026-09-06 07:01:56,12.04,65,ok,,,0.7953,0.1863,0.0184,0.09,0.5416666666666666,0.5416666666666666,0.4006537991134254,10.0,35.0,0.9993,0.8137,,2026-10-06T19:51:04.684Z
SF11,5_20260906_080735.254,2026-09-06 08:07:35.254,2026-09-06 12:32:32,4.416,65,ok,,,0.2415,0.6295,0.129,0.17,0.5416666666666666,0.5416666666666666,0.4583333333333333,14.0,53.0,1.0,0.8094,,2026-10-06T19:51:05.450Z
SF11,6_20260906_132454.539,2026-09-06 13:24:54.539,2026-09-06 13:31:15,0.106,65,noise,,,1.0,0.0,0.0,0.0,0.59375,0.125,0.0517715994674814,57.0,56.0,0.9941,0.0,,2026-10-06T19:51:25.225Z
SF11,9_20260906_133337.885,2026-09-06 13:33:37.885,2026-09-06 19:03:52,5.504,65,ok,,,0.28,0.6393,0.0807,0.1121,0.4583333333333333,0.7083333333333333,0.5416666666666666,9.0,53.0,0.9822,0.8137,,2026-10-06T19:51:28.958Z
SF11,12_20260906_195111.187,2026-09-06 19:51:11.187,2026-09-06 19:52:22,0.02,65,ok,,,0.7286,0.2714,0.0,0.0,0.375,0.125,0.2541645191325599,22.0,23.0,,0.4,,2026-10-06T19:51:31.998Z
SF11,13_20260906_195234.827,2026-09-06 19:52:34.827,2026-09-07 08:12:41,12.335,65,,,valid_until 2026-09-07 06:10:00;not_scored,,,,,,,,,,,,SystemExit: 13_20260906_195234.827: IMU has frozen / invalid / NaN samples - excluded time is not supported yet (see docstring),
SF12,2_20260831_191613.417,2026-08-31 19:16:13.417,2026-09-01 00:30:37,5.24,64,ok,,,0.8262,0.1738,0.0,0.0,0.7916666666666666,0.5416666666666666,0.4131074822178078,43.0,44.0,0.9999,0.5596,,2026-10-06T19:51:34.657Z
SF12,3_20260901_003050.862,2026-09-01 00:30:50.862,2026-09-01 04:57:36,4.446,64,ok,,,0.5439,0.4184,0.0377,0.0826,0.625,0.625,0.4877220564821753,43.0,44.0,1.0,0.8389,,2026-10-06T19:51:35.370Z
SF12,4_20260901_054714.722,2026-09-01 05:47:14.722,2026-09-01 05:49:04,0.031,64,noise,,,0.7315,0.2685,0.0,0.0,0.2916666666666666,0.125,0.2304650943658648,59.0,33.0,,0.3103,,2026-10-06T19:51:38.435Z
SF12,0_20260901_080334.683,2026-09-01 08:03:34.683,2026-09-01 13:12:09,5.143,64,ok,,,0.2948,0.5907,0.1145,0.1624,0.625,0.5416666666666666,0.5416666666666666,43.0,44.0,0.9996,0.8497,,2026-10-06T19:51:42.636Z
SF12,1_20260901_131223.398,2026-09-01 13:12:23.398,2026-09-01 17:19:07,4.112,64,ok,,,0.2566,0.5621,0.1813,0.2439,0.625,0.5416666666666666,0.375,43.0,44.0,1.0,0.8736,,2026-10-06T19:51:43.297Z
SF12,2_20260901_171924.960,2026-09-01 17:19:24.960,2026-09-01 18:23:37,1.07,64,ok,,,0.3433,0.489,0.1677,0.2554,0.5416666666666666,0.4583333333333333,0.375,43.0,54.0,1.0,0.9591,,2026-10-06T19:51:43.779Z
SF12,4_20260901_194535.925,2026-09-01 19:45:35.925,2026-09-01 19:46:42,0.018,65,ok,,,0.4308,0.5692,0.0,0.0,0.625,0.2083333333333333,0.1953252375931704,33.0,31.0,,0.6792,,2026-10-06T19:51:44.234Z
SF12,6_20260901_195621.144,2026-09-01 19:56:21.144,2026-09-01 23:26:36,3.504,65,ok,,,0.813,0.1803,0.0067,0.036,0.625,0.375,0.4232454436317395,12.0,44.0,0.9999,0.8829,,2026-10-06T19:51:45.412Z
SF12,7_20260901_232651.122,2026-09-01 23:26:51.122,2026-09-02 06:30:18,7.058,65,ok,,,0.6543,0.2988,0.0469,0.1356,0.7083333333333333,0.5416666666666666,0.4490548922876295,43.0,44.0,1.0,0.7684,,2026-10-06T19:51:45.920Z
SF12,8_20260902_063032.282,2026-09-02 06:30:32.282,2026-09-02 07:37:24,1.115,65,ok,,,0.3555,0.5393,0.1052,0.1632,0.625,0.375,0.4583333333333333,43.0,50.0,0.9978,0.8102,,2026-10-06T19:51:46.427Z
SF12,11_20260902_083748.804,2026-09-02 08:37:48.804,2026-09-02 18:20:58,9.719,65,ok,,,0.2844,0.5809,0.1347,0.1882,0.5416666666666666,0.5416666666666666,0.4583333333333333,43.0,44.0,0.9987,0.9076,,2026-10-06T19:51:46.960Z
SF12,14_20260902_191103.245,2026-09-02 19:11:03.245,2026-09-03 00:22:17,5.187,65,,,not_scored,,,,,,,,,,,,SystemExit: 14_20260902_191103.245: IMU has frozen / invalid / NaN samples - excluded time is not supported yet (see docstring),
SF12,15_20260903_002228.142,2026-09-03 00:22:28.142,2026-09-03 06:51:40,6.487,65,ok,,,0.7365,0.2303,0.0332,0.126,0.7083333333333333,0.5416666666666666,0.4279485642264529,12.0,44.0,1.0,0.7854,,2026-10-06T19:51:49.465Z
SF12,3_20260903_080924.473,2026-09-03 08:09:24.473,2026-09-03 16:55:27,8.768,65,ok,,,0.2264,0.5929,0.1808,0.2336,0.5416666666666666,0.5416666666666666,0.4583333333333333,31.0,44.0,0.9994,0.8907,,2026-10-06T19:51:49.893Z
SF12,3_20260903_180935.835,2026-09-03 18:09:35.835,2026-09-04 06:59:36,12.833,65,ok,,,0.7359,0.2506,0.0135,0.051,0.5416666666666666,0.5416666666666666,0.5347893851836658,43.0,44.0,0.9997,0.9093,,2026-10-06T19:51:50.788Z
SF12,5_20260904_082836.973,2026-09-04 08:28:36.973,2026-09-04 19:39:51,11.187,65,ok,,,0.2752,0.6044,0.1204,0.1661,0.5416666666666666,0.5416666666666666,0.4583333333333333,33.0,44.0,0.998,0.9105,,2026-10-06T19:51:51.398Z
SF12,8_20260904_203130.725,2026-09-04 20:31:30.725,2026-09-05 08:34:14,12.046,65,ok,,,0.6895,0.2753,0.0352,0.1133,0.625,0.5416666666666666,0.4339850304376514,12.0,44.0,0.9993,0.8922,,2026-10-06T19:51:52.138Z
SF12,1_20260905_094345.171,2026-09-05 09:43:45.171,2026-09-05 09:44:45,0.017,65,ok,,,0.6271,0.3729,0.0,0.0,0.7083333333333333,0.2083333333333333,0.2587437506000387,12.0,59.0,,0.3621,,2026-10-06T19:51:53.058Z
SF12,2_20260905_094454.579,2026-09-05 09:44:54.579,2026-09-05 18:01:55,8.284,65,ok,,,0.1589,0.6865,0.1546,0.1838,0.4583333333333333,0.5416666666666666,0.4583333333333333,31.0,44.0,0.998,0.9578,,2026-10-06T19:51:54.056Z
SF12,3_20260905_190131.729,2026-09-05 19:01:31.729,2026-09-05 19:02:33,0.017,65,ok,,,0.75,0.25,0.0,0.0,0.7083333333333333,0.375,0.2966960033762585,30.0,55.0,,0.3256,,2026-10-06T19:51:54.641Z
SF12,4_20260905_190240.835,2026-09-05 19:02:40.835,2026-09-06 06:56:58,11.905,65,ok,,,0.7663,0.2174,0.0163,0.0696,0.625,0.4583333333333333,0.436469245803762,12.0,44.0,1.0,0.8869,,2026-10-06T19:51:55.225Z
SF12,7_20260906_080951.055,2026-09-06 08:09:51.055,2026-09-06 19:09:33,10.995,65,ok,,,0.1337,0.7387,0.1276,0.1473,0.4583333333333333,0.625,0.4583333333333333,43.0,34.0,0.9836,0.9642,,2026-10-06T19:51:55.731Z
SF12,10_20260906_195502.355,2026-09-06 19:55:02.355,2026-09-07 08:14:08,12.318,65,ok,,,0.6778,0.2987,0.0235,0.073,0.5416666666666666,0.4583333333333333,0.5348957440970095,12.0,44.0,0.9997,0.9324,,2026-10-06T19:51:56.187Z
SF12,1_20260907_090326.668,2026-09-07 09:03:26.668,2026-09-07 09:04:29,0.018,65,noise,,,0.4516,0.5484,0.0,0.0,0.5416666666666666,0.4583333333333333,0.2181207743996877,61.0,36.0,,0.6111,,2026-10-06T19:52:00.423Z
SF12,2_20260907_090439.409,2026-09-07 09:04:39.409,2026-09-07 17:01:37,7.949,65,ok,,,0.2125,0.6422,0.1453,0.1845,0.5416666666666666,0.5416666666666666,0.4583333333333333,43.0,44.0,0.9996,0.9166,,2026-10-06T19:52:02.659Z
SF12,2_20260907_180003.285,2026-09-07 18:00:03.285,2026-09-08 06:28:36,12.476,65,noise,,SF12_shank1_degraded,0.781,0.219,0.0,0.0,0.2083333333333333,0.4583333333333333,0.2869460275076139,59.0,44.0,0.9999,0.9528,,2026-10-06T19:52:17.767Z
SF12,5_20260908_072624.615,2026-09-08 07:26:24.615,2026-09-08 19:00:35,11.57,65,ok,,SF12_shank1_degraded,0.184,0.6722,0.1437,0.1762,0.5416666666666666,0.625,0.4583333333333333,43.0,44.0,0.9978,0.9201,,2026-10-06T19:52:20.029Z
SF12,8_20260908_194824.915,2026-09-08 19:48:24.915,2026-09-09 08:22:00,12.56,65,ok,,SF12_shank1_degraded,0.7774,0.1954,0.0272,0.1223,0.625,0.375,0.4333670557123152,12.0,35.0,1.0,0.8609,,2026-10-06T19:52:21.930Z
SF12,2_20260909_091353.804,2026-09-09 09:13:53.804,2026-09-09 18:01:55,8.8,65,ok,,SF12_shank1_degraded,0.2299,0.6562,0.1139,0.1479,0.5416666666666666,0.625,0.4583333333333333,43.0,44.0,0.9976,0.8777,,2026-10-06T19:52:23.522Z
SF12,2_20260909_184027.605,2026-09-09 18:40:27.605,2026-09-09 18:46:33,0.102,65,ok,,SF12_shank1_degraded,0.6521,0.3479,0.0,0.0,0.375,0.2916666666666666,0.5262558786333702,10.0,1.0,0.6393,,,2026-10-06T19:52:25.813Z
SF12,4_20260909_184750.985,2026-09-09 18:47:50.985,2026-09-10 07:43:02,12.92,65,ok,,SF12_shank1_degraded,0.8337,0.1558,0.0106,0.0636,0.5416666666666666,0.375,0.5086181701690854,12.0,44.0,1.0,0.8522,,2026-10-06T19:52:50.770Z
SF12,8_20260910_083507.425,2026-09-10 08:35:07.425,2026-09-10 14:53:45,6.311,65,ok,,SF12_shank1_degraded,0.1712,0.6632,0.1655,0.1997,0.5416666666666666,0.5416666666666666,0.375,43.0,44.0,0.9993,0.9217,,2026-10-06T19:52:28.737Z
SF12,15_20260910_210518.445,2026-09-10 21:05:18.445,2026-09-11 08:24:10,11.315,65,noise,,SF12_shank1_degraded;SF12_contact_failing,0.7981,0.1888,0.0131,0.0648,0.4583333333333333,0.5416666666666666,0.4825499245069338,64.0,36.0,0.9994,0.8749,,2026-10-06T19:52:34.565Z
SF12,0_20260911_093859.455,2026-09-11 09:38:59.455,2026-09-11 09:40:13,0.021,65,ok,,SF12_shank1_degraded;SF12_contact_failing,0.863,0.137,0.0,0.0,0.2916666666666666,0.2916666666666666,0.4583333333333333,42.0,51.0,0.9394,1.0,,2026-10-06T19:52:37.239Z
SF12,2_20260911_094554.396,2026-09-11 09:45:54.396,2026-09-11 09:47:35,0.028,65,noise,,SF12_shank1_degraded;SF12_contact_failing,1.0,0.0,0.0,0.0,0.625,0.2083333333333333,0.3161845631643157,42.0,27.0,,0.0,,2026-10-06T19:52:39.505Z
SF12,17_20260911_192428.023,2026-09-11 19:24:28.023,2026-09-12 09:55:04,14.51,65,noise,,SF12_shank1_degraded;SF12_contact_failing;valid_until 2026-09-11 23:30:00,0.8631,0.1363,0.0005,0.0038,0.2368421052631578,0.5416666666666666,0.54,52.0,56.0,0.999,0.3523,,2026-10-06T19:52:42.162Z
