written_utc,animal,session,firmware,window_s,probe,xml,perm,sp_adj,sp_within,sp_between,sp_contrast,sp_rows,lfp_adj,lfp_within,lfp_between,lfp_contrast,hp_adj,hp_within,hp_between,hp_contrast,dead_cols
2026-09-03T05:32:11+00:00,SF07,2_20260901_002100.939,64,120.0,A4x16-Lin-5mm-50s-300,A4x16-Lin-5mm-50s-300.xml,identity,1.61,1.53,1.47,0.14,38,0.976,0.963,0.933,0.044,0.207,0.194,0.159,0.048,
2026-09-03T05:32:11+00:00,SF07,2_20260901_002100.939,64,120.0,A4x16-Lin-5mm-50s-300,A4x16-Lin-5mm-50s-300_reversed.xml,identity,1.52,1.55,1.47,0.05,38,0.968,0.964,0.933,0.035,0.198,0.195,0.159,0.038,
2026-09-03T05:32:11+00:00,SF07,2_20260901_002100.939,64,120.0,A4x16-Lin-5mm-50s-300,A4x16-Lin-5mm-50s-300.xml,v57fix,1.6,1.53,1.47,0.13,38,0.982,0.963,0.933,0.05,0.221,0.193,0.159,0.062,
2026-09-03T05:32:11+00:00,SF07,2_20260901_002100.939,64,120.0,A4x16-Lin-5mm-50s-300,A4x16-Lin-5mm-50s-300_reversed.xml,v57fix,1.53,1.54,1.47,0.06,38,0.966,0.965,0.933,0.033,0.195,0.197,0.159,0.036,
2026-09-03T05:32:11+00:00,SF07,2_20260901_002100.939,64,120.0,A4x16-Lin-5mm-50s-300,A4x16-Lin-5mm-50s-300.xml,v57inv,1.6,1.53,1.47,0.13,38,0.978,0.962,0.933,0.045,0.211,0.191,0.16,0.051,
2026-09-03T05:32:11+00:00,SF07,2_20260901_002100.939,64,120.0,A4x16-Lin-5mm-50s-300,A4x16-Lin-5mm-50s-300_reversed.xml,v57inv,1.52,1.55,1.47,0.05,38,0.964,0.964,0.933,0.032,0.198,0.193,0.16,0.038,
2026-09-03T05:32:11+00:00,SF07,2_20260901_002100.939,64,120.0,A4x16-Lin-5mm-50s-300,A4x16-Lin-5mm-50s-300.xml,wildmap,1.57,1.5,1.48,0.08,38,0.967,0.961,0.934,0.034,0.184,0.181,0.164,0.02,
2026-09-03T05:32:11+00:00,SF07,2_20260901_002100.939,64,120.0,A4x16-Lin-5mm-50s-300,A4x16-Lin-5mm-50s-300_reversed.xml,wildmap,1.49,1.51,1.48,0.01,38,0.957,0.962,0.934,0.023,0.178,0.182,0.164,0.014,
2026-09-03T05:32:11+00:00,SF07,2_20260901_002100.939,64,120.0,A4x16-Lin-5mm-50s-300,A4x16-Lin-5mm-50s-300.xml,wildmap_inv,1.48,1.52,1.48,0.0,38,0.959,0.961,0.934,0.025,0.175,0.178,0.165,0.01,
2026-09-03T05:32:11+00:00,SF07,2_20260901_002100.939,64,120.0,A4x16-Lin-5mm-50s-300,A4x16-Lin-5mm-50s-300_reversed.xml,wildmap_inv,1.56,1.5,1.48,0.08,38,0.97,0.96,0.934,0.036,0.177,0.178,0.165,0.012,
2026-09-03T05:32:11+00:00,SF07,2_20260901_002100.939,64,120.0,A4x16-Lin-5mm-50s-300,A4x16-Lin-5mm-50s-300.xml,wildmap+v57fix,1.55,1.5,1.48,0.07,38,0.965,0.961,0.934,0.032,0.187,0.18,0.164,0.023,
2026-09-03T05:32:11+00:00,SF07,2_20260901_002100.939,64,120.0,A4x16-Lin-5mm-50s-300,A4x16-Lin-5mm-50s-300_reversed.xml,wildmap+v57fix,1.5,1.51,1.48,0.02,38,0.959,0.962,0.934,0.025,0.179,0.182,0.164,0.015,
2026-09-03T05:32:11+00:00,SF07,2_20260901_002100.939,64,120.0,A4x16-Lin-5mm-50s-300,A4x16-Lin-5mm-50s-300.xml,wildmap_inv+v57fix,1.49,1.51,1.48,0.01,38,0.956,0.961,0.934,0.022,0.176,0.178,0.165,0.012,
2026-09-03T05:32:11+00:00,SF07,2_20260901_002100.939,64,120.0,A4x16-Lin-5mm-50s-300,A4x16-Lin-5mm-50s-300_reversed.xml,wildmap_inv+v57fix,1.53,1.51,1.48,0.05,38,0.966,0.96,0.934,0.032,0.174,0.179,0.165,0.009,
2026-09-03T05:33:17+00:00,SF07,10_20260901_234332.691,65,120.0,A4x16-Lin-5mm-50s-300,A4x16-Lin-5mm-50s-300.xml,identity,1.76,1.72,1.47,0.29,11,0.981,0.973,0.955,0.026,0.727,0.72,0.705,0.022,
2026-09-03T05:33:17+00:00,SF07,10_20260901_234332.691,65,120.0,A4x16-Lin-5mm-50s-300,A4x16-Lin-5mm-50s-300_reversed.xml,identity,1.57,1.75,1.47,0.1,11,0.976,0.974,0.955,0.021,0.721,0.72,0.705,0.016,
2026-09-03T05:33:17+00:00,SF07,10_20260901_234332.691,65,120.0,A4x16-Lin-5mm-50s-300,A4x16-Lin-5mm-50s-300.xml,v57fix,1.76,1.72,1.47,0.29,11,0.985,0.973,0.955,0.03,0.733,0.719,0.705,0.028,
2026-09-03T05:33:17+00:00,SF07,10_20260901_234332.691,65,120.0,A4x16-Lin-5mm-50s-300,A4x16-Lin-5mm-50s-300_reversed.xml,v57fix,1.57,1.75,1.47,0.1,11,0.974,0.974,0.955,0.019,0.719,0.721,0.705,0.014,
2026-09-03T05:33:17+00:00,SF07,10_20260901_234332.691,65,120.0,A4x16-Lin-5mm-50s-300,A4x16-Lin-5mm-50s-300.xml,v57inv,1.76,1.72,1.47,0.29,11,0.982,0.973,0.955,0.027,0.729,0.719,0.705,0.024,
2026-09-03T05:33:17+00:00,SF07,10_20260901_234332.691,65,120.0,A4x16-Lin-5mm-50s-300,A4x16-Lin-5mm-50s-300_reversed.xml,v57inv,1.57,1.75,1.47,0.1,11,0.974,0.974,0.955,0.019,0.721,0.72,0.705,0.016,
2026-09-03T05:33:17+00:00,SF07,10_20260901_234332.691,65,120.0,A4x16-Lin-5mm-50s-300,A4x16-Lin-5mm-50s-300.xml,wildmap,2.36,1.59,1.65,0.71,11,0.976,0.97,0.956,0.02,0.718,0.718,0.706,0.012,
2026-09-03T05:33:17+00:00,SF07,10_20260901_234332.691,65,120.0,A4x16-Lin-5mm-50s-300,A4x16-Lin-5mm-50s-300_reversed.xml,wildmap,1.5,1.77,1.65,-0.15,11,0.969,0.971,0.956,0.013,0.715,0.718,0.706,0.009,
2026-09-03T05:33:17+00:00,SF07,10_20260901_234332.691,65,120.0,A4x16-Lin-5mm-50s-300,A4x16-Lin-5mm-50s-300.xml,wildmap_inv,1.57,1.85,1.59,-0.02,11,0.969,0.971,0.956,0.012,0.713,0.713,0.708,0.006,
2026-09-03T05:33:17+00:00,SF07,10_20260901_234332.691,65,120.0,A4x16-Lin-5mm-50s-300,A4x16-Lin-5mm-50s-300_reversed.xml,wildmap_inv,2.33,1.76,1.59,0.74,11,0.975,0.97,0.956,0.019,0.713,0.713,0.708,0.006,
2026-09-03T05:33:17+00:00,SF07,10_20260901_234332.691,65,120.0,A4x16-Lin-5mm-50s-300,A4x16-Lin-5mm-50s-300.xml,wildmap+v57fix,2.36,1.59,1.65,0.71,11,0.974,0.971,0.956,0.018,0.72,0.717,0.706,0.014,
2026-09-03T05:33:17+00:00,SF07,10_20260901_234332.691,65,120.0,A4x16-Lin-5mm-50s-300,A4x16-Lin-5mm-50s-300_reversed.xml,wildmap+v57fix,1.5,1.77,1.65,-0.15,11,0.97,0.971,0.956,0.014,0.715,0.718,0.706,0.008,
2026-09-03T05:33:17+00:00,SF07,10_20260901_234332.691,65,120.0,A4x16-Lin-5mm-50s-300,A4x16-Lin-5mm-50s-300.xml,wildmap_inv+v57fix,1.57,1.85,1.59,-0.02,11,0.968,0.971,0.956,0.012,0.712,0.714,0.708,0.004,
2026-09-03T05:33:17+00:00,SF07,10_20260901_234332.691,65,120.0,A4x16-Lin-5mm-50s-300,A4x16-Lin-5mm-50s-300_reversed.xml,wildmap_inv+v57fix,2.33,1.76,1.59,0.74,11,0.974,0.97,0.956,0.017,0.711,0.714,0.708,0.004,
2026-09-03T05:34:25+00:00,SF07,15_20260902_082418.755,65,120.0,A4x16-Lin-5mm-50s-300,A4x16-Lin-5mm-50s-300.xml,identity,1.95,1.72,1.5,0.45,14,0.979,0.967,0.942,0.037,0.392,0.381,0.357,0.035,
2026-09-03T05:34:25+00:00,SF07,15_20260902_082418.755,65,120.0,A4x16-Lin-5mm-50s-300,A4x16-Lin-5mm-50s-300_reversed.xml,identity,1.63,1.77,1.5,0.13,14,0.972,0.969,0.942,0.03,0.386,0.382,0.357,0.029,
2026-09-03T05:34:25+00:00,SF07,15_20260902_082418.755,65,120.0,A4x16-Lin-5mm-50s-300,A4x16-Lin-5mm-50s-300.xml,v57fix,1.95,1.72,1.5,0.45,14,0.985,0.967,0.942,0.043,0.402,0.381,0.357,0.045,
2026-09-03T05:34:25+00:00,SF07,15_20260902_082418.755,65,120.0,A4x16-Lin-5mm-50s-300,A4x16-Lin-5mm-50s-300_reversed.xml,v57fix,1.63,1.77,1.5,0.13,14,0.97,0.969,0.942,0.028,0.384,0.383,0.357,0.027,
2026-09-03T05:34:25+00:00,SF07,15_20260902_082418.755,65,120.0,A4x16-Lin-5mm-50s-300,A4x16-Lin-5mm-50s-300.xml,v57inv,1.95,1.72,1.5,0.45,14,0.981,0.967,0.942,0.039,0.395,0.379,0.357,0.037,
2026-09-03T05:34:25+00:00,SF07,15_20260902_082418.755,65,120.0,A4x16-Lin-5mm-50s-300,A4x16-Lin-5mm-50s-300_reversed.xml,v57inv,1.63,1.77,1.5,0.13,14,0.969,0.969,0.942,0.027,0.385,0.381,0.357,0.027,
2026-09-03T05:34:25+00:00,SF07,15_20260902_082418.755,65,120.0,A4x16-Lin-5mm-50s-300,A4x16-Lin-5mm-50s-300.xml,wildmap,1.88,1.67,1.56,0.32,14,0.971,0.965,0.943,0.028,0.375,0.373,0.36,0.015,
2026-09-03T05:34:25+00:00,SF07,15_20260902_082418.755,65,120.0,A4x16-Lin-5mm-50s-300,A4x16-Lin-5mm-50s-300_reversed.xml,wildmap,1.57,1.74,1.56,0.01,14,0.962,0.967,0.943,0.019,0.371,0.374,0.36,0.011,
2026-09-03T05:34:25+00:00,SF07,15_20260902_082418.755,65,120.0,A4x16-Lin-5mm-50s-300,A4x16-Lin-5mm-50s-300.xml,wildmap_inv,1.68,1.67,1.58,0.1,14,0.963,0.966,0.943,0.02,0.367,0.37,0.361,0.006,
2026-09-03T05:34:25+00:00,SF07,15_20260902_082418.755,65,120.0,A4x16-Lin-5mm-50s-300,A4x16-Lin-5mm-50s-300_reversed.xml,wildmap_inv,1.89,1.64,1.58,0.31,14,0.973,0.965,0.943,0.029,0.368,0.37,0.361,0.008,
2026-09-03T05:34:25+00:00,SF07,15_20260902_082418.755,65,120.0,A4x16-Lin-5mm-50s-300,A4x16-Lin-5mm-50s-300.xml,wildmap+v57fix,1.88,1.67,1.56,0.32,14,0.97,0.966,0.943,0.027,0.378,0.373,0.36,0.018,
2026-09-03T05:34:25+00:00,SF07,15_20260902_082418.755,65,120.0,A4x16-Lin-5mm-50s-300,A4x16-Lin-5mm-50s-300_reversed.xml,wildmap+v57fix,1.57,1.74,1.56,0.01,14,0.964,0.966,0.943,0.021,0.371,0.373,0.36,0.012,
2026-09-03T05:34:25+00:00,SF07,15_20260902_082418.755,65,120.0,A4x16-Lin-5mm-50s-300,A4x16-Lin-5mm-50s-300.xml,wildmap_inv+v57fix,1.68,1.67,1.58,0.1,14,0.961,0.966,0.943,0.018,0.369,0.37,0.361,0.008,
2026-09-03T05:34:25+00:00,SF07,15_20260902_082418.755,65,120.0,A4x16-Lin-5mm-50s-300,A4x16-Lin-5mm-50s-300_reversed.xml,wildmap_inv+v57fix,1.89,1.63,1.58,0.31,14,0.969,0.965,0.943,0.026,0.367,0.371,0.361,0.006,
2026-09-03T05:35:42+00:00,SF09,3_20260831_190834.640,64,120.0,A5x12_16-Buz_lin-5mm-100-200-160_177,A5x12_16-Buz_lin-5mm-100-200-160_177_version1.xml,identity,1.82,1.64,1.55,0.27,54,0.777,0.781,0.65,0.127,0.464,0.473,0.443,0.021,2 4 32 36 54 56 58 62
2026-09-03T05:35:42+00:00,SF09,3_20260831_190834.640,64,120.0,A5x12_16-Buz_lin-5mm-100-200-160_177,A5x12_16-Buz_lin-5mm-100-200-160_177_version2.xml,identity,1.56,1.79,1.54,0.01,54,0.772,0.764,0.653,0.119,0.453,0.467,0.445,0.007,2 4 32 36 54 56 58 62
2026-09-03T05:35:42+00:00,SF09,3_20260831_190834.640,64,120.0,A5x12_16-Buz_lin-5mm-100-200-160_177,A5x12_16-Buz_lin-5mm-100-200-160_177_version1.xml,v57fix,1.7,1.7,1.55,0.16,54,0.741,0.754,0.657,0.084,0.46,0.472,0.444,0.016,2 4 32 36 54 56 58 62
2026-09-03T05:35:42+00:00,SF09,3_20260831_190834.640,64,120.0,A5x12_16-Buz_lin-5mm-100-200-160_177,A5x12_16-Buz_lin-5mm-100-200-160_177_version2.xml,v57fix,1.84,1.96,1.5,0.34,54,0.776,0.792,0.648,0.128,0.477,0.483,0.44,0.037,2 4 32 36 54 56 58 62
2026-09-03T05:35:42+00:00,SF09,3_20260831_190834.640,64,120.0,A5x12_16-Buz_lin-5mm-100-200-160_177,A5x12_16-Buz_lin-5mm-100-200-160_177_version1.xml,v57inv,1.6,1.67,1.56,0.04,54,0.761,0.715,0.663,0.099,0.453,0.465,0.445,0.008,2 4 32 36 54 56 58 62
2026-09-03T05:35:42+00:00,SF09,3_20260831_190834.640,64,120.0,A5x12_16-Buz_lin-5mm-100-200-160_177,A5x12_16-Buz_lin-5mm-100-200-160_177_version2.xml,v57inv,1.68,1.8,1.53,0.14,54,0.814,0.789,0.645,0.169,0.466,0.475,0.443,0.024,2 4 32 36 54 56 58 62
2026-09-03T05:35:42+00:00,SF09,3_20260831_190834.640,64,120.0,A5x12_16-Buz_lin-5mm-100-200-160_177,A5x12_16-Buz_lin-5mm-100-200-160_177_version1.xml,wildmap,1.76,1.61,1.56,0.2,54,0.761,0.771,0.654,0.108,0.464,0.461,0.445,0.018,2 4 32 36 54 56 58 62
2026-09-03T05:35:42+00:00,SF09,3_20260831_190834.640,64,120.0,A5x12_16-Buz_lin-5mm-100-200-160_177,A5x12_16-Buz_lin-5mm-100-200-160_177_version2.xml,wildmap,1.49,1.62,1.58,-0.08,54,0.764,0.748,0.657,0.107,0.453,0.456,0.447,0.006,2 4 32 36 54 56 58 62
2026-09-03T05:35:42+00:00,SF09,3_20260831_190834.640,64,120.0,A5x12_16-Buz_lin-5mm-100-200-160_177,A5x12_16-Buz_lin-5mm-100-200-160_177_version1.xml,wildmap_inv,1.78,1.63,1.56,0.22,54,0.792,0.771,0.651,0.14,0.467,0.46,0.445,0.022,2 4 32 36 54 56 58 62
2026-09-03T05:35:42+00:00,SF09,3_20260831_190834.640,64,120.0,A5x12_16-Buz_lin-5mm-100-200-160_177,A5x12_16-Buz_lin-5mm-100-200-160_177_version2.xml,wildmap_inv,1.56,1.56,1.58,-0.02,54,0.776,0.741,0.657,0.119,0.453,0.456,0.447,0.006,2 4 32 36 54 56 58 62
2026-09-03T05:35:42+00:00,SF09,3_20260831_190834.640,64,120.0,A5x12_16-Buz_lin-5mm-100-200-160_177,A5x12_16-Buz_lin-5mm-100-200-160_177_version1.xml,wildmap+v57fix,1.52,1.61,1.58,-0.05,54,0.771,0.768,0.653,0.117,0.451,0.461,0.446,0.005,2 4 32 36 54 56 58 62
2026-09-03T05:35:42+00:00,SF09,3_20260831_190834.640,64,120.0,A5x12_16-Buz_lin-5mm-100-200-160_177,A5x12_16-Buz_lin-5mm-100-200-160_177_version2.xml,wildmap+v57fix,1.62,1.67,1.56,0.06,54,0.776,0.75,0.656,0.12,0.456,0.466,0.445,0.01,2 4 32 36 54 56 58 62
2026-09-03T05:35:42+00:00,SF09,3_20260831_190834.640,64,120.0,A5x12_16-Buz_lin-5mm-100-200-160_177,A5x12_16-Buz_lin-5mm-100-200-160_177_version1.xml,wildmap_inv+v57fix,1.5,1.62,1.58,-0.07,54,0.77,0.771,0.653,0.117,0.448,0.459,0.447,0.001,2 4 32 36 54 56 58 62
2026-09-03T05:35:42+00:00,SF09,3_20260831_190834.640,64,120.0,A5x12_16-Buz_lin-5mm-100-200-160_177,A5x12_16-Buz_lin-5mm-100-200-160_177_version2.xml,wildmap_inv+v57fix,1.71,1.58,1.57,0.14,54,0.791,0.715,0.66,0.131,0.461,0.459,0.446,0.015,2 4 32 36 54 56 58 62
2026-09-03T05:36:50+00:00,SF08,1_20260831_190229.919,64,120.0,A4x16-Lin-5mm-50s-300,A4x16-Lin-5mm-50s-300.xml,identity,1.5,1.55,1.46,0.04,55,0.728,0.754,0.748,-0.019,0.637,0.637,0.612,0.025,32
2026-09-03T05:36:50+00:00,SF08,1_20260831_190229.919,64,120.0,A4x16-Lin-5mm-50s-300,A4x16-Lin-5mm-50s-300_reversed.xml,identity,1.54,1.54,1.46,0.07,55,0.781,0.746,0.748,0.034,0.642,0.637,0.612,0.03,32
2026-09-03T05:36:50+00:00,SF08,1_20260831_190229.919,64,120.0,A4x16-Lin-5mm-50s-300,A4x16-Lin-5mm-50s-300.xml,v57fix,1.5,1.55,1.46,0.04,55,0.748,0.751,0.748,0.0,0.637,0.638,0.612,0.025,32
2026-09-03T05:36:50+00:00,SF08,1_20260831_190229.919,64,120.0,A4x16-Lin-5mm-50s-300,A4x16-Lin-5mm-50s-300_reversed.xml,v57fix,1.5,1.55,1.46,0.04,55,0.772,0.747,0.748,0.024,0.639,0.638,0.612,0.027,32
2026-09-03T05:36:50+00:00,SF08,1_20260831_190229.919,64,120.0,A4x16-Lin-5mm-50s-300,A4x16-Lin-5mm-50s-300.xml,v57inv,1.5,1.55,1.46,0.04,55,0.751,0.756,0.746,0.005,0.637,0.637,0.612,0.025,32
2026-09-03T05:36:50+00:00,SF08,1_20260831_190229.919,64,120.0,A4x16-Lin-5mm-50s-300,A4x16-Lin-5mm-50s-300_reversed.xml,v57inv,1.54,1.54,1.46,0.08,55,0.78,0.752,0.746,0.034,0.643,0.636,0.612,0.031,32
2026-09-03T05:36:50+00:00,SF08,1_20260831_190229.919,64,120.0,A4x16-Lin-5mm-50s-300,A4x16-Lin-5mm-50s-300.xml,wildmap,1.47,1.5,1.48,-0.01,55,0.75,0.753,0.747,0.003,0.628,0.63,0.614,0.014,32
2026-09-03T05:36:50+00:00,SF08,1_20260831_190229.919,64,120.0,A4x16-Lin-5mm-50s-300,A4x16-Lin-5mm-50s-300_reversed.xml,wildmap,1.48,1.49,1.48,0.01,55,0.75,0.753,0.747,0.003,0.626,0.63,0.614,0.011,32
2026-09-03T05:36:50+00:00,SF08,1_20260831_190229.919,64,120.0,A4x16-Lin-5mm-50s-300,A4x16-Lin-5mm-50s-300.xml,wildmap_inv,1.47,1.49,1.48,-0.01,55,0.822,0.751,0.745,0.077,0.626,0.625,0.616,0.011,32
2026-09-03T05:36:50+00:00,SF08,1_20260831_190229.919,64,120.0,A4x16-Lin-5mm-50s-300,A4x16-Lin-5mm-50s-300_reversed.xml,wildmap_inv,1.47,1.49,1.48,-0.01,55,0.731,0.764,0.745,-0.014,0.624,0.626,0.616,0.008,32
2026-09-03T05:36:50+00:00,SF08,1_20260831_190229.919,64,120.0,A4x16-Lin-5mm-50s-300,A4x16-Lin-5mm-50s-300.xml,wildmap+v57fix,1.47,1.5,1.48,-0.01,55,0.718,0.755,0.748,-0.029,0.624,0.63,0.615,0.01,32
2026-09-03T05:36:50+00:00,SF08,1_20260831_190229.919,64,120.0,A4x16-Lin-5mm-50s-300,A4x16-Lin-5mm-50s-300_reversed.xml,wildmap+v57fix,1.48,1.5,1.48,0.0,55,0.749,0.751,0.748,0.002,0.627,0.629,0.615,0.012,32
2026-09-03T05:36:50+00:00,SF08,1_20260831_190229.919,64,120.0,A4x16-Lin-5mm-50s-300,A4x16-Lin-5mm-50s-300.xml,wildmap_inv+v57fix,1.49,1.48,1.48,0.01,55,0.813,0.752,0.745,0.069,0.623,0.626,0.615,0.008,32
2026-09-03T05:36:50+00:00,SF08,1_20260831_190229.919,64,120.0,A4x16-Lin-5mm-50s-300,A4x16-Lin-5mm-50s-300_reversed.xml,wildmap_inv+v57fix,1.51,1.48,1.48,0.03,55,0.773,0.758,0.745,0.028,0.629,0.626,0.615,0.013,32
2026-09-03T05:37:59+00:00,SF10,2_20260831_195630.973,64,120.0,A4x16-Lin-5mm-50s-300,A4x16-Lin-5mm-50s-300.xml,identity,1.56,1.64,1.47,0.09,63,0.899,0.896,0.875,0.025,0.154,0.168,0.1,0.054,2 32 34 56
2026-09-03T05:37:59+00:00,SF10,2_20260831_195630.973,64,120.0,A4x16-Lin-5mm-50s-300,A4x16-Lin-5mm-50s-300_reversed.xml,identity,1.65,1.63,1.47,0.18,63,0.906,0.895,0.875,0.031,0.184,0.164,0.1,0.084,2 32 34 56
2026-09-03T05:37:59+00:00,SF10,2_20260831_195630.973,64,120.0,A4x16-Lin-5mm-50s-300,A4x16-Lin-5mm-50s-300.xml,v57fix,1.62,1.64,1.47,0.15,63,0.91,0.895,0.874,0.035,0.169,0.169,0.099,0.07,2 32 34 56
2026-09-03T05:37:59+00:00,SF10,2_20260831_195630.973,64,120.0,A4x16-Lin-5mm-50s-300,A4x16-Lin-5mm-50s-300_reversed.xml,v57fix,1.61,1.64,1.47,0.14,63,0.911,0.895,0.874,0.037,0.177,0.168,0.099,0.077,2 32 34 56
2026-09-03T05:37:59+00:00,SF10,2_20260831_195630.973,64,120.0,A4x16-Lin-5mm-50s-300,A4x16-Lin-5mm-50s-300.xml,v57inv,1.64,1.6,1.48,0.17,63,0.896,0.896,0.875,0.021,0.16,0.161,0.102,0.058,2 32 34 56
2026-09-03T05:37:59+00:00,SF10,2_20260831_195630.973,64,120.0,A4x16-Lin-5mm-50s-300,A4x16-Lin-5mm-50s-300_reversed.xml,v57inv,1.59,1.6,1.48,0.12,63,0.897,0.896,0.875,0.022,0.175,0.159,0.102,0.073,2 32 34 56
2026-09-03T05:37:59+00:00,SF10,2_20260831_195630.973,64,120.0,A4x16-Lin-5mm-50s-300,A4x16-Lin-5mm-50s-300.xml,wildmap,1.53,1.56,1.49,0.04,63,0.865,0.879,0.88,-0.015,0.123,0.14,0.109,0.014,2 32 34 56
2026-09-03T05:37:59+00:00,SF10,2_20260831_195630.973,64,120.0,A4x16-Lin-5mm-50s-300,A4x16-Lin-5mm-50s-300_reversed.xml,wildmap,1.55,1.55,1.49,0.06,63,0.869,0.879,0.88,-0.011,0.137,0.138,0.109,0.028,2 32 34 56
2026-09-03T05:37:59+00:00,SF10,2_20260831_195630.973,64,120.0,A4x16-Lin-5mm-50s-300,A4x16-Lin-5mm-50s-300.xml,wildmap_inv,1.53,1.55,1.49,0.03,63,0.873,0.88,0.88,-0.007,0.137,0.135,0.11,0.027,2 32 34 56
2026-09-03T05:37:59+00:00,SF10,2_20260831_195630.973,64,120.0,A4x16-Lin-5mm-50s-300,A4x16-Lin-5mm-50s-300_reversed.xml,wildmap_inv,1.5,1.55,1.49,0.01,63,0.902,0.876,0.88,0.022,0.133,0.136,0.11,0.023,2 32 34 56
2026-09-03T05:37:59+00:00,SF10,2_20260831_195630.973,64,120.0,A4x16-Lin-5mm-50s-300,A4x16-Lin-5mm-50s-300.xml,wildmap+v57fix,1.5,1.58,1.49,0.01,63,0.876,0.878,0.881,-0.004,0.117,0.14,0.109,0.008,2 32 34 56
2026-09-03T05:37:59+00:00,SF10,2_20260831_195630.973,64,120.0,A4x16-Lin-5mm-50s-300,A4x16-Lin-5mm-50s-300_reversed.xml,wildmap+v57fix,1.66,1.55,1.49,0.17,63,0.876,0.878,0.881,-0.004,0.138,0.137,0.109,0.029,2 32 34 56
2026-09-03T05:37:59+00:00,SF10,2_20260831_195630.973,64,120.0,A4x16-Lin-5mm-50s-300,A4x16-Lin-5mm-50s-300.xml,wildmap_inv+v57fix,1.53,1.55,1.49,0.04,63,0.867,0.883,0.879,-0.012,0.131,0.137,0.11,0.021,2 32 34 56
2026-09-03T05:37:59+00:00,SF10,2_20260831_195630.973,64,120.0,A4x16-Lin-5mm-50s-300,A4x16-Lin-5mm-50s-300_reversed.xml,wildmap_inv+v57fix,1.48,1.56,1.49,-0.01,63,0.889,0.88,0.879,0.01,0.124,0.138,0.11,0.015,2 32 34 56
2026-09-03T05:39:07+00:00,SF11,1_20260831_191341.611,64,120.0,A4x16-Lin-5mm-50s-300,A4x16-Lin-5mm-50s-300.xml,identity,1.68,1.55,1.45,0.24,53,0.947,0.941,0.935,0.012,0.595,0.589,0.566,0.028,
2026-09-03T05:39:07+00:00,SF11,1_20260831_191341.611,64,120.0,A4x16-Lin-5mm-50s-300,A4x16-Lin-5mm-50s-300_reversed.xml,identity,1.53,1.57,1.45,0.08,53,0.949,0.941,0.935,0.014,0.597,0.589,0.566,0.031,
2026-09-03T05:39:07+00:00,SF11,1_20260831_191341.611,64,120.0,A4x16-Lin-5mm-50s-300,A4x16-Lin-5mm-50s-300.xml,v57fix,1.65,1.56,1.44,0.21,53,0.945,0.941,0.935,0.01,0.595,0.59,0.566,0.029,
2026-09-03T05:39:07+00:00,SF11,1_20260831_191341.611,64,120.0,A4x16-Lin-5mm-50s-300,A4x16-Lin-5mm-50s-300_reversed.xml,v57fix,1.59,1.56,1.44,0.15,53,0.947,0.941,0.935,0.012,0.598,0.59,0.566,0.032,
2026-09-03T05:39:07+00:00,SF11,1_20260831_191341.611,64,120.0,A4x16-Lin-5mm-50s-300,A4x16-Lin-5mm-50s-300.xml,v57inv,1.66,1.54,1.45,0.21,53,0.944,0.942,0.935,0.009,0.594,0.588,0.566,0.028,
2026-09-03T05:39:07+00:00,SF11,1_20260831_191341.611,64,120.0,A4x16-Lin-5mm-50s-300,A4x16-Lin-5mm-50s-300_reversed.xml,v57inv,1.64,1.55,1.45,0.19,53,0.953,0.941,0.935,0.018,0.604,0.587,0.566,0.038,
2026-09-03T05:39:07+00:00,SF11,1_20260831_191341.611,64,120.0,A4x16-Lin-5mm-50s-300,A4x16-Lin-5mm-50s-300.xml,wildmap,1.53,1.48,1.47,0.06,53,0.947,0.941,0.935,0.012,0.584,0.583,0.568,0.016,
2026-09-03T05:39:07+00:00,SF11,1_20260831_191341.611,64,120.0,A4x16-Lin-5mm-50s-300,A4x16-Lin-5mm-50s-300_reversed.xml,wildmap,1.48,1.48,1.47,0.01,53,0.943,0.941,0.935,0.008,0.584,0.583,0.568,0.016,
2026-09-03T05:39:07+00:00,SF11,1_20260831_191341.611,64,120.0,A4x16-Lin-5mm-50s-300,A4x16-Lin-5mm-50s-300.xml,wildmap_inv,1.53,1.5,1.47,0.07,53,0.948,0.941,0.935,0.013,0.583,0.579,0.569,0.013,
2026-09-03T05:39:07+00:00,SF11,1_20260831_191341.611,64,120.0,A4x16-Lin-5mm-50s-300,A4x16-Lin-5mm-50s-300_reversed.xml,wildmap_inv,1.54,1.5,1.47,0.07,53,0.947,0.941,0.935,0.012,0.577,0.58,0.569,0.008,
2026-09-03T05:39:07+00:00,SF11,1_20260831_191341.611,64,120.0,A4x16-Lin-5mm-50s-300,A4x16-Lin-5mm-50s-300.xml,wildmap+v57fix,1.45,1.49,1.47,-0.02,53,0.942,0.941,0.935,0.007,0.58,0.583,0.568,0.012,
2026-09-03T05:39:07+00:00,SF11,1_20260831_191341.611,64,120.0,A4x16-Lin-5mm-50s-300,A4x16-Lin-5mm-50s-300_reversed.xml,wildmap+v57fix,1.54,1.48,1.47,0.06,53,0.945,0.941,0.935,0.01,0.587,0.582,0.568,0.019,
2026-09-03T05:39:07+00:00,SF11,1_20260831_191341.611,64,120.0,A4x16-Lin-5mm-50s-300,A4x16-Lin-5mm-50s-300.xml,wildmap_inv+v57fix,1.45,1.51,1.47,-0.01,53,0.943,0.942,0.935,0.008,0.578,0.581,0.569,0.008,
2026-09-03T05:39:07+00:00,SF11,1_20260831_191341.611,64,120.0,A4x16-Lin-5mm-50s-300,A4x16-Lin-5mm-50s-300_reversed.xml,wildmap_inv+v57fix,1.61,1.49,1.47,0.14,53,0.953,0.941,0.935,0.018,0.587,0.579,0.569,0.018,
2026-09-03T05:40:14+00:00,SF12,2_20260831_191613.417,64,120.0,A4x16-Lin-5mm-50s-300,A4x16-Lin-5mm-50s-300.xml,identity,1.72,1.73,1.5,0.22,57,0.819,0.799,0.789,0.03,0.159,0.172,0.109,0.05,
2026-09-03T05:40:14+00:00,SF12,2_20260831_191613.417,64,120.0,A4x16-Lin-5mm-50s-300,A4x16-Lin-5mm-50s-300_reversed.xml,identity,1.64,1.74,1.5,0.14,57,0.811,0.8,0.789,0.022,0.165,0.171,0.109,0.056,
2026-09-03T05:40:14+00:00,SF12,2_20260831_191613.417,64,120.0,A4x16-Lin-5mm-50s-300,A4x16-Lin-5mm-50s-300.xml,v57fix,1.63,1.76,1.5,0.13,57,0.822,0.797,0.79,0.033,0.158,0.181,0.107,0.051,
2026-09-03T05:40:14+00:00,SF12,2_20260831_191613.417,64,120.0,A4x16-Lin-5mm-50s-300,A4x16-Lin-5mm-50s-300_reversed.xml,v57fix,1.69,1.75,1.5,0.19,57,0.814,0.798,0.79,0.025,0.176,0.178,0.107,0.069,
2026-09-03T05:40:14+00:00,SF12,2_20260831_191613.417,64,120.0,A4x16-Lin-5mm-50s-300,A4x16-Lin-5mm-50s-300.xml,v57inv,1.74,1.72,1.5,0.24,57,0.828,0.805,0.787,0.041,0.167,0.165,0.111,0.056,
2026-09-03T05:40:14+00:00,SF12,2_20260831_191613.417,64,120.0,A4x16-Lin-5mm-50s-300,A4x16-Lin-5mm-50s-300_reversed.xml,v57inv,1.62,1.74,1.5,0.12,57,0.842,0.803,0.787,0.054,0.165,0.165,0.111,0.054,
2026-09-03T05:40:14+00:00,SF12,2_20260831_191613.417,64,120.0,A4x16-Lin-5mm-50s-300,A4x16-Lin-5mm-50s-300.xml,wildmap,1.5,1.62,1.54,-0.04,57,0.818,0.8,0.789,0.029,0.135,0.15,0.116,0.019,
2026-09-03T05:40:14+00:00,SF12,2_20260831_191613.417,64,120.0,A4x16-Lin-5mm-50s-300,A4x16-Lin-5mm-50s-300_reversed.xml,wildmap,1.84,1.58,1.54,0.3,57,0.834,0.798,0.789,0.045,0.131,0.151,0.116,0.015,
2026-09-03T05:40:14+00:00,SF12,2_20260831_191613.417,64,120.0,A4x16-Lin-5mm-50s-300,A4x16-Lin-5mm-50s-300.xml,wildmap_inv,1.56,1.64,1.53,0.03,57,0.828,0.792,0.791,0.037,0.133,0.151,0.116,0.017,
2026-09-03T05:40:14+00:00,SF12,2_20260831_191613.417,64,120.0,A4x16-Lin-5mm-50s-300,A4x16-Lin-5mm-50s-300_reversed.xml,wildmap_inv,1.56,1.64,1.53,0.03,57,0.82,0.793,0.791,0.03,0.127,0.151,0.116,0.011,
2026-09-03T05:40:14+00:00,SF12,2_20260831_191613.417,64,120.0,A4x16-Lin-5mm-50s-300,A4x16-Lin-5mm-50s-300.xml,wildmap+v57fix,1.49,1.63,1.54,-0.05,57,0.82,0.795,0.79,0.029,0.136,0.147,0.117,0.019,
2026-09-03T05:40:14+00:00,SF12,2_20260831_191613.417,64,120.0,A4x16-Lin-5mm-50s-300,A4x16-Lin-5mm-50s-300_reversed.xml,wildmap+v57fix,1.55,1.62,1.54,0.01,57,0.813,0.796,0.79,0.023,0.13,0.148,0.117,0.014,
2026-09-03T05:40:14+00:00,SF12,2_20260831_191613.417,64,120.0,A4x16-Lin-5mm-50s-300,A4x16-Lin-5mm-50s-300.xml,wildmap_inv+v57fix,1.58,1.63,1.53,0.05,57,0.826,0.792,0.791,0.035,0.128,0.153,0.115,0.012,
2026-09-03T05:40:14+00:00,SF12,2_20260831_191613.417,64,120.0,A4x16-Lin-5mm-50s-300,A4x16-Lin-5mm-50s-300_reversed.xml,wildmap_inv+v57fix,1.93,1.58,1.53,0.39,57,0.857,0.788,0.791,0.066,0.149,0.15,0.115,0.034,
2026-09-03T05:45:14+00:00,SF07,10_20260901_234332.691,65,300.0,A4x16-Lin-5mm-50s-300,A4x16-Lin-5mm-50s-300.xml,identity,0.5,18,1.68,1.66,1.46,0.23,18,0.981,0.973,0.955,0.027,0.724,0.717,0.702,0.022,
2026-09-03T05:45:14+00:00,SF07,10_20260901_234332.691,65,300.0,A4x16-Lin-5mm-50s-300,A4x16-Lin-5mm-50s-300_reversed.xml,identity,0.389,18,1.53,1.68,1.46,0.07,18,0.976,0.974,0.955,0.021,0.718,0.717,0.702,0.016,
2026-09-03T05:45:14+00:00,SF07,10_20260901_234332.691,65,300.0,A4x16-Lin-5mm-50s-300,A4x16-Lin-5mm-50s-300.xml,v57fix,0.5,18,1.68,1.65,1.46,0.23,18,0.985,0.973,0.955,0.03,0.73,0.716,0.702,0.028,
2026-09-03T05:45:14+00:00,SF07,10_20260901_234332.691,65,300.0,A4x16-Lin-5mm-50s-300,A4x16-Lin-5mm-50s-300_reversed.xml,v57fix,0.333,18,1.51,1.67,1.46,0.05,18,0.975,0.975,0.955,0.02,0.716,0.718,0.702,0.014,
2026-09-03T05:45:14+00:00,SF07,10_20260901_234332.691,65,300.0,A4x16-Lin-5mm-50s-300,A4x16-Lin-5mm-50s-300.xml,v57inv,0.444,18,1.68,1.66,1.46,0.23,18,0.982,0.973,0.955,0.027,0.726,0.716,0.703,0.024,
2026-09-03T05:45:14+00:00,SF07,10_20260901_234332.691,65,300.0,A4x16-Lin-5mm-50s-300,A4x16-Lin-5mm-50s-300_reversed.xml,v57inv,0.389,18,1.51,1.68,1.46,0.05,18,0.974,0.974,0.955,0.019,0.718,0.717,0.703,0.016,
2026-09-03T05:45:14+00:00,SF07,10_20260901_234332.691,65,300.0,A4x16-Lin-5mm-50s-300,A4x16-Lin-5mm-50s-300.xml,wildmap,0.278,18,2.07,1.52,1.51,0.56,18,0.976,0.97,0.956,0.02,0.715,0.715,0.703,0.012,
2026-09-03T05:45:14+00:00,SF07,10_20260901_234332.691,65,300.0,A4x16-Lin-5mm-50s-300,A4x16-Lin-5mm-50s-300_reversed.xml,wildmap,0.056,18,1.5,1.62,1.51,-0.02,18,0.969,0.971,0.956,0.013,0.712,0.715,0.703,0.009,
2026-09-03T05:45:14+00:00,SF07,10_20260901_234332.691,65,300.0,A4x16-Lin-5mm-50s-300,A4x16-Lin-5mm-50s-300.xml,wildmap_inv,0.0,18,1.46,1.66,1.5,-0.04,18,0.969,0.971,0.956,0.013,0.71,0.71,0.705,0.006,
2026-09-03T05:45:14+00:00,SF07,10_20260901_234332.691,65,300.0,A4x16-Lin-5mm-50s-300,A4x16-Lin-5mm-50s-300_reversed.xml,wildmap_inv,0.111,18,1.84,1.6,1.5,0.34,18,0.975,0.97,0.956,0.02,0.71,0.71,0.705,0.006,
2026-09-03T05:45:14+00:00,SF07,10_20260901_234332.691,65,300.0,A4x16-Lin-5mm-50s-300,A4x16-Lin-5mm-50s-300.xml,wildmap+v57fix,0.222,18,1.99,1.52,1.51,0.47,18,0.974,0.971,0.956,0.018,0.717,0.714,0.703,0.013,
2026-09-03T05:45:14+00:00,SF07,10_20260901_234332.691,65,300.0,A4x16-Lin-5mm-50s-300,A4x16-Lin-5mm-50s-300_reversed.xml,wildmap+v57fix,0.111,18,1.5,1.62,1.51,-0.02,18,0.97,0.971,0.956,0.015,0.712,0.715,0.703,0.008,
2026-09-03T05:45:14+00:00,SF07,10_20260901_234332.691,65,300.0,A4x16-Lin-5mm-50s-300,A4x16-Lin-5mm-50s-300.xml,wildmap_inv+v57fix,0.0,18,1.47,1.67,1.5,-0.03,18,0.969,0.971,0.956,0.013,0.709,0.711,0.705,0.004,
2026-09-03T05:45:14+00:00,SF07,10_20260901_234332.691,65,300.0,A4x16-Lin-5mm-50s-300,A4x16-Lin-5mm-50s-300_reversed.xml,wildmap_inv+v57fix,0.111,18,1.84,1.6,1.5,0.34,18,0.974,0.97,0.956,0.018,0.708,0.711,0.705,0.004,
2026-09-03T05:48:00+00:00,SF07,2_20260901_002100.939,64,300.0,A4x16-Lin-5mm-50s-300,A4x16-Lin-5mm-50s-300.xml,identity,0.163,43,1.58,1.52,1.47,0.11,43,0.978,0.965,0.938,0.04,0.287,0.274,0.243,0.043,
2026-09-03T05:48:00+00:00,SF07,2_20260901_002100.939,64,300.0,A4x16-Lin-5mm-50s-300,A4x16-Lin-5mm-50s-300_reversed.xml,identity,0.116,43,1.5,1.53,1.47,0.03,43,0.97,0.967,0.938,0.032,0.278,0.276,0.243,0.034,
2026-09-03T05:48:00+00:00,SF07,2_20260901_002100.939,64,300.0,A4x16-Lin-5mm-50s-300,A4x16-Lin-5mm-50s-300.xml,v57fix,0.186,43,1.57,1.52,1.47,0.1,43,0.984,0.965,0.938,0.046,0.3,0.274,0.243,0.057,
2026-09-03T05:48:00+00:00,SF07,2_20260901_002100.939,64,300.0,A4x16-Lin-5mm-50s-300,A4x16-Lin-5mm-50s-300_reversed.xml,v57fix,0.14,43,1.52,1.53,1.47,0.05,43,0.968,0.967,0.938,0.03,0.275,0.277,0.243,0.032,
2026-09-03T05:48:00+00:00,SF07,2_20260901_002100.939,64,300.0,A4x16-Lin-5mm-50s-300,A4x16-Lin-5mm-50s-300.xml,v57inv,0.163,43,1.58,1.52,1.47,0.11,43,0.979,0.965,0.938,0.041,0.291,0.272,0.244,0.047,
2026-09-03T05:48:00+00:00,SF07,2_20260901_002100.939,64,300.0,A4x16-Lin-5mm-50s-300,A4x16-Lin-5mm-50s-300_reversed.xml,v57inv,0.116,43,1.51,1.53,1.47,0.04,43,0.967,0.967,0.938,0.029,0.278,0.274,0.244,0.035,
2026-09-03T05:48:00+00:00,SF07,2_20260901_002100.939,64,300.0,A4x16-Lin-5mm-50s-300,A4x16-Lin-5mm-50s-300.xml,wildmap,0.047,43,1.55,1.49,1.48,0.07,43,0.97,0.964,0.939,0.031,0.266,0.264,0.247,0.019,
2026-09-03T05:48:00+00:00,SF07,2_20260901_002100.939,64,300.0,A4x16-Lin-5mm-50s-300,A4x16-Lin-5mm-50s-300_reversed.xml,wildmap,0.0,43,1.48,1.5,1.48,-0.0,43,0.96,0.965,0.939,0.021,0.261,0.264,0.247,0.014,
2026-09-03T05:48:00+00:00,SF07,2_20260901_002100.939,64,300.0,A4x16-Lin-5mm-50s-300,A4x16-Lin-5mm-50s-300.xml,wildmap_inv,0.0,43,1.48,1.5,1.48,0.0,43,0.962,0.964,0.939,0.023,0.258,0.261,0.248,0.009,
2026-09-03T05:48:00+00:00,SF07,2_20260901_002100.939,64,300.0,A4x16-Lin-5mm-50s-300,A4x16-Lin-5mm-50s-300_reversed.xml,wildmap_inv,0.047,43,1.54,1.5,1.48,0.06,43,0.972,0.963,0.939,0.033,0.259,0.261,0.248,0.011,
2026-09-03T05:48:00+00:00,SF07,2_20260901_002100.939,64,300.0,A4x16-Lin-5mm-50s-300,A4x16-Lin-5mm-50s-300.xml,wildmap+v57fix,0.047,43,1.54,1.49,1.48,0.06,43,0.968,0.964,0.939,0.029,0.269,0.263,0.247,0.022,
2026-09-03T05:48:00+00:00,SF07,2_20260901_002100.939,64,300.0,A4x16-Lin-5mm-50s-300,A4x16-Lin-5mm-50s-300_reversed.xml,wildmap+v57fix,0.023,43,1.48,1.5,1.48,0.0,43,0.962,0.965,0.939,0.023,0.261,0.264,0.247,0.014,
2026-09-03T05:48:00+00:00,SF07,2_20260901_002100.939,64,300.0,A4x16-Lin-5mm-50s-300,A4x16-Lin-5mm-50s-300.xml,wildmap_inv+v57fix,0.0,43,1.48,1.51,1.48,-0.0,43,0.959,0.964,0.939,0.02,0.259,0.261,0.248,0.011,
2026-09-03T05:48:00+00:00,SF07,2_20260901_002100.939,64,300.0,A4x16-Lin-5mm-50s-300,A4x16-Lin-5mm-50s-300_reversed.xml,wildmap_inv+v57fix,0.047,43,1.52,1.5,1.48,0.04,43,0.968,0.963,0.939,0.029,0.257,0.261,0.248,0.008,
2026-09-03T05:55:36+00:00,SF07,2_20260901_002100.939,64,600.0,A4x16-Lin-5mm-50s-300,A4x16-Lin-5mm-50s-300.xml,identity,0.234,47,0.0,22,0.44,25,1.27,1.19,1.14,0.13,47,0.98,0.968,0.943,0.037,0.307,0.295,0.265,0.043,
2026-09-03T05:55:36+00:00,SF07,2_20260901_002100.939,64,600.0,A4x16-Lin-5mm-50s-300,A4x16-Lin-5mm-50s-300_reversed.xml,identity,0.149,47,0.045,22,0.24,25,1.18,1.21,1.14,0.04,47,0.972,0.969,0.943,0.029,0.298,0.296,0.265,0.033,
2026-09-03T05:55:36+00:00,SF07,2_20260901_002100.939,64,600.0,A4x16-Lin-5mm-50s-300,A4x16-Lin-5mm-50s-300.xml,v57fix,0.319,47,0.182,22,0.44,25,1.27,1.19,1.14,0.13,47,0.985,0.968,0.943,0.042,0.32,0.295,0.264,0.055,
2026-09-03T05:55:36+00:00,SF07,2_20260901_002100.939,64,600.0,A4x16-Lin-5mm-50s-300,A4x16-Lin-5mm-50s-300_reversed.xml,v57fix,0.17,47,0.091,22,0.24,25,1.18,1.21,1.14,0.04,47,0.97,0.97,0.943,0.028,0.296,0.298,0.264,0.031,
2026-09-03T05:55:36+00:00,SF07,2_20260901_002100.939,64,600.0,A4x16-Lin-5mm-50s-300,A4x16-Lin-5mm-50s-300.xml,v57inv,0.255,47,0.045,22,0.44,25,1.27,1.19,1.14,0.13,47,0.981,0.968,0.943,0.038,0.311,0.293,0.265,0.046,
2026-09-03T05:55:36+00:00,SF07,2_20260901_002100.939,64,600.0,A4x16-Lin-5mm-50s-300,A4x16-Lin-5mm-50s-300_reversed.xml,v57inv,0.128,47,0.0,22,0.24,25,1.18,1.21,1.14,0.04,47,0.97,0.97,0.943,0.027,0.299,0.294,0.265,0.033,
2026-09-03T05:55:36+00:00,SF07,2_20260901_002100.939,64,600.0,A4x16-Lin-5mm-50s-300,A4x16-Lin-5mm-50s-300.xml,wildmap,0.064,47,0.0,22,0.12,25,1.22,1.18,1.15,0.07,47,0.972,0.966,0.944,0.028,0.287,0.284,0.269,0.018,
2026-09-03T05:55:36+00:00,SF07,2_20260901_002100.939,64,600.0,A4x16-Lin-5mm-50s-300,A4x16-Lin-5mm-50s-300_reversed.xml,wildmap,0.0,47,0.0,22,0.0,25,1.16,1.18,1.15,0.01,47,0.963,0.968,0.944,0.019,0.282,0.285,0.269,0.013,
2026-09-03T05:55:36+00:00,SF07,2_20260901_002100.939,64,600.0,A4x16-Lin-5mm-50s-300,A4x16-Lin-5mm-50s-300.xml,wildmap_inv,0.0,47,0.0,22,0.0,25,1.16,1.18,1.15,0.01,47,0.965,0.967,0.944,0.021,0.279,0.282,0.27,0.009,
2026-09-03T05:55:36+00:00,SF07,2_20260901_002100.939,64,600.0,A4x16-Lin-5mm-50s-300,A4x16-Lin-5mm-50s-300_reversed.xml,wildmap_inv,0.106,47,0.045,22,0.16,25,1.21,1.17,1.15,0.06,47,0.974,0.965,0.944,0.03,0.28,0.281,0.27,0.01,
2026-09-03T05:55:36+00:00,SF07,2_20260901_002100.939,64,600.0,A4x16-Lin-5mm-50s-300,A4x16-Lin-5mm-50s-300.xml,wildmap+v57fix,0.064,47,0.0,22,0.12,25,1.22,1.17,1.15,0.07,47,0.971,0.967,0.944,0.027,0.29,0.284,0.269,0.021,
2026-09-03T05:55:36+00:00,SF07,2_20260901_002100.939,64,600.0,A4x16-Lin-5mm-50s-300,A4x16-Lin-5mm-50s-300_reversed.xml,wildmap+v57fix,0.043,47,0.091,22,0.0,25,1.17,1.18,1.15,0.02,47,0.965,0.967,0.944,0.021,0.282,0.285,0.269,0.013,
2026-09-03T05:55:36+00:00,SF07,2_20260901_002100.939,64,600.0,A4x16-Lin-5mm-50s-300,A4x16-Lin-5mm-50s-300.xml,wildmap_inv+v57fix,0.021,47,0.045,22,0.0,25,1.16,1.18,1.15,0.01,47,0.962,0.967,0.944,0.018,0.28,0.282,0.27,0.011,
2026-09-03T05:55:36+00:00,SF07,2_20260901_002100.939,64,600.0,A4x16-Lin-5mm-50s-300,A4x16-Lin-5mm-50s-300_reversed.xml,wildmap_inv+v57fix,0.085,47,0.0,22,0.16,25,1.19,1.18,1.15,0.04,47,0.971,0.966,0.944,0.027,0.278,0.282,0.27,0.008,
2026-09-03T06:00:51+00:00,SF07,10_20260901_234332.691,65,600.0,A4x16-Lin-5mm-50s-300,A4x16-Lin-5mm-50s-300.xml,identity,0.5,24,0.222,9,0.667,15,1.45,1.33,1.14,0.31,24,0.979,0.97,0.949,0.03,0.695,0.687,0.671,0.023,
2026-09-03T06:00:51+00:00,SF07,10_20260901_234332.691,65,600.0,A4x16-Lin-5mm-50s-300,A4x16-Lin-5mm-50s-300_reversed.xml,identity,0.375,24,0.333,9,0.4,15,1.3,1.35,1.14,0.16,24,0.973,0.971,0.949,0.024,0.689,0.688,0.671,0.017,
2026-09-03T06:00:51+00:00,SF07,10_20260901_234332.691,65,600.0,A4x16-Lin-5mm-50s-300,A4x16-Lin-5mm-50s-300.xml,v57fix,0.625,24,0.556,9,0.667,15,1.46,1.33,1.14,0.32,24,0.983,0.97,0.949,0.034,0.701,0.687,0.671,0.03,
2026-09-03T06:00:51+00:00,SF07,10_20260901_234332.691,65,600.0,A4x16-Lin-5mm-50s-300,A4x16-Lin-5mm-50s-300_reversed.xml,v57fix,0.292,24,0.111,9,0.4,15,1.25,1.36,1.14,0.11,24,0.972,0.971,0.949,0.023,0.686,0.689,0.671,0.015,
2026-09-03T06:00:51+00:00,SF07,10_20260901_234332.691,65,600.0,A4x16-Lin-5mm-50s-300,A4x16-Lin-5mm-50s-300.xml,v57inv,0.417,24,0.0,9,0.667,15,1.39,1.34,1.14,0.25,24,0.979,0.97,0.949,0.03,0.697,0.686,0.672,0.026,
2026-09-03T06:00:51+00:00,SF07,10_20260901_234332.691,65,600.0,A4x16-Lin-5mm-50s-300,A4x16-Lin-5mm-50s-300_reversed.xml,v57inv,0.375,24,0.333,9,0.4,15,1.35,1.34,1.14,0.21,24,0.971,0.971,0.949,0.022,0.688,0.687,0.672,0.017,
2026-09-03T06:00:51+00:00,SF07,10_20260901_234332.691,65,600.0,A4x16-Lin-5mm-50s-300,A4x16-Lin-5mm-50s-300.xml,wildmap,0.125,24,0.0,9,0.2,15,1.47,1.23,1.18,0.29,24,0.973,0.967,0.95,0.023,0.685,0.684,0.672,0.013,
2026-09-03T06:00:51+00:00,SF07,10_20260901_234332.691,65,600.0,A4x16-Lin-5mm-50s-300,A4x16-Lin-5mm-50s-300_reversed.xml,wildmap,0.042,24,0.0,9,0.067,15,1.19,1.28,1.18,0.01,24,0.965,0.968,0.95,0.015,0.681,0.685,0.672,0.009,
2026-09-03T06:00:51+00:00,SF07,10_20260901_234332.691,65,600.0,A4x16-Lin-5mm-50s-300,A4x16-Lin-5mm-50s-300.xml,wildmap_inv,0.083,24,0.222,9,0.0,15,1.18,1.31,1.18,0.0,24,0.965,0.968,0.95,0.015,0.68,0.68,0.674,0.006,
2026-09-03T06:00:51+00:00,SF07,10_20260901_234332.691,65,600.0,A4x16-Lin-5mm-50s-300,A4x16-Lin-5mm-50s-300_reversed.xml,wildmap_inv,0.167,24,0.111,9,0.2,15,1.42,1.27,1.18,0.25,24,0.973,0.967,0.95,0.023,0.68,0.68,0.674,0.006,
2026-09-03T06:00:51+00:00,SF07,10_20260901_234332.691,65,600.0,A4x16-Lin-5mm-50s-300,A4x16-Lin-5mm-50s-300.xml,wildmap+v57fix,0.208,24,0.222,9,0.2,15,1.5,1.21,1.19,0.32,24,0.971,0.967,0.95,0.021,0.687,0.684,0.673,0.014,
2026-09-03T06:00:51+00:00,SF07,10_20260901_234332.691,65,600.0,A4x16-Lin-5mm-50s-300,A4x16-Lin-5mm-50s-300_reversed.xml,wildmap+v57fix,0.042,24,0.0,9,0.067,15,1.19,1.27,1.19,0.01,24,0.967,0.968,0.95,0.016,0.681,0.684,0.673,0.009,
2026-09-03T06:00:51+00:00,SF07,10_20260901_234332.691,65,600.0,A4x16-Lin-5mm-50s-300,A4x16-Lin-5mm-50s-300.xml,wildmap_inv+v57fix,0.125,24,0.333,9,0.0,15,1.2,1.31,1.18,0.02,24,0.965,0.968,0.95,0.015,0.679,0.68,0.674,0.005,
2026-09-03T06:00:51+00:00,SF07,10_20260901_234332.691,65,600.0,A4x16-Lin-5mm-50s-300,A4x16-Lin-5mm-50s-300_reversed.xml,wildmap_inv+v57fix,0.167,24,0.111,9,0.2,15,1.44,1.26,1.18,0.26,24,0.971,0.967,0.95,0.02,0.678,0.68,0.674,0.004,
2026-09-03T06:06:05+00:00,SF07,15_20260902_082418.755,65,600.0,A4x16-Lin-5mm-50s-300,A4x16-Lin-5mm-50s-300.xml,identity,0.565,23,0.286,7,0.688,16,1.52,1.33,1.14,0.38,23,0.98,0.968,0.944,0.036,0.414,0.403,0.38,0.034,
2026-09-03T06:06:05+00:00,SF07,15_20260902_082418.755,65,600.0,A4x16-Lin-5mm-50s-300,A4x16-Lin-5mm-50s-300_reversed.xml,identity,0.478,23,0.571,7,0.438,16,1.3,1.35,1.14,0.16,23,0.973,0.969,0.944,0.028,0.408,0.404,0.38,0.028,
2026-09-03T06:06:05+00:00,SF07,15_20260902_082418.755,65,600.0,A4x16-Lin-5mm-50s-300,A4x16-Lin-5mm-50s-300.xml,v57fix,0.783,23,1.0,7,0.688,16,1.47,1.32,1.14,0.33,23,0.985,0.968,0.944,0.041,0.423,0.403,0.38,0.043,
2026-09-03T06:06:05+00:00,SF07,15_20260902_082418.755,65,600.0,A4x16-Lin-5mm-50s-300,A4x16-Lin-5mm-50s-300_reversed.xml,v57fix,0.391,23,0.286,7,0.438,16,1.3,1.35,1.14,0.16,23,0.971,0.97,0.944,0.026,0.406,0.405,0.38,0.026,
2026-09-03T06:06:05+00:00,SF07,15_20260902_082418.755,65,600.0,A4x16-Lin-5mm-50s-300,A4x16-Lin-5mm-50s-300.xml,v57inv,0.522,23,0.143,7,0.688,16,1.47,1.33,1.14,0.33,23,0.981,0.968,0.944,0.037,0.416,0.402,0.381,0.036,
2026-09-03T06:06:05+00:00,SF07,15_20260902_082418.755,65,600.0,A4x16-Lin-5mm-50s-300,A4x16-Lin-5mm-50s-300_reversed.xml,v57inv,0.304,23,0.0,7,0.438,16,1.32,1.35,1.14,0.18,23,0.97,0.97,0.944,0.025,0.407,0.403,0.381,0.026,
2026-09-03T06:06:05+00:00,SF07,15_20260902_082418.755,65,600.0,A4x16-Lin-5mm-50s-300,A4x16-Lin-5mm-50s-300.xml,wildmap,0.043,23,0.0,7,0.062,16,1.36,1.26,1.18,0.18,23,0.972,0.966,0.945,0.027,0.397,0.396,0.383,0.015,
2026-09-03T06:06:05+00:00,SF07,15_20260902_082418.755,65,600.0,A4x16-Lin-5mm-50s-300,A4x16-Lin-5mm-50s-300_reversed.xml,wildmap,0.0,23,0.0,7,0.0,16,1.18,1.29,1.18,-0.0,23,0.963,0.968,0.945,0.018,0.393,0.397,0.383,0.01,
2026-09-03T06:06:05+00:00,SF07,15_20260902_082418.755,65,600.0,A4x16-Lin-5mm-50s-300,A4x16-Lin-5mm-50s-300.xml,wildmap_inv,0.043,23,0.0,7,0.062,16,1.26,1.25,1.19,0.07,23,0.964,0.967,0.945,0.019,0.39,0.393,0.384,0.006,
2026-09-03T06:06:05+00:00,SF07,15_20260902_082418.755,65,600.0,A4x16-Lin-5mm-50s-300,A4x16-Lin-5mm-50s-300_reversed.xml,wildmap_inv,0.043,23,0.0,7,0.062,16,1.3,1.24,1.19,0.11,23,0.973,0.966,0.945,0.028,0.391,0.393,0.384,0.007,
2026-09-03T06:06:05+00:00,SF07,15_20260902_082418.755,65,600.0,A4x16-Lin-5mm-50s-300,A4x16-Lin-5mm-50s-300.xml,wildmap+v57fix,0.087,23,0.143,7,0.062,16,1.38,1.25,1.18,0.2,23,0.971,0.967,0.945,0.025,0.401,0.395,0.383,0.018,
2026-09-03T06:06:05+00:00,SF07,15_20260902_082418.755,65,600.0,A4x16-Lin-5mm-50s-300,A4x16-Lin-5mm-50s-300_reversed.xml,wildmap+v57fix,0.0,23,0.0,7,0.0,16,1.18,1.28,1.18,-0.01,23,0.965,0.967,0.945,0.02,0.394,0.396,0.383,0.011,
2026-09-03T06:06:05+00:00,SF07,15_20260902_082418.755,65,600.0,A4x16-Lin-5mm-50s-300,A4x16-Lin-5mm-50s-300.xml,wildmap_inv+v57fix,0.087,23,0.143,7,0.062,16,1.26,1.25,1.19,0.07,23,0.962,0.967,0.945,0.017,0.392,0.393,0.384,0.008,
2026-09-03T06:06:05+00:00,SF07,15_20260902_082418.755,65,600.0,A4x16-Lin-5mm-50s-300,A4x16-Lin-5mm-50s-300_reversed.xml,wildmap_inv+v57fix,0.087,23,0.143,7,0.062,16,1.3,1.24,1.19,0.11,23,0.97,0.966,0.945,0.025,0.39,0.393,0.384,0.006,
2026-09-03T06:12:18+00:00,SF09,3_20260831_190834.640,64,600.0,A5x12_16-Buz_lin-5mm-100-200-160_177,A5x12_16-Buz_lin-5mm-100-200-160_177_version1.xml,identity,0.148,54,0.276,29,0.0,25,1.55,1.51,1.29,0.27,62,0.731,0.736,0.589,0.143,0.494,0.502,0.474,0.019,2 4 32 36 54 56 58 62
2026-09-03T06:12:18+00:00,SF09,3_20260831_190834.640,64,600.0,A5x12_16-Buz_lin-5mm-100-200-160_177,A5x12_16-Buz_lin-5mm-100-200-160_177_version2.xml,identity,0.111,54,0.138,29,0.08,25,1.44,1.55,1.29,0.15,62,0.732,0.725,0.59,0.141,0.482,0.495,0.476,0.006,2 4 32 36 54 56 58 62
2026-09-03T06:12:18+00:00,SF09,3_20260831_190834.640,64,600.0,A5x12_16-Buz_lin-5mm-100-200-160_177,A5x12_16-Buz_lin-5mm-100-200-160_177_version1.xml,v57fix,0.111,54,0.172,29,0.04,25,1.47,1.51,1.3,0.17,62,0.695,0.713,0.595,0.1,0.489,0.5,0.475,0.014,2 4 32 36 54 56 58 62
2026-09-03T06:12:18+00:00,SF09,3_20260831_190834.640,64,600.0,A5x12_16-Buz_lin-5mm-100-200-160_177,A5x12_16-Buz_lin-5mm-100-200-160_177_version2.xml,v57fix,0.185,54,0.207,29,0.16,25,1.65,1.7,1.25,0.4,62,0.733,0.754,0.585,0.148,0.505,0.51,0.472,0.033,2 4 32 36 54 56 58 62
2026-09-03T06:12:18+00:00,SF09,3_20260831_190834.640,64,600.0,A5x12_16-Buz_lin-5mm-100-200-160_177,A5x12_16-Buz_lin-5mm-100-200-160_177_version1.xml,v57inv,0.074,54,0.138,29,0.0,25,1.48,1.44,1.31,0.17,62,0.717,0.665,0.602,0.115,0.483,0.494,0.476,0.007,2 4 32 36 54 56 58 62
2026-09-03T06:12:18+00:00,SF09,3_20260831_190834.640,64,600.0,A5x12_16-Buz_lin-5mm-100-200-160_177,A5x12_16-Buz_lin-5mm-100-200-160_177_version2.xml,v57inv,0.093,54,0.069,29,0.12,25,1.54,1.63,1.27,0.27,62,0.777,0.749,0.583,0.194,0.494,0.503,0.474,0.02,2 4 32 36 54 56 58 62
2026-09-03T06:12:18+00:00,SF09,3_20260831_190834.640,64,600.0,A5x12_16-Buz_lin-5mm-100-200-160_177,A5x12_16-Buz_lin-5mm-100-200-160_177_version1.xml,wildmap,0.093,54,0.138,29,0.04,25,1.55,1.43,1.31,0.25,62,0.716,0.729,0.592,0.124,0.494,0.49,0.477,0.017,2 4 32 36 54 56 58 62
2026-09-03T06:12:18+00:00,SF09,3_20260831_190834.640,64,600.0,A5x12_16-Buz_lin-5mm-100-200-160_177,A5x12_16-Buz_lin-5mm-100-200-160_177_version2.xml,wildmap,0.037,54,0.034,29,0.04,25,1.28,1.41,1.33,-0.04,62,0.719,0.703,0.595,0.124,0.484,0.487,0.478,0.006,2 4 32 36 54 56 58 62
2026-09-03T06:12:18+00:00,SF09,3_20260831_190834.640,64,600.0,A5x12_16-Buz_lin-5mm-100-200-160_177,A5x12_16-Buz_lin-5mm-100-200-160_177_version1.xml,wildmap_inv,0.13,54,0.172,29,0.08,25,1.5,1.42,1.31,0.19,62,0.751,0.727,0.59,0.162,0.497,0.489,0.477,0.02,2 4 32 36 54 56 58 62
2026-09-03T06:12:18+00:00,SF09,3_20260831_190834.640,64,600.0,A5x12_16-Buz_lin-5mm-100-200-160_177,A5x12_16-Buz_lin-5mm-100-200-160_177_version2.xml,wildmap_inv,0.0,54,0.0,29,0.0,25,1.33,1.4,1.32,0.0,62,0.735,0.697,0.595,0.14,0.483,0.486,0.478,0.005,2 4 32 36 54 56 58 62
2026-09-03T06:12:18+00:00,SF09,3_20260831_190834.640,64,600.0,A5x12_16-Buz_lin-5mm-100-200-160_177,A5x12_16-Buz_lin-5mm-100-200-160_177_version1.xml,wildmap+v57fix,0.019,54,0.034,29,0.0,25,1.33,1.44,1.32,0.01,62,0.728,0.726,0.591,0.137,0.482,0.49,0.477,0.004,2 4 32 36 54 56 58 62
2026-09-03T06:12:18+00:00,SF09,3_20260831_190834.640,64,600.0,A5x12_16-Buz_lin-5mm-100-200-160_177,A5x12_16-Buz_lin-5mm-100-200-160_177_version2.xml,wildmap+v57fix,0.056,54,0.103,29,0.0,25,1.37,1.48,1.31,0.06,62,0.731,0.701,0.595,0.136,0.486,0.495,0.476,0.01,2 4 32 36 54 56 58 62
2026-09-03T06:12:18+00:00,SF09,3_20260831_190834.640,64,600.0,A5x12_16-Buz_lin-5mm-100-200-160_177,A5x12_16-Buz_lin-5mm-100-200-160_177_version1.xml,wildmap_inv+v57fix,0.056,54,0.069,29,0.04,25,1.28,1.43,1.32,-0.05,62,0.725,0.729,0.591,0.134,0.479,0.489,0.478,0.001,2 4 32 36 54 56 58 62
2026-09-03T06:12:18+00:00,SF09,3_20260831_190834.640,64,600.0,A5x12_16-Buz_lin-5mm-100-200-160_177,A5x12_16-Buz_lin-5mm-100-200-160_177_version2.xml,wildmap_inv+v57fix,0.056,54,0.103,29,0.0,25,1.44,1.41,1.32,0.13,62,0.754,0.665,0.599,0.154,0.491,0.489,0.477,0.014,2 4 32 36 54 56 58 62
2026-09-03T06:17:31+00:00,SF08,1_20260831_190229.919,64,600.0,A4x16-Lin-5mm-50s-300,A4x16-Lin-5mm-50s-300.xml,identity,0.051,59,0.034,29,0.067,30,1.26,1.28,1.16,0.1,60,0.74,0.763,0.758,-0.018,0.636,0.636,0.61,0.026,32
2026-09-03T06:17:31+00:00,SF08,1_20260831_190229.919,64,600.0,A4x16-Lin-5mm-50s-300,A4x16-Lin-5mm-50s-300_reversed.xml,identity,0.119,59,0.069,29,0.167,30,1.27,1.28,1.16,0.11,60,0.79,0.756,0.758,0.032,0.641,0.635,0.61,0.031,32
2026-09-03T06:17:31+00:00,SF08,1_20260831_190229.919,64,600.0,A4x16-Lin-5mm-50s-300,A4x16-Lin-5mm-50s-300.xml,v57fix,0.034,59,0.0,29,0.067,30,1.25,1.28,1.15,0.1,60,0.758,0.76,0.758,-0.001,0.636,0.637,0.61,0.026,32
2026-09-03T06:17:31+00:00,SF08,1_20260831_190229.919,64,600.0,A4x16-Lin-5mm-50s-300,A4x16-Lin-5mm-50s-300_reversed.xml,v57fix,0.085,59,0.0,29,0.167,30,1.23,1.29,1.15,0.07,60,0.78,0.757,0.758,0.022,0.638,0.636,0.61,0.028,32
2026-09-03T06:17:31+00:00,SF08,1_20260831_190229.919,64,600.0,A4x16-Lin-5mm-50s-300,A4x16-Lin-5mm-50s-300.xml,v57inv,0.085,59,0.103,29,0.067,30,1.25,1.28,1.16,0.1,60,0.761,0.766,0.757,0.004,0.635,0.635,0.61,0.025,32
2026-09-03T06:17:31+00:00,SF08,1_20260831_190229.919,64,600.0,A4x16-Lin-5mm-50s-300,A4x16-Lin-5mm-50s-300_reversed.xml,v57inv,0.169,59,0.172,29,0.167,30,1.28,1.28,1.16,0.12,60,0.79,0.761,0.757,0.033,0.642,0.634,0.61,0.032,32
2026-09-03T06:17:31+00:00,SF08,1_20260831_190229.919,64,600.0,A4x16-Lin-5mm-50s-300,A4x16-Lin-5mm-50s-300.xml,wildmap,0.051,59,0.0,29,0.1,30,1.18,1.22,1.17,0.01,60,0.76,0.763,0.757,0.003,0.626,0.628,0.612,0.014,32
2026-09-03T06:17:31+00:00,SF08,1_20260831_190229.919,64,600.0,A4x16-Lin-5mm-50s-300,A4x16-Lin-5mm-50s-300_reversed.xml,wildmap,0.034,59,0.0,29,0.067,30,1.18,1.22,1.17,0.0,60,0.761,0.763,0.757,0.003,0.624,0.628,0.612,0.012,32
2026-09-03T06:17:31+00:00,SF08,1_20260831_190229.919,64,600.0,A4x16-Lin-5mm-50s-300,A4x16-Lin-5mm-50s-300.xml,wildmap_inv,0.085,59,0.069,29,0.1,30,1.18,1.21,1.18,0.01,60,0.83,0.76,0.755,0.074,0.624,0.624,0.614,0.011,32
2026-09-03T06:17:31+00:00,SF08,1_20260831_190229.919,64,600.0,A4x16-Lin-5mm-50s-300,A4x16-Lin-5mm-50s-300_reversed.xml,wildmap_inv,0.085,59,0.103,29,0.067,30,1.19,1.21,1.18,0.01,60,0.742,0.773,0.755,-0.014,0.622,0.624,0.614,0.008,32
2026-09-03T06:17:31+00:00,SF08,1_20260831_190229.919,64,600.0,A4x16-Lin-5mm-50s-300,A4x16-Lin-5mm-50s-300.xml,wildmap+v57fix,0.051,59,0.0,29,0.1,30,1.17,1.22,1.17,-0.0,60,0.73,0.765,0.758,-0.028,0.622,0.628,0.613,0.009,32
2026-09-03T06:17:31+00:00,SF08,1_20260831_190229.919,64,600.0,A4x16-Lin-5mm-50s-300,A4x16-Lin-5mm-50s-300_reversed.xml,wildmap+v57fix,0.051,59,0.034,29,0.067,30,1.18,1.22,1.17,0.01,60,0.759,0.76,0.758,0.001,0.625,0.627,0.613,0.013,32
2026-09-03T06:17:31+00:00,SF08,1_20260831_190229.919,64,600.0,A4x16-Lin-5mm-50s-300,A4x16-Lin-5mm-50s-300.xml,wildmap_inv+v57fix,0.102,59,0.103,29,0.1,30,1.21,1.21,1.18,0.03,60,0.821,0.762,0.755,0.066,0.621,0.625,0.613,0.008,32
2026-09-03T06:17:31+00:00,SF08,1_20260831_190229.919,64,600.0,A4x16-Lin-5mm-50s-300,A4x16-Lin-5mm-50s-300_reversed.xml,wildmap_inv+v57fix,0.051,59,0.034,29,0.067,30,1.24,1.2,1.18,0.06,60,0.782,0.768,0.755,0.027,0.627,0.624,0.613,0.014,32
2026-09-03T06:27:35+00:00,SF11,1_20260831_191341.611,64,600.0,A4x16-Lin-5mm-50s-300,A4x16-Lin-5mm-50s-300.xml,identity,0.103,58,0.069,29,0.138,29,1.42,1.26,1.14,0.28,58,0.947,0.942,0.935,0.012,0.629,0.624,0.603,0.026,
2026-09-03T06:27:35+00:00,SF11,1_20260831_191341.611,64,600.0,A4x16-Lin-5mm-50s-300,A4x16-Lin-5mm-50s-300_reversed.xml,identity,0.103,58,0.069,29,0.138,29,1.27,1.29,1.14,0.13,58,0.95,0.941,0.935,0.014,0.631,0.624,0.603,0.028,
2026-09-03T06:27:35+00:00,SF11,1_20260831_191341.611,64,600.0,A4x16-Lin-5mm-50s-300,A4x16-Lin-5mm-50s-300.xml,v57fix,0.086,58,0.034,29,0.138,29,1.35,1.28,1.14,0.2,58,0.946,0.942,0.936,0.01,0.629,0.625,0.603,0.026,
2026-09-03T06:27:35+00:00,SF11,1_20260831_191341.611,64,600.0,A4x16-Lin-5mm-50s-300,A4x16-Lin-5mm-50s-300_reversed.xml,v57fix,0.121,58,0.103,29,0.138,29,1.38,1.28,1.14,0.23,58,0.947,0.941,0.936,0.012,0.632,0.625,0.603,0.029,
2026-09-03T06:27:35+00:00,SF11,1_20260831_191341.611,64,600.0,A4x16-Lin-5mm-50s-300,A4x16-Lin-5mm-50s-300.xml,v57inv,0.155,58,0.172,29,0.138,29,1.35,1.27,1.15,0.2,58,0.944,0.943,0.935,0.009,0.629,0.624,0.604,0.026,
2026-09-03T06:27:35+00:00,SF11,1_20260831_191341.611,64,600.0,A4x16-Lin-5mm-50s-300,A4x16-Lin-5mm-50s-300_reversed.xml,v57inv,0.207,58,0.276,29,0.138,29,1.39,1.26,1.15,0.25,58,0.954,0.941,0.935,0.019,0.638,0.622,0.604,0.034,
2026-09-03T06:27:35+00:00,SF11,1_20260831_191341.611,64,600.0,A4x16-Lin-5mm-50s-300,A4x16-Lin-5mm-50s-300.xml,wildmap,0.034,58,0.034,29,0.034,29,1.29,1.2,1.17,0.12,58,0.947,0.941,0.936,0.012,0.62,0.619,0.605,0.015,
2026-09-03T06:27:35+00:00,SF11,1_20260831_191341.611,64,600.0,A4x16-Lin-5mm-50s-300,A4x16-Lin-5mm-50s-300_reversed.xml,wildmap,0.069,58,0.103,29,0.034,29,1.2,1.21,1.17,0.04,58,0.944,0.942,0.936,0.008,0.62,0.619,0.605,0.015,
2026-09-03T06:27:35+00:00,SF11,1_20260831_191341.611,64,600.0,A4x16-Lin-5mm-50s-300,A4x16-Lin-5mm-50s-300.xml,wildmap_inv,0.052,58,0.034,29,0.069,29,1.28,1.21,1.17,0.11,58,0.949,0.941,0.935,0.013,0.618,0.615,0.606,0.012,
2026-09-03T06:27:35+00:00,SF11,1_20260831_191341.611,64,600.0,A4x16-Lin-5mm-50s-300,A4x16-Lin-5mm-50s-300_reversed.xml,wildmap_inv,0.086,58,0.0,29,0.172,29,1.26,1.21,1.17,0.1,58,0.947,0.942,0.935,0.011,0.613,0.616,0.606,0.007,
2026-09-03T06:27:35+00:00,SF11,1_20260831_191341.611,64,600.0,A4x16-Lin-5mm-50s-300,A4x16-Lin-5mm-50s-300.xml,wildmap+v57fix,0.034,58,0.034,29,0.034,29,1.17,1.22,1.17,0.0,58,0.942,0.942,0.936,0.007,0.617,0.619,0.605,0.011,
2026-09-03T06:27:35+00:00,SF11,1_20260831_191341.611,64,600.0,A4x16-Lin-5mm-50s-300,A4x16-Lin-5mm-50s-300_reversed.xml,wildmap+v57fix,0.069,58,0.103,29,0.034,29,1.3,1.2,1.17,0.13,58,0.946,0.941,0.936,0.01,0.623,0.619,0.605,0.018,
2026-09-03T06:27:35+00:00,SF11,1_20260831_191341.611,64,600.0,A4x16-Lin-5mm-50s-300,A4x16-Lin-5mm-50s-300.xml,wildmap_inv+v57fix,0.034,58,0.0,29,0.069,29,1.16,1.23,1.17,-0.01,58,0.944,0.942,0.935,0.008,0.614,0.617,0.606,0.008,
2026-09-03T06:27:35+00:00,SF11,1_20260831_191341.611,64,600.0,A4x16-Lin-5mm-50s-300,A4x16-Lin-5mm-50s-300_reversed.xml,wildmap_inv+v57fix,0.121,58,0.069,29,0.172,29,1.39,1.19,1.17,0.22,58,0.953,0.941,0.935,0.018,0.622,0.615,0.606,0.016,
2026-09-03T06:40:31+00:00,SF09,3_20260831_190834.640,64,600.0,A5x12_16-Buz_lin-5mm-100-200-160_177,A5x12_16-Buz_lin-5mm-100-200-160_177_version1.xml,identity,0.148,54,0.276,29,0.0,25,1.55,1.51,1.29,0.27,62,0.731,0.736,0.589,0.143,0.494,0.502,0.474,0.019,2 4 32 36 54 56 58 62
2026-09-03T06:40:31+00:00,SF09,3_20260831_190834.640,64,600.0,A5x12_16-Buz_lin-5mm-100-200-160_177,A5x12_16-Buz_lin-5mm-100-200-160_177_version2.xml,identity,0.111,54,0.138,29,0.08,25,1.44,1.55,1.29,0.15,62,0.732,0.725,0.59,0.141,0.482,0.495,0.476,0.006,2 4 32 36 54 56 58 62
2026-09-03T06:40:31+00:00,SF09,3_20260831_190834.640,64,600.0,A5x12_16-Buz_lin-5mm-100-200-160_177,A5x12_16-Buz_lin-5mm-100-200-160_177_version1.xml,v57fix,0.111,54,0.172,29,0.04,25,1.47,1.51,1.3,0.17,62,0.695,0.713,0.595,0.1,0.489,0.5,0.475,0.014,2 4 32 36 54 56 58 62
2026-09-03T06:40:31+00:00,SF09,3_20260831_190834.640,64,600.0,A5x12_16-Buz_lin-5mm-100-200-160_177,A5x12_16-Buz_lin-5mm-100-200-160_177_version2.xml,v57fix,0.185,54,0.207,29,0.16,25,1.65,1.7,1.25,0.4,62,0.733,0.754,0.585,0.148,0.505,0.51,0.472,0.033,2 4 32 36 54 56 58 62
2026-09-03T06:40:31+00:00,SF09,3_20260831_190834.640,64,600.0,A5x12_16-Buz_lin-5mm-100-200-160_177,A5x12_16-Buz_lin-5mm-100-200-160_177_version1.xml,v57inv,0.074,54,0.138,29,0.0,25,1.48,1.44,1.31,0.17,62,0.717,0.665,0.602,0.115,0.483,0.494,0.476,0.007,2 4 32 36 54 56 58 62
2026-09-03T06:40:31+00:00,SF09,3_20260831_190834.640,64,600.0,A5x12_16-Buz_lin-5mm-100-200-160_177,A5x12_16-Buz_lin-5mm-100-200-160_177_version2.xml,v57inv,0.093,54,0.069,29,0.12,25,1.54,1.63,1.27,0.27,62,0.777,0.749,0.583,0.194,0.494,0.503,0.474,0.02,2 4 32 36 54 56 58 62
2026-09-03T06:40:31+00:00,SF09,3_20260831_190834.640,64,600.0,A5x12_16-Buz_lin-5mm-100-200-160_177,A5x12_16-Buz_lin-5mm-100-200-160_177_version1.xml,wildmap,0.093,54,0.138,29,0.04,25,1.55,1.43,1.31,0.25,62,0.716,0.729,0.592,0.124,0.494,0.49,0.477,0.017,2 4 32 36 54 56 58 62
2026-09-03T06:40:31+00:00,SF09,3_20260831_190834.640,64,600.0,A5x12_16-Buz_lin-5mm-100-200-160_177,A5x12_16-Buz_lin-5mm-100-200-160_177_version2.xml,wildmap,0.037,54,0.034,29,0.04,25,1.28,1.41,1.33,-0.04,62,0.719,0.703,0.595,0.124,0.484,0.487,0.478,0.006,2 4 32 36 54 56 58 62
2026-09-03T06:40:31+00:00,SF09,3_20260831_190834.640,64,600.0,A5x12_16-Buz_lin-5mm-100-200-160_177,A5x12_16-Buz_lin-5mm-100-200-160_177_version1.xml,wildmap_inv,0.13,54,0.172,29,0.08,25,1.5,1.42,1.31,0.19,62,0.751,0.727,0.59,0.162,0.497,0.489,0.477,0.02,2 4 32 36 54 56 58 62
2026-09-03T06:40:31+00:00,SF09,3_20260831_190834.640,64,600.0,A5x12_16-Buz_lin-5mm-100-200-160_177,A5x12_16-Buz_lin-5mm-100-200-160_177_version2.xml,wildmap_inv,0.0,54,0.0,29,0.0,25,1.33,1.4,1.32,0.0,62,0.735,0.697,0.595,0.14,0.483,0.486,0.478,0.005,2 4 32 36 54 56 58 62
2026-09-03T06:40:31+00:00,SF09,3_20260831_190834.640,64,600.0,A5x12_16-Buz_lin-5mm-100-200-160_177,A5x12_16-Buz_lin-5mm-100-200-160_177_version1.xml,wildmap+v57fix,0.019,54,0.034,29,0.0,25,1.33,1.44,1.32,0.01,62,0.728,0.726,0.591,0.137,0.482,0.49,0.477,0.004,2 4 32 36 54 56 58 62
2026-09-03T06:40:31+00:00,SF09,3_20260831_190834.640,64,600.0,A5x12_16-Buz_lin-5mm-100-200-160_177,A5x12_16-Buz_lin-5mm-100-200-160_177_version2.xml,wildmap+v57fix,0.056,54,0.103,29,0.0,25,1.37,1.48,1.31,0.06,62,0.731,0.701,0.595,0.136,0.486,0.495,0.476,0.01,2 4 32 36 54 56 58 62
2026-09-03T06:40:31+00:00,SF09,3_20260831_190834.640,64,600.0,A5x12_16-Buz_lin-5mm-100-200-160_177,A5x12_16-Buz_lin-5mm-100-200-160_177_version1.xml,wildmap_inv+v57fix,0.056,54,0.069,29,0.04,25,1.28,1.43,1.32,-0.05,62,0.725,0.729,0.591,0.134,0.479,0.489,0.478,0.001,2 4 32 36 54 56 58 62
2026-09-03T06:40:31+00:00,SF09,3_20260831_190834.640,64,600.0,A5x12_16-Buz_lin-5mm-100-200-160_177,A5x12_16-Buz_lin-5mm-100-200-160_177_version2.xml,wildmap_inv+v57fix,0.056,54,0.103,29,0.0,25,1.44,1.41,1.32,0.13,62,0.754,0.665,0.599,0.154,0.491,0.489,0.477,0.014,2 4 32 36 54 56 58 62
2026-09-03T06:45:46+00:00,SF07,15_20260902_082418.755,65,600.0,A4x16-Lin-5mm-50s-300,A4x16-Lin-5mm-50s-300.xml,identity,0.565,23,0.286,7,0.688,16,1.52,1.33,1.14,0.38,23,0.98,0.968,0.944,0.036,0.414,0.403,0.38,0.034,
2026-09-03T06:45:46+00:00,SF07,15_20260902_082418.755,65,600.0,A4x16-Lin-5mm-50s-300,A4x16-Lin-5mm-50s-300_reversed.xml,identity,0.478,23,0.571,7,0.438,16,1.3,1.35,1.14,0.16,23,0.973,0.969,0.944,0.028,0.408,0.404,0.38,0.028,
2026-09-03T06:45:46+00:00,SF07,15_20260902_082418.755,65,600.0,A4x16-Lin-5mm-50s-300,A4x16-Lin-5mm-50s-300.xml,v57fix,0.783,23,1.0,7,0.688,16,1.47,1.32,1.14,0.33,23,0.985,0.968,0.944,0.041,0.423,0.403,0.38,0.043,
2026-09-03T06:45:46+00:00,SF07,15_20260902_082418.755,65,600.0,A4x16-Lin-5mm-50s-300,A4x16-Lin-5mm-50s-300_reversed.xml,v57fix,0.391,23,0.286,7,0.438,16,1.3,1.35,1.14,0.16,23,0.971,0.97,0.944,0.026,0.406,0.405,0.38,0.026,
2026-09-03T06:45:46+00:00,SF07,15_20260902_082418.755,65,600.0,A4x16-Lin-5mm-50s-300,A4x16-Lin-5mm-50s-300.xml,v57inv,0.522,23,0.143,7,0.688,16,1.47,1.33,1.14,0.33,23,0.981,0.968,0.944,0.037,0.416,0.402,0.381,0.036,
2026-09-03T06:45:46+00:00,SF07,15_20260902_082418.755,65,600.0,A4x16-Lin-5mm-50s-300,A4x16-Lin-5mm-50s-300_reversed.xml,v57inv,0.304,23,0.0,7,0.438,16,1.32,1.35,1.14,0.18,23,0.97,0.97,0.944,0.025,0.407,0.403,0.381,0.026,
2026-09-03T06:45:46+00:00,SF07,15_20260902_082418.755,65,600.0,A4x16-Lin-5mm-50s-300,A4x16-Lin-5mm-50s-300.xml,wildmap,0.043,23,0.0,7,0.062,16,1.36,1.26,1.18,0.18,23,0.972,0.966,0.945,0.027,0.397,0.396,0.383,0.015,
2026-09-03T06:45:46+00:00,SF07,15_20260902_082418.755,65,600.0,A4x16-Lin-5mm-50s-300,A4x16-Lin-5mm-50s-300_reversed.xml,wildmap,0.0,23,0.0,7,0.0,16,1.18,1.29,1.18,-0.0,23,0.963,0.968,0.945,0.018,0.393,0.397,0.383,0.01,
2026-09-03T06:45:46+00:00,SF07,15_20260902_082418.755,65,600.0,A4x16-Lin-5mm-50s-300,A4x16-Lin-5mm-50s-300.xml,wildmap_inv,0.043,23,0.0,7,0.062,16,1.26,1.25,1.19,0.07,23,0.964,0.967,0.945,0.019,0.39,0.393,0.384,0.006,
2026-09-03T06:45:46+00:00,SF07,15_20260902_082418.755,65,600.0,A4x16-Lin-5mm-50s-300,A4x16-Lin-5mm-50s-300_reversed.xml,wildmap_inv,0.043,23,0.0,7,0.062,16,1.3,1.24,1.19,0.11,23,0.973,0.966,0.945,0.028,0.391,0.393,0.384,0.007,
2026-09-03T06:45:46+00:00,SF07,15_20260902_082418.755,65,600.0,A4x16-Lin-5mm-50s-300,A4x16-Lin-5mm-50s-300.xml,wildmap+v57fix,0.087,23,0.143,7,0.062,16,1.38,1.25,1.18,0.2,23,0.971,0.967,0.945,0.025,0.401,0.395,0.383,0.018,
2026-09-03T06:45:46+00:00,SF07,15_20260902_082418.755,65,600.0,A4x16-Lin-5mm-50s-300,A4x16-Lin-5mm-50s-300_reversed.xml,wildmap+v57fix,0.0,23,0.0,7,0.0,16,1.18,1.28,1.18,-0.01,23,0.965,0.967,0.945,0.02,0.394,0.396,0.383,0.011,
2026-09-03T06:45:46+00:00,SF07,15_20260902_082418.755,65,600.0,A4x16-Lin-5mm-50s-300,A4x16-Lin-5mm-50s-300.xml,wildmap_inv+v57fix,0.087,23,0.143,7,0.062,16,1.26,1.25,1.19,0.07,23,0.962,0.967,0.945,0.017,0.392,0.393,0.384,0.008,
2026-09-03T06:45:46+00:00,SF07,15_20260902_082418.755,65,600.0,A4x16-Lin-5mm-50s-300,A4x16-Lin-5mm-50s-300_reversed.xml,wildmap_inv+v57fix,0.087,23,0.143,7,0.062,16,1.3,1.24,1.19,0.11,23,0.97,0.966,0.945,0.025,0.39,0.393,0.384,0.006,
2026-09-03T06:57:47+00:00,SF07,2_20260901_002100.939,64,600.0,A4x16-Lin-5mm-50s-300,A4x16-Lin-5mm-50s-300.xml,identity,0.234,47,0.0,22,0.44,25,1.27,1.19,1.14,0.13,47,0.98,0.968,0.943,0.037,0.307,0.295,0.265,0.043,
2026-09-03T06:57:47+00:00,SF07,2_20260901_002100.939,64,600.0,A4x16-Lin-5mm-50s-300,A4x16-Lin-5mm-50s-300_reversed.xml,identity,0.149,47,0.045,22,0.24,25,1.18,1.21,1.14,0.04,47,0.972,0.969,0.943,0.029,0.298,0.296,0.265,0.033,
2026-09-03T06:57:47+00:00,SF07,2_20260901_002100.939,64,600.0,A4x16-Lin-5mm-50s-300,A4x16-Lin-5mm-50s-300.xml,v57fix,0.319,47,0.182,22,0.44,25,1.27,1.19,1.14,0.13,47,0.985,0.968,0.943,0.042,0.32,0.295,0.264,0.055,
2026-09-03T06:57:47+00:00,SF07,2_20260901_002100.939,64,600.0,A4x16-Lin-5mm-50s-300,A4x16-Lin-5mm-50s-300_reversed.xml,v57fix,0.17,47,0.091,22,0.24,25,1.18,1.21,1.14,0.04,47,0.97,0.97,0.943,0.028,0.296,0.298,0.264,0.031,
2026-09-03T06:57:47+00:00,SF07,2_20260901_002100.939,64,600.0,A4x16-Lin-5mm-50s-300,A4x16-Lin-5mm-50s-300.xml,v57inv,0.255,47,0.045,22,0.44,25,1.27,1.19,1.14,0.13,47,0.981,0.968,0.943,0.038,0.311,0.293,0.265,0.046,
2026-09-03T06:57:47+00:00,SF07,2_20260901_002100.939,64,600.0,A4x16-Lin-5mm-50s-300,A4x16-Lin-5mm-50s-300_reversed.xml,v57inv,0.128,47,0.0,22,0.24,25,1.18,1.21,1.14,0.04,47,0.97,0.97,0.943,0.027,0.299,0.294,0.265,0.033,
2026-09-03T06:57:47+00:00,SF07,2_20260901_002100.939,64,600.0,A4x16-Lin-5mm-50s-300,A4x16-Lin-5mm-50s-300.xml,wildmap,0.064,47,0.0,22,0.12,25,1.22,1.18,1.15,0.07,47,0.972,0.966,0.944,0.028,0.287,0.284,0.269,0.018,
2026-09-03T06:57:47+00:00,SF07,2_20260901_002100.939,64,600.0,A4x16-Lin-5mm-50s-300,A4x16-Lin-5mm-50s-300_reversed.xml,wildmap,0.0,47,0.0,22,0.0,25,1.16,1.18,1.15,0.01,47,0.963,0.968,0.944,0.019,0.282,0.285,0.269,0.013,
2026-09-03T06:57:47+00:00,SF07,2_20260901_002100.939,64,600.0,A4x16-Lin-5mm-50s-300,A4x16-Lin-5mm-50s-300.xml,wildmap_inv,0.0,47,0.0,22,0.0,25,1.16,1.18,1.15,0.01,47,0.965,0.967,0.944,0.021,0.279,0.282,0.27,0.009,
2026-09-03T06:57:47+00:00,SF07,2_20260901_002100.939,64,600.0,A4x16-Lin-5mm-50s-300,A4x16-Lin-5mm-50s-300_reversed.xml,wildmap_inv,0.106,47,0.045,22,0.16,25,1.21,1.17,1.15,0.06,47,0.974,0.965,0.944,0.03,0.28,0.281,0.27,0.01,
2026-09-03T06:57:47+00:00,SF07,2_20260901_002100.939,64,600.0,A4x16-Lin-5mm-50s-300,A4x16-Lin-5mm-50s-300.xml,wildmap+v57fix,0.064,47,0.0,22,0.12,25,1.22,1.17,1.15,0.07,47,0.971,0.967,0.944,0.027,0.29,0.284,0.269,0.021,
2026-09-03T06:57:47+00:00,SF07,2_20260901_002100.939,64,600.0,A4x16-Lin-5mm-50s-300,A4x16-Lin-5mm-50s-300_reversed.xml,wildmap+v57fix,0.043,47,0.091,22,0.0,25,1.17,1.18,1.15,0.02,47,0.965,0.967,0.944,0.021,0.282,0.285,0.269,0.013,
2026-09-03T06:57:47+00:00,SF07,2_20260901_002100.939,64,600.0,A4x16-Lin-5mm-50s-300,A4x16-Lin-5mm-50s-300.xml,wildmap_inv+v57fix,0.021,47,0.045,22,0.0,25,1.16,1.18,1.15,0.01,47,0.962,0.967,0.944,0.018,0.28,0.282,0.27,0.011,
2026-09-03T06:57:47+00:00,SF07,2_20260901_002100.939,64,600.0,A4x16-Lin-5mm-50s-300,A4x16-Lin-5mm-50s-300_reversed.xml,wildmap_inv+v57fix,0.085,47,0.0,22,0.16,25,1.19,1.18,1.15,0.04,47,0.971,0.966,0.944,0.027,0.278,0.282,0.27,0.008,
2026-09-03T07:03:00+00:00,SF08,1_20260831_190229.919,64,600.0,A4x16-Lin-5mm-50s-300,A4x16-Lin-5mm-50s-300.xml,identity,0.051,59,0.034,29,0.067,30,1.26,1.28,1.16,0.1,60,0.74,0.763,0.758,-0.018,0.636,0.636,0.61,0.026,32
2026-09-03T07:03:00+00:00,SF08,1_20260831_190229.919,64,600.0,A4x16-Lin-5mm-50s-300,A4x16-Lin-5mm-50s-300_reversed.xml,identity,0.119,59,0.069,29,0.167,30,1.27,1.28,1.16,0.11,60,0.79,0.756,0.758,0.032,0.641,0.635,0.61,0.031,32
2026-09-03T07:03:00+00:00,SF08,1_20260831_190229.919,64,600.0,A4x16-Lin-5mm-50s-300,A4x16-Lin-5mm-50s-300.xml,v57fix,0.034,59,0.0,29,0.067,30,1.25,1.28,1.15,0.1,60,0.758,0.76,0.758,-0.001,0.636,0.637,0.61,0.026,32
2026-09-03T07:03:00+00:00,SF08,1_20260831_190229.919,64,600.0,A4x16-Lin-5mm-50s-300,A4x16-Lin-5mm-50s-300_reversed.xml,v57fix,0.085,59,0.0,29,0.167,30,1.23,1.29,1.15,0.07,60,0.78,0.757,0.758,0.022,0.638,0.636,0.61,0.028,32
2026-09-03T07:03:00+00:00,SF08,1_20260831_190229.919,64,600.0,A4x16-Lin-5mm-50s-300,A4x16-Lin-5mm-50s-300.xml,v57inv,0.085,59,0.103,29,0.067,30,1.25,1.28,1.16,0.1,60,0.761,0.766,0.757,0.004,0.635,0.635,0.61,0.025,32
2026-09-03T07:03:00+00:00,SF08,1_20260831_190229.919,64,600.0,A4x16-Lin-5mm-50s-300,A4x16-Lin-5mm-50s-300_reversed.xml,v57inv,0.169,59,0.172,29,0.167,30,1.28,1.28,1.16,0.12,60,0.79,0.761,0.757,0.033,0.642,0.634,0.61,0.032,32
2026-09-03T07:03:00+00:00,SF08,1_20260831_190229.919,64,600.0,A4x16-Lin-5mm-50s-300,A4x16-Lin-5mm-50s-300.xml,wildmap,0.051,59,0.0,29,0.1,30,1.18,1.22,1.17,0.01,60,0.76,0.763,0.757,0.003,0.626,0.628,0.612,0.014,32
2026-09-03T07:03:00+00:00,SF08,1_20260831_190229.919,64,600.0,A4x16-Lin-5mm-50s-300,A4x16-Lin-5mm-50s-300_reversed.xml,wildmap,0.034,59,0.0,29,0.067,30,1.18,1.22,1.17,0.0,60,0.761,0.763,0.757,0.003,0.624,0.628,0.612,0.012,32
2026-09-03T07:03:00+00:00,SF08,1_20260831_190229.919,64,600.0,A4x16-Lin-5mm-50s-300,A4x16-Lin-5mm-50s-300.xml,wildmap_inv,0.085,59,0.069,29,0.1,30,1.18,1.21,1.18,0.01,60,0.83,0.76,0.755,0.074,0.624,0.624,0.614,0.011,32
2026-09-03T07:03:00+00:00,SF08,1_20260831_190229.919,64,600.0,A4x16-Lin-5mm-50s-300,A4x16-Lin-5mm-50s-300_reversed.xml,wildmap_inv,0.085,59,0.103,29,0.067,30,1.19,1.21,1.18,0.01,60,0.742,0.773,0.755,-0.014,0.622,0.624,0.614,0.008,32
2026-09-03T07:03:00+00:00,SF08,1_20260831_190229.919,64,600.0,A4x16-Lin-5mm-50s-300,A4x16-Lin-5mm-50s-300.xml,wildmap+v57fix,0.051,59,0.0,29,0.1,30,1.17,1.22,1.17,-0.0,60,0.73,0.765,0.758,-0.028,0.622,0.628,0.613,0.009,32
2026-09-03T07:03:00+00:00,SF08,1_20260831_190229.919,64,600.0,A4x16-Lin-5mm-50s-300,A4x16-Lin-5mm-50s-300_reversed.xml,wildmap+v57fix,0.051,59,0.034,29,0.067,30,1.18,1.22,1.17,0.01,60,0.759,0.76,0.758,0.001,0.625,0.627,0.613,0.013,32
2026-09-03T07:03:00+00:00,SF08,1_20260831_190229.919,64,600.0,A4x16-Lin-5mm-50s-300,A4x16-Lin-5mm-50s-300.xml,wildmap_inv+v57fix,0.102,59,0.103,29,0.1,30,1.21,1.21,1.18,0.03,60,0.821,0.762,0.755,0.066,0.621,0.625,0.613,0.008,32
2026-09-03T07:03:00+00:00,SF08,1_20260831_190229.919,64,600.0,A4x16-Lin-5mm-50s-300,A4x16-Lin-5mm-50s-300_reversed.xml,wildmap_inv+v57fix,0.051,59,0.034,29,0.067,30,1.24,1.2,1.18,0.06,60,0.782,0.768,0.755,0.027,0.627,0.624,0.613,0.014,32
2026-09-03T07:08:17+00:00,SF10,2_20260831_195630.973,64,600.0,A4x16-Lin-5mm-50s-300,A4x16-Lin-5mm-50s-300.xml,identity,0.102,59,0.2,30,0.0,29,1.26,1.36,1.14,0.12,63,0.896,0.892,0.87,0.027,0.167,0.181,0.112,0.055,2 32 34 56
2026-09-03T07:08:17+00:00,SF10,2_20260831_195630.973,64,600.0,A4x16-Lin-5mm-50s-300,A4x16-Lin-5mm-50s-300_reversed.xml,identity,0.22,59,0.333,30,0.103,29,1.41,1.34,1.14,0.27,63,0.902,0.892,0.87,0.033,0.197,0.177,0.112,0.084,2 32 34 56
2026-09-03T07:08:17+00:00,SF10,2_20260831_195630.973,64,600.0,A4x16-Lin-5mm-50s-300,A4x16-Lin-5mm-50s-300.xml,v57fix,0.22,59,0.433,30,0.0,29,1.36,1.36,1.14,0.22,63,0.907,0.892,0.869,0.038,0.181,0.182,0.111,0.07,2 32 34 56
2026-09-03T07:08:17+00:00,SF10,2_20260831_195630.973,64,600.0,A4x16-Lin-5mm-50s-300,A4x16-Lin-5mm-50s-300_reversed.xml,v57fix,0.22,59,0.333,30,0.103,29,1.33,1.36,1.14,0.19,63,0.908,0.891,0.869,0.038,0.19,0.181,0.111,0.078,2 32 34 56
2026-09-03T07:08:17+00:00,SF10,2_20260831_195630.973,64,600.0,A4x16-Lin-5mm-50s-300,A4x16-Lin-5mm-50s-300.xml,v57inv,0.051,59,0.1,30,0.0,29,1.38,1.31,1.15,0.23,63,0.892,0.893,0.87,0.022,0.173,0.175,0.114,0.06,2 32 34 56
2026-09-03T07:08:17+00:00,SF10,2_20260831_195630.973,64,600.0,A4x16-Lin-5mm-50s-300,A4x16-Lin-5mm-50s-300_reversed.xml,v57inv,0.085,59,0.067,30,0.103,29,1.31,1.32,1.15,0.16,63,0.893,0.893,0.87,0.024,0.188,0.173,0.114,0.074,2 32 34 56
2026-09-03T07:08:17+00:00,SF10,2_20260831_195630.973,64,600.0,A4x16-Lin-5mm-50s-300,A4x16-Lin-5mm-50s-300.xml,wildmap,0.085,59,0.1,30,0.069,29,1.21,1.26,1.17,0.04,63,0.861,0.875,0.876,-0.015,0.136,0.153,0.121,0.015,2 32 34 56
2026-09-03T07:08:17+00:00,SF10,2_20260831_195630.973,64,600.0,A4x16-Lin-5mm-50s-300,A4x16-Lin-5mm-50s-300_reversed.xml,wildmap,0.102,59,0.1,30,0.103,29,1.25,1.26,1.17,0.08,63,0.864,0.874,0.876,-0.012,0.15,0.151,0.121,0.029,2 32 34 56
2026-09-03T07:08:17+00:00,SF10,2_20260831_195630.973,64,600.0,A4x16-Lin-5mm-50s-300,A4x16-Lin-5mm-50s-300.xml,wildmap_inv,0.017,59,0.033,30,0.0,29,1.22,1.25,1.17,0.05,63,0.869,0.876,0.875,-0.006,0.15,0.148,0.122,0.028,2 32 34 56
2026-09-03T07:08:17+00:00,SF10,2_20260831_195630.973,64,600.0,A4x16-Lin-5mm-50s-300,A4x16-Lin-5mm-50s-300_reversed.xml,wildmap_inv,0.068,59,0.067,30,0.069,29,1.2,1.26,1.17,0.03,63,0.898,0.872,0.875,0.023,0.146,0.149,0.122,0.024,2 32 34 56
2026-09-03T07:08:17+00:00,SF10,2_20260831_195630.973,64,600.0,A4x16-Lin-5mm-50s-300,A4x16-Lin-5mm-50s-300.xml,wildmap+v57fix,0.085,59,0.1,30,0.069,29,1.18,1.28,1.17,0.01,63,0.871,0.873,0.876,-0.005,0.13,0.153,0.121,0.009,2 32 34 56
2026-09-03T07:08:17+00:00,SF10,2_20260831_195630.973,64,600.0,A4x16-Lin-5mm-50s-300,A4x16-Lin-5mm-50s-300_reversed.xml,wildmap+v57fix,0.169,59,0.233,30,0.103,29,1.34,1.25,1.17,0.17,63,0.871,0.873,0.876,-0.004,0.151,0.15,0.121,0.029,2 32 34 56
2026-09-03T07:08:17+00:00,SF10,2_20260831_195630.973,64,600.0,A4x16-Lin-5mm-50s-300,A4x16-Lin-5mm-50s-300.xml,wildmap_inv+v57fix,0.068,59,0.133,30,0.0,29,1.22,1.26,1.17,0.05,63,0.862,0.879,0.875,-0.012,0.143,0.15,0.122,0.021,2 32 34 56
2026-09-03T07:08:17+00:00,SF10,2_20260831_195630.973,64,600.0,A4x16-Lin-5mm-50s-300,A4x16-Lin-5mm-50s-300_reversed.xml,wildmap_inv+v57fix,0.068,59,0.067,30,0.069,29,1.17,1.27,1.17,-0.0,63,0.885,0.876,0.875,0.011,0.138,0.15,0.122,0.016,2 32 34 56
2026-09-03T07:13:30+00:00,SF11,1_20260831_191341.611,64,600.0,A4x16-Lin-5mm-50s-300,A4x16-Lin-5mm-50s-300.xml,identity,0.103,58,0.069,29,0.138,29,1.42,1.26,1.14,0.28,58,0.947,0.942,0.935,0.012,0.629,0.624,0.603,0.026,
2026-09-03T07:13:30+00:00,SF11,1_20260831_191341.611,64,600.0,A4x16-Lin-5mm-50s-300,A4x16-Lin-5mm-50s-300_reversed.xml,identity,0.103,58,0.069,29,0.138,29,1.27,1.29,1.14,0.13,58,0.95,0.941,0.935,0.014,0.631,0.624,0.603,0.028,
2026-09-03T07:13:30+00:00,SF11,1_20260831_191341.611,64,600.0,A4x16-Lin-5mm-50s-300,A4x16-Lin-5mm-50s-300.xml,v57fix,0.086,58,0.034,29,0.138,29,1.35,1.28,1.14,0.2,58,0.946,0.942,0.936,0.01,0.629,0.625,0.603,0.026,
2026-09-03T07:13:30+00:00,SF11,1_20260831_191341.611,64,600.0,A4x16-Lin-5mm-50s-300,A4x16-Lin-5mm-50s-300_reversed.xml,v57fix,0.121,58,0.103,29,0.138,29,1.38,1.28,1.14,0.23,58,0.947,0.941,0.936,0.012,0.632,0.625,0.603,0.029,
2026-09-03T07:13:30+00:00,SF11,1_20260831_191341.611,64,600.0,A4x16-Lin-5mm-50s-300,A4x16-Lin-5mm-50s-300.xml,v57inv,0.155,58,0.172,29,0.138,29,1.35,1.27,1.15,0.2,58,0.944,0.943,0.935,0.009,0.629,0.624,0.604,0.026,
2026-09-03T07:13:30+00:00,SF11,1_20260831_191341.611,64,600.0,A4x16-Lin-5mm-50s-300,A4x16-Lin-5mm-50s-300_reversed.xml,v57inv,0.207,58,0.276,29,0.138,29,1.39,1.26,1.15,0.25,58,0.954,0.941,0.935,0.019,0.638,0.622,0.604,0.034,
2026-09-03T07:13:30+00:00,SF11,1_20260831_191341.611,64,600.0,A4x16-Lin-5mm-50s-300,A4x16-Lin-5mm-50s-300.xml,wildmap,0.034,58,0.034,29,0.034,29,1.29,1.2,1.17,0.12,58,0.947,0.941,0.936,0.012,0.62,0.619,0.605,0.015,
2026-09-03T07:13:30+00:00,SF11,1_20260831_191341.611,64,600.0,A4x16-Lin-5mm-50s-300,A4x16-Lin-5mm-50s-300_reversed.xml,wildmap,0.069,58,0.103,29,0.034,29,1.2,1.21,1.17,0.04,58,0.944,0.942,0.936,0.008,0.62,0.619,0.605,0.015,
2026-09-03T07:13:30+00:00,SF11,1_20260831_191341.611,64,600.0,A4x16-Lin-5mm-50s-300,A4x16-Lin-5mm-50s-300.xml,wildmap_inv,0.052,58,0.034,29,0.069,29,1.28,1.21,1.17,0.11,58,0.949,0.941,0.935,0.013,0.618,0.615,0.606,0.012,
2026-09-03T07:13:30+00:00,SF11,1_20260831_191341.611,64,600.0,A4x16-Lin-5mm-50s-300,A4x16-Lin-5mm-50s-300_reversed.xml,wildmap_inv,0.086,58,0.0,29,0.172,29,1.26,1.21,1.17,0.1,58,0.947,0.942,0.935,0.011,0.613,0.616,0.606,0.007,
2026-09-03T07:13:30+00:00,SF11,1_20260831_191341.611,64,600.0,A4x16-Lin-5mm-50s-300,A4x16-Lin-5mm-50s-300.xml,wildmap+v57fix,0.034,58,0.034,29,0.034,29,1.17,1.22,1.17,0.0,58,0.942,0.942,0.936,0.007,0.617,0.619,0.605,0.011,
2026-09-03T07:13:30+00:00,SF11,1_20260831_191341.611,64,600.0,A4x16-Lin-5mm-50s-300,A4x16-Lin-5mm-50s-300_reversed.xml,wildmap+v57fix,0.069,58,0.103,29,0.034,29,1.3,1.2,1.17,0.13,58,0.946,0.941,0.936,0.01,0.623,0.619,0.605,0.018,
2026-09-03T07:13:30+00:00,SF11,1_20260831_191341.611,64,600.0,A4x16-Lin-5mm-50s-300,A4x16-Lin-5mm-50s-300.xml,wildmap_inv+v57fix,0.034,58,0.0,29,0.069,29,1.16,1.23,1.17,-0.01,58,0.944,0.942,0.935,0.008,0.614,0.617,0.606,0.008,
2026-09-03T07:13:30+00:00,SF11,1_20260831_191341.611,64,600.0,A4x16-Lin-5mm-50s-300,A4x16-Lin-5mm-50s-300_reversed.xml,wildmap_inv+v57fix,0.121,58,0.069,29,0.172,29,1.39,1.19,1.17,0.22,58,0.953,0.941,0.935,0.018,0.622,0.615,0.606,0.016,
2026-09-03T07:18:37+00:00,SF12,2_20260831_191613.417,64,600.0,A4x16-Lin-5mm-50s-300,A4x16-Lin-5mm-50s-300.xml,identity,0.0,59,0.0,32,0.0,27,1.35,1.4,1.18,0.16,59,0.833,0.815,0.805,0.028,0.54,0.543,0.509,0.031,
2026-09-03T07:18:37+00:00,SF12,2_20260831_191613.417,64,600.0,A4x16-Lin-5mm-50s-300,A4x16-Lin-5mm-50s-300_reversed.xml,identity,0.068,59,0.094,32,0.037,27,1.28,1.41,1.18,0.1,59,0.827,0.816,0.805,0.021,0.541,0.543,0.509,0.032,
2026-09-03T07:18:37+00:00,SF12,2_20260831_191613.417,64,600.0,A4x16-Lin-5mm-50s-300,A4x16-Lin-5mm-50s-300.xml,v57fix,0.051,59,0.094,32,0.0,27,1.31,1.42,1.18,0.13,59,0.836,0.813,0.806,0.03,0.542,0.546,0.508,0.033,
2026-09-03T07:18:37+00:00,SF12,2_20260831_191613.417,64,600.0,A4x16-Lin-5mm-50s-300,A4x16-Lin-5mm-50s-300_reversed.xml,v57fix,0.102,59,0.156,32,0.037,27,1.34,1.42,1.18,0.16,59,0.83,0.814,0.806,0.024,0.55,0.545,0.508,0.042,
2026-09-03T07:18:37+00:00,SF12,2_20260831_191613.417,64,600.0,A4x16-Lin-5mm-50s-300,A4x16-Lin-5mm-50s-300.xml,v57inv,0.085,59,0.156,32,0.0,27,1.39,1.38,1.19,0.2,59,0.841,0.82,0.803,0.037,0.543,0.54,0.51,0.033,
2026-09-03T07:18:37+00:00,SF12,2_20260831_191613.417,64,600.0,A4x16-Lin-5mm-50s-300,A4x16-Lin-5mm-50s-300_reversed.xml,v57inv,0.034,59,0.031,32,0.037,27,1.29,1.39,1.19,0.11,59,0.854,0.818,0.803,0.051,0.542,0.54,0.51,0.032,
2026-09-03T07:18:37+00:00,SF12,2_20260831_191613.417,64,600.0,A4x16-Lin-5mm-50s-300,A4x16-Lin-5mm-50s-300.xml,wildmap,0.017,59,0.0,32,0.037,27,1.19,1.31,1.21,-0.02,59,0.831,0.815,0.805,0.026,0.525,0.533,0.513,0.012,
2026-09-03T07:18:37+00:00,SF12,2_20260831_191613.417,64,600.0,A4x16-Lin-5mm-50s-300,A4x16-Lin-5mm-50s-300_reversed.xml,wildmap,0.102,59,0.125,32,0.074,27,1.47,1.27,1.21,0.25,59,0.848,0.812,0.805,0.043,0.524,0.533,0.513,0.011,
2026-09-03T07:18:37+00:00,SF12,2_20260831_191613.417,64,600.0,A4x16-Lin-5mm-50s-300,A4x16-Lin-5mm-50s-300.xml,wildmap_inv,0.034,59,0.031,32,0.037,27,1.25,1.31,1.21,0.04,59,0.839,0.808,0.807,0.032,0.524,0.53,0.513,0.01,
2026-09-03T07:18:37+00:00,SF12,2_20260831_191613.417,64,600.0,A4x16-Lin-5mm-50s-300,A4x16-Lin-5mm-50s-300_reversed.xml,wildmap_inv,0.085,59,0.031,32,0.148,27,1.25,1.31,1.21,0.04,59,0.833,0.809,0.807,0.026,0.522,0.53,0.513,0.009,
2026-09-03T07:18:37+00:00,SF12,2_20260831_191613.417,64,600.0,A4x16-Lin-5mm-50s-300,A4x16-Lin-5mm-50s-300.xml,wildmap+v57fix,0.051,59,0.062,32,0.037,27,1.19,1.31,1.21,-0.03,59,0.834,0.81,0.806,0.028,0.527,0.531,0.513,0.014,
2026-09-03T07:18:37+00:00,SF12,2_20260831_191613.417,64,600.0,A4x16-Lin-5mm-50s-300,A4x16-Lin-5mm-50s-300_reversed.xml,wildmap+v57fix,0.085,59,0.094,32,0.074,27,1.22,1.3,1.21,0.01,59,0.828,0.811,0.806,0.021,0.522,0.532,0.513,0.009,
2026-09-03T07:18:37+00:00,SF12,2_20260831_191613.417,64,600.0,A4x16-Lin-5mm-50s-300,A4x16-Lin-5mm-50s-300.xml,wildmap_inv+v57fix,0.051,59,0.062,32,0.037,27,1.25,1.31,1.21,0.04,59,0.839,0.808,0.807,0.032,0.526,0.531,0.513,0.013,
2026-09-03T07:18:37+00:00,SF12,2_20260831_191613.417,64,600.0,A4x16-Lin-5mm-50s-300,A4x16-Lin-5mm-50s-300_reversed.xml,wildmap_inv+v57fix,0.186,59,0.219,32,0.148,27,1.57,1.27,1.21,0.36,59,0.867,0.804,0.807,0.06,0.53,0.53,0.513,0.017,
2026-09-04T17:57:18+00:00,SF08,13_20260902_082748.094,65,600.0,A4x16-Lin-5mm-50s-300,A4x16-Lin-5mm-50s-300.xml,identity,0.056,36,0.067,15,0.048,21,1.45,1.52,1.2,0.25,37,0.852,0.863,0.859,-0.007,0.208,0.205,0.156,0.052,32
2026-09-04T17:57:18+00:00,SF08,13_20260902_082748.094,65,600.0,A4x16-Lin-5mm-50s-300,A4x16-Lin-5mm-50s-300_reversed.xml,identity,0.194,36,0.133,15,0.238,21,1.56,1.5,1.2,0.37,37,0.878,0.859,0.859,0.02,0.214,0.204,0.156,0.058,32
2026-09-04T17:57:18+00:00,SF08,13_20260902_082748.094,65,600.0,A4x16-Lin-5mm-50s-300,A4x16-Lin-5mm-50s-300.xml,v57fix,0.056,36,0.067,15,0.048,21,1.43,1.53,1.2,0.23,37,0.862,0.861,0.859,0.004,0.209,0.206,0.156,0.054,32
2026-09-04T17:57:18+00:00,SF08,13_20260902_082748.094,65,600.0,A4x16-Lin-5mm-50s-300,A4x16-Lin-5mm-50s-300_reversed.xml,v57fix,0.139,36,0.0,15,0.238,21,1.47,1.52,1.2,0.27,37,0.876,0.859,0.859,0.017,0.21,0.206,0.156,0.054,32
2026-09-04T17:57:18+00:00,SF08,13_20260902_082748.094,65,600.0,A4x16-Lin-5mm-50s-300,A4x16-Lin-5mm-50s-300.xml,v57inv,0.111,36,0.2,15,0.048,21,1.41,1.51,1.2,0.21,37,0.863,0.863,0.858,0.005,0.206,0.203,0.157,0.049,32
2026-09-04T17:57:18+00:00,SF08,13_20260902_082748.094,65,600.0,A4x16-Lin-5mm-50s-300,A4x16-Lin-5mm-50s-300_reversed.xml,v57inv,0.194,36,0.133,15,0.238,21,1.63,1.47,1.2,0.43,37,0.879,0.861,0.858,0.021,0.218,0.201,0.157,0.061,32
2026-09-04T17:57:18+00:00,SF08,13_20260902_082748.094,65,600.0,A4x16-Lin-5mm-50s-300,A4x16-Lin-5mm-50s-300.xml,wildmap,0.083,36,0.0,15,0.143,21,1.27,1.31,1.26,0.0,37,0.864,0.862,0.858,0.006,0.183,0.185,0.162,0.02,32
2026-09-04T17:57:18+00:00,SF08,13_20260902_082748.094,65,600.0,A4x16-Lin-5mm-50s-300,A4x16-Lin-5mm-50s-300_reversed.xml,wildmap,0.056,36,0.0,15,0.095,21,1.23,1.31,1.26,-0.03,37,0.857,0.863,0.858,-0.001,0.18,0.186,0.162,0.017,32
2026-09-04T17:57:18+00:00,SF08,13_20260902_082748.094,65,600.0,A4x16-Lin-5mm-50s-300,A4x16-Lin-5mm-50s-300.xml,wildmap_inv,0.083,36,0.0,15,0.143,21,1.27,1.33,1.26,0.01,37,0.899,0.859,0.858,0.041,0.182,0.182,0.163,0.018,32
2026-09-04T17:57:18+00:00,SF08,13_20260902_082748.094,65,600.0,A4x16-Lin-5mm-50s-300,A4x16-Lin-5mm-50s-300_reversed.xml,wildmap_inv,0.111,36,0.067,15,0.143,21,1.33,1.32,1.26,0.07,37,0.847,0.866,0.858,-0.011,0.177,0.182,0.163,0.013,32
2026-09-04T17:57:18+00:00,SF08,13_20260902_082748.094,65,600.0,A4x16-Lin-5mm-50s-300,A4x16-Lin-5mm-50s-300.xml,wildmap+v57fix,0.083,36,0.0,15,0.143,21,1.25,1.32,1.26,-0.01,37,0.844,0.863,0.859,-0.015,0.179,0.185,0.162,0.016,32
2026-09-04T17:57:18+00:00,SF08,13_20260902_082748.094,65,600.0,A4x16-Lin-5mm-50s-300,A4x16-Lin-5mm-50s-300_reversed.xml,wildmap+v57fix,0.083,36,0.067,15,0.095,21,1.25,1.32,1.26,-0.01,37,0.861,0.861,0.859,0.002,0.181,0.185,0.162,0.019,32
2026-09-04T17:57:18+00:00,SF08,13_20260902_082748.094,65,600.0,A4x16-Lin-5mm-50s-300,A4x16-Lin-5mm-50s-300.xml,wildmap_inv+v57fix,0.111,36,0.067,15,0.143,21,1.35,1.31,1.26,0.09,37,0.891,0.86,0.858,0.033,0.179,0.183,0.163,0.016,32
2026-09-04T17:57:18+00:00,SF08,13_20260902_082748.094,65,600.0,A4x16-Lin-5mm-50s-300,A4x16-Lin-5mm-50s-300_reversed.xml,wildmap_inv+v57fix,0.139,36,0.133,15,0.143,21,1.52,1.29,1.26,0.27,37,0.869,0.864,0.858,0.011,0.185,0.182,0.163,0.022,32
2026-09-04T17:57:19+00:00,SF10,9_20260902_083247.835,65,600.0,A4x16-Lin-5mm-50s-300,A4x16-Lin-5mm-50s-300.xml,identity,0.156,45,0.238,21,0.083,24,1.58,1.86,1.15,0.42,49,0.877,0.872,0.821,0.056,0.146,0.143,0.051,0.095,2 32 34 56
2026-09-04T17:57:19+00:00,SF10,9_20260902_083247.835,65,600.0,A4x16-Lin-5mm-50s-300,A4x16-Lin-5mm-50s-300_reversed.xml,identity,0.178,45,0.333,21,0.042,24,1.96,1.8,1.15,0.81,49,0.886,0.871,0.821,0.066,0.157,0.141,0.051,0.106,2 32 34 56
2026-09-04T17:57:19+00:00,SF10,9_20260902_083247.835,65,600.0,A4x16-Lin-5mm-50s-300,A4x16-Lin-5mm-50s-300.xml,v57fix,0.4,45,0.762,21,0.083,24,1.96,1.83,1.14,0.81,49,0.896,0.868,0.821,0.075,0.176,0.142,0.05,0.126,2 32 34 56
2026-09-04T17:57:19+00:00,SF10,9_20260902_083247.835,65,600.0,A4x16-Lin-5mm-50s-300,A4x16-Lin-5mm-50s-300_reversed.xml,v57fix,0.178,45,0.333,21,0.042,24,1.63,1.87,1.14,0.49,49,0.886,0.87,0.821,0.065,0.141,0.147,0.05,0.091,2 32 34 56
2026-09-04T17:57:19+00:00,SF10,9_20260902_083247.835,65,600.0,A4x16-Lin-5mm-50s-300,A4x16-Lin-5mm-50s-300.xml,v57inv,0.111,45,0.143,21,0.083,24,1.82,1.74,1.17,0.65,49,0.875,0.872,0.821,0.055,0.151,0.136,0.053,0.099,2 32 34 56
2026-09-04T17:57:19+00:00,SF10,9_20260902_083247.835,65,600.0,A4x16-Lin-5mm-50s-300,A4x16-Lin-5mm-50s-300_reversed.xml,v57inv,0.044,45,0.048,21,0.042,24,1.72,1.76,1.17,0.54,49,0.874,0.872,0.821,0.054,0.145,0.137,0.053,0.092,2 32 34 56
2026-09-04T17:57:19+00:00,SF10,9_20260902_083247.835,65,600.0,A4x16-Lin-5mm-50s-300,A4x16-Lin-5mm-50s-300.xml,wildmap,0.067,45,0.0,21,0.125,24,1.34,1.52,1.25,0.08,49,0.817,0.843,0.831,-0.014,0.085,0.103,0.064,0.021,2 32 34 56
2026-09-04T17:57:19+00:00,SF10,9_20260902_083247.835,65,600.0,A4x16-Lin-5mm-50s-300,A4x16-Lin-5mm-50s-300_reversed.xml,wildmap,0.089,45,0.0,21,0.167,24,1.56,1.48,1.25,0.31,49,0.841,0.839,0.831,0.01,0.1,0.101,0.064,0.036,2 32 34 56
2026-09-04T17:57:19+00:00,SF10,9_20260902_083247.835,65,600.0,A4x16-Lin-5mm-50s-300,A4x16-Lin-5mm-50s-300.xml,wildmap_inv,0.044,45,0.048,21,0.042,24,1.31,1.51,1.26,0.05,49,0.832,0.844,0.83,0.002,0.092,0.095,0.066,0.026,2 32 34 56
2026-09-04T17:57:19+00:00,SF10,9_20260902_083247.835,65,600.0,A4x16-Lin-5mm-50s-300,A4x16-Lin-5mm-50s-300_reversed.xml,wildmap_inv,0.133,45,0.0,21,0.25,24,1.46,1.49,1.26,0.2,49,0.879,0.838,0.83,0.05,0.083,0.097,0.066,0.017,2 32 34 56
2026-09-04T17:57:19+00:00,SF10,9_20260902_083247.835,65,600.0,A4x16-Lin-5mm-50s-300,A4x16-Lin-5mm-50s-300.xml,wildmap+v57fix,0.156,45,0.19,21,0.125,24,1.42,1.52,1.25,0.17,49,0.832,0.84,0.831,0.002,0.092,0.102,0.064,0.028,2 32 34 56
2026-09-04T17:57:19+00:00,SF10,9_20260902_083247.835,65,600.0,A4x16-Lin-5mm-50s-300,A4x16-Lin-5mm-50s-300_reversed.xml,wildmap+v57fix,0.156,45,0.143,21,0.167,24,1.51,1.5,1.25,0.26,49,0.852,0.837,0.831,0.021,0.1,0.101,0.064,0.036,2 32 34 56
2026-09-04T17:57:19+00:00,SF10,9_20260902_083247.835,65,600.0,A4x16-Lin-5mm-50s-300,A4x16-Lin-5mm-50s-300.xml,wildmap_inv+v57fix,0.133,45,0.238,21,0.042,24,1.43,1.51,1.25,0.17,49,0.832,0.847,0.829,0.003,0.096,0.096,0.066,0.031,2 32 34 56
2026-09-04T17:57:19+00:00,SF10,9_20260902_083247.835,65,600.0,A4x16-Lin-5mm-50s-300,A4x16-Lin-5mm-50s-300_reversed.xml,wildmap_inv+v57fix,0.156,45,0.048,21,0.25,24,1.26,1.53,1.25,0.01,49,0.859,0.843,0.829,0.03,0.075,0.099,0.066,0.009,2 32 34 56
2026-09-04T17:57:20+00:00,SF11,12_20260902_083534.755,65,600.0,A4x16-Lin-5mm-50s-300,A4x16-Lin-5mm-50s-300.xml,identity,0.209,43,0.174,23,0.25,20,1.79,1.47,1.14,0.65,43,0.931,0.914,0.91,0.021,0.126,0.115,0.069,0.057,
2026-09-04T17:57:20+00:00,SF11,12_20260902_083534.755,65,600.0,A4x16-Lin-5mm-50s-300,A4x16-Lin-5mm-50s-300_reversed.xml,identity,0.14,43,0.13,23,0.15,20,1.66,1.49,1.14,0.52,43,0.931,0.914,0.91,0.021,0.131,0.115,0.069,0.062,
2026-09-04T17:57:20+00:00,SF11,12_20260902_083534.755,65,600.0,A4x16-Lin-5mm-50s-300,A4x16-Lin-5mm-50s-300.xml,v57fix,0.116,43,0.0,23,0.25,20,1.59,1.51,1.14,0.45,43,0.925,0.914,0.91,0.015,0.123,0.118,0.069,0.054,
2026-09-04T17:57:20+00:00,SF11,12_20260902_083534.755,65,600.0,A4x16-Lin-5mm-50s-300,A4x16-Lin-5mm-50s-300_reversed.xml,v57fix,0.163,43,0.174,23,0.15,20,1.82,1.47,1.14,0.68,43,0.927,0.914,0.91,0.018,0.135,0.116,0.069,0.067,
2026-09-04T17:57:20+00:00,SF11,12_20260902_083534.755,65,600.0,A4x16-Lin-5mm-50s-300,A4x16-Lin-5mm-50s-300.xml,v57inv,0.256,43,0.261,23,0.25,20,1.6,1.5,1.14,0.45,43,0.924,0.916,0.909,0.014,0.12,0.115,0.07,0.05,
2026-09-04T17:57:20+00:00,SF11,12_20260902_083534.755,65,600.0,A4x16-Lin-5mm-50s-300,A4x16-Lin-5mm-50s-300_reversed.xml,v57inv,0.256,43,0.348,23,0.15,20,1.79,1.47,1.14,0.65,43,0.94,0.914,0.909,0.031,0.141,0.112,0.07,0.071,
2026-09-04T17:57:20+00:00,SF11,12_20260902_083534.755,65,600.0,A4x16-Lin-5mm-50s-300,A4x16-Lin-5mm-50s-300.xml,wildmap,0.116,43,0.087,23,0.15,20,1.47,1.26,1.21,0.26,43,0.931,0.914,0.91,0.021,0.101,0.098,0.075,0.026,
2026-09-04T17:57:20+00:00,SF11,12_20260902_083534.755,65,600.0,A4x16-Lin-5mm-50s-300,A4x16-Lin-5mm-50s-300_reversed.xml,wildmap,0.047,43,0.043,23,0.05,20,1.24,1.29,1.21,0.03,43,0.918,0.915,0.91,0.008,0.098,0.099,0.075,0.023,
2026-09-04T17:57:20+00:00,SF11,12_20260902_083534.755,65,600.0,A4x16-Lin-5mm-50s-300,A4x16-Lin-5mm-50s-300.xml,wildmap_inv,0.186,43,0.217,23,0.15,20,1.5,1.28,1.2,0.3,43,0.93,0.914,0.91,0.02,0.101,0.095,0.076,0.025,
2026-09-04T17:57:20+00:00,SF11,12_20260902_083534.755,65,600.0,A4x16-Lin-5mm-50s-300,A4x16-Lin-5mm-50s-300_reversed.xml,wildmap_inv,0.116,43,0.087,23,0.15,20,1.3,1.31,1.2,0.09,43,0.92,0.915,0.91,0.011,0.091,0.096,0.076,0.016,
2026-09-04T17:57:20+00:00,SF11,12_20260902_083534.755,65,600.0,A4x16-Lin-5mm-50s-300,A4x16-Lin-5mm-50s-300.xml,wildmap+v57fix,0.116,43,0.087,23,0.15,20,1.23,1.29,1.21,0.02,43,0.916,0.915,0.91,0.006,0.092,0.099,0.075,0.017,
2026-09-04T17:57:20+00:00,SF11,12_20260902_083534.755,65,600.0,A4x16-Lin-5mm-50s-300,A4x16-Lin-5mm-50s-300_reversed.xml,wildmap+v57fix,0.163,43,0.261,23,0.05,20,1.43,1.26,1.21,0.22,43,0.924,0.914,0.91,0.014,0.107,0.097,0.075,0.032,
2026-09-04T17:57:20+00:00,SF11,12_20260902_083534.755,65,600.0,A4x16-Lin-5mm-50s-300,A4x16-Lin-5mm-50s-300.xml,wildmap_inv+v57fix,0.116,43,0.087,23,0.15,20,1.2,1.37,1.19,0.01,43,0.918,0.916,0.909,0.008,0.088,0.098,0.075,0.013,
2026-09-04T17:57:20+00:00,SF11,12_20260902_083534.755,65,600.0,A4x16-Lin-5mm-50s-300,A4x16-Lin-5mm-50s-300_reversed.xml,wildmap_inv+v57fix,0.279,43,0.391,23,0.15,20,1.58,1.32,1.19,0.39,43,0.937,0.913,0.909,0.028,0.105,0.096,0.075,0.03,
2026-09-04T17:57:20+00:00,SF12,11_20260902_083748.804,65,600.0,A4x16-Lin-5mm-50s-300,A4x16-Lin-5mm-50s-300.xml,identity,0.158,38,0.182,22,0.125,16,1.91,2.21,1.36,0.55,38,0.871,0.859,0.856,0.015,0.152,0.166,0.105,0.047,
2026-09-04T17:57:20+00:00,SF12,11_20260902_083748.804,65,600.0,A4x16-Lin-5mm-50s-300,A4x16-Lin-5mm-50s-300_reversed.xml,identity,0.132,38,0.182,22,0.062,16,1.96,2.21,1.36,0.6,38,0.879,0.858,0.856,0.022,0.163,0.164,0.105,0.058,
2026-09-04T17:57:20+00:00,SF12,11_20260902_083748.804,65,600.0,A4x16-Lin-5mm-50s-300,A4x16-Lin-5mm-50s-300.xml,v57fix,0.211,38,0.273,22,0.125,16,1.79,2.4,1.32,0.48,38,0.884,0.856,0.857,0.027,0.152,0.174,0.103,0.049,
2026-09-04T17:57:20+00:00,SF12,11_20260902_083748.804,65,600.0,A4x16-Lin-5mm-50s-300,A4x16-Lin-5mm-50s-300_reversed.xml,v57fix,0.211,38,0.318,22,0.062,16,2.26,2.33,1.32,0.95,38,0.88,0.857,0.857,0.024,0.173,0.172,0.103,0.07,
2026-09-04T17:57:20+00:00,SF12,11_20260902_083748.804,65,600.0,A4x16-Lin-5mm-50s-300,A4x16-Lin-5mm-50s-300.xml,v57inv,0.263,38,0.364,22,0.125,16,1.84,2.13,1.39,0.44,38,0.879,0.861,0.855,0.024,0.158,0.158,0.107,0.051,
2026-09-04T17:57:20+00:00,SF12,11_20260902_083748.804,65,600.0,A4x16-Lin-5mm-50s-300,A4x16-Lin-5mm-50s-300_reversed.xml,v57inv,0.211,38,0.318,22,0.062,16,2.21,2.07,1.39,0.82,38,0.889,0.86,0.855,0.034,0.157,0.158,0.107,0.05,
2026-09-04T17:57:20+00:00,SF12,11_20260902_083748.804,65,600.0,A4x16-Lin-5mm-50s-300,A4x16-Lin-5mm-50s-300.xml,wildmap,0.079,38,0.045,22,0.125,16,1.38,1.74,1.52,-0.14,38,0.868,0.858,0.857,0.012,0.13,0.143,0.112,0.017,
2026-09-04T17:57:20+00:00,SF12,11_20260902_083748.804,65,600.0,A4x16-Lin-5mm-50s-300,A4x16-Lin-5mm-50s-300_reversed.xml,wildmap,0.053,38,0.091,22,0.0,16,1.64,1.7,1.52,0.12,38,0.88,0.857,0.857,0.023,0.124,0.144,0.112,0.012,
2026-09-04T17:57:20+00:00,SF12,11_20260902_083748.804,65,600.0,A4x16-Lin-5mm-50s-300,A4x16-Lin-5mm-50s-300.xml,wildmap_inv,0.0,38,0.0,22,0.0,16,1.59,1.77,1.5,0.09,38,0.873,0.855,0.857,0.016,0.125,0.145,0.112,0.013,
2026-09-04T17:57:20+00:00,SF12,11_20260902_083748.804,65,600.0,A4x16-Lin-5mm-50s-300,A4x16-Lin-5mm-50s-300_reversed.xml,wildmap_inv,0.053,38,0.0,22,0.125,16,1.34,1.81,1.5,-0.16,38,0.873,0.855,0.857,0.015,0.12,0.145,0.112,0.009,
2026-09-04T17:57:20+00:00,SF12,11_20260902_083748.804,65,600.0,A4x16-Lin-5mm-50s-300,A4x16-Lin-5mm-50s-300.xml,wildmap+v57fix,0.053,38,0.0,22,0.125,16,1.42,1.73,1.52,-0.11,38,0.878,0.855,0.857,0.021,0.132,0.14,0.113,0.019,
2026-09-04T17:57:20+00:00,SF12,11_20260902_083748.804,65,600.0,A4x16-Lin-5mm-50s-300,A4x16-Lin-5mm-50s-300_reversed.xml,wildmap+v57fix,0.0,38,0.0,22,0.0,16,1.34,1.74,1.52,-0.19,38,0.882,0.855,0.857,0.025,0.126,0.141,0.113,0.013,
2026-09-04T17:57:20+00:00,SF12,11_20260902_083748.804,65,600.0,A4x16-Lin-5mm-50s-300,A4x16-Lin-5mm-50s-300.xml,wildmap_inv+v57fix,0.105,38,0.182,22,0.0,16,1.48,1.85,1.48,0.01,38,0.88,0.854,0.857,0.023,0.12,0.147,0.111,0.008,
2026-09-04T17:57:20+00:00,SF12,11_20260902_083748.804,65,600.0,A4x16-Lin-5mm-50s-300,A4x16-Lin-5mm-50s-300_reversed.xml,wildmap_inv+v57fix,0.211,38,0.273,22,0.125,16,1.8,1.81,1.48,0.32,38,0.9,0.851,0.857,0.043,0.143,0.144,0.111,0.031,
