block,n,n_rem,ll_M0,llrem_M0,ll_M1,llrem_M1,ll_M2,llrem_M2,ll_A_only,llrem_A_only,ll_B_only,llrem_B_only,ll_W_cum,llrem_W_cum,ll_N_prior,llrem_N_prior,ll_REM_pre,llrem_REM_pre
2026-08-31N,3573,22,0.30601529960946006,0.03925918159842967,0.30161446350878485,0.036013558192314096,0.30214573861945626,0.035347412718957305,0.30318326796859846,0.03733527502199019,0.3030278523872708,0.03713320176053803,0.3033389560717141,0.03743780344971779,0.30633245782191804,0.03897426197489782,0.30630542553731094,0.039167222322206055
2026-09-01D,13178,411,0.3031399744972813,0.13595773235216405,0.2949176678725433,0.12935848947524253,0.2951423784523136,0.12947404181927635,0.29816955365838216,0.13211652477368593,0.29712681991784007,0.13133130049954472,0.29870773700219516,0.13239344979230225,0.30227506089654854,0.13503757053867174,0.3027289241980089,0.13557623660702794
2026-09-01N,5326,64,0.29061890079371777,0.06449287437673557,0.2860206940742487,0.06216011206229685,0.28628470001192463,0.06182138288385988,0.2886164399639994,0.06354663625016059,0.2871319445197554,0.06280420791596403,0.2891523226061769,0.06374390564082796,0.2907136021612558,0.06456611788651116,0.29058163915232504,0.06448011252906151
2026-09-02D,12325,363,0.33100507412006047,0.13139779650898017,0.32452284685484273,0.1261073130905363,0.32427274388545857,0.125987659394109,0.3260717896275899,0.12752988058896433,0.3270380612428865,0.12838697174044345,0.32674327682450865,0.12772908582412654,0.33024170903257527,0.1304970895787737,0.33126467082204025,0.13147736356172315
2026-09-02N,4287,37,0.3279226076886549,0.05087328212792692,0.3224314217295532,0.04609896584274523,0.32169408893775137,0.0461136518526982,0.3242452071935192,0.04734745807605087,0.3233338955341584,0.04795835446713058,0.32413334392807197,0.047515677340519535,0.32579865306762845,0.048920128583529475,0.3266636162767171,0.049289338784738186
2026-09-03D,14748,395,0.27919151301260814,0.1202542857871702,0.2728912630945481,0.11516618153392413,0.2725206490926567,0.1152087818147875,0.2757473748702472,0.11732298527918725,0.2743500149710692,0.11661032784239476,0.2759461945772932,0.11743497590281293,0.2783658895872273,0.1193932189420305,0.2785370732087465,0.11971760060377701
2026-09-03N,3496,44,0.26453421981766817,0.06465618769722963,0.2637769162918046,0.06268621727338913,0.2619494072780946,0.061783597525456695,0.2638669892077043,0.06338639354229492,0.26365678035924056,0.0630007873189728,0.26390879391607985,0.06352101338923077,0.26424606277571355,0.0646186169173469,0.2638997552349655,0.06428540023312702
2026-09-04D,13823,352,0.26831669829951554,0.11652336724160185,0.26354027028161464,0.11256924917297613,0.26361835883863804,0.112399604426807,0.26526134713519817,0.1138580880966598,0.26514930713093726,0.11409989443692815,0.2655493012705819,0.11403772268936371,0.2677253625281714,0.11596640729396492,0.2681185837687397,0.11635074057358757
2026-09-04N,6320,54,0.24872151485670568,0.050572528447392226,0.24697126832937707,0.049320068031500464,0.24760675964543796,0.04923971504913085,0.24831896086742308,0.050345159708799214,0.24755055490228045,0.04954364210205014,0.24880810066031123,0.05054194709723022,0.24851352719359235,0.050207377931274486,0.2482276281213078,0.04978657177435492
2026-09-05D,11815,285,0.2652921460789451,0.11182261051855809,0.25888622192722566,0.10648436634607161,0.25886071837048186,0.1066168967304045,0.26164925128880634,0.10863628493831957,0.2609400081212194,0.10846747363363081,0.26193718580300596,0.10875415744355975,0.26409583503729694,0.11063729105271602,0.2647464550154244,0.11135946098152723
2026-09-05N,4650,38,0.2681564450779787,0.047862911865692255,0.2661832619731615,0.04641752458270631,0.2639913247803193,0.04624905715761479,0.26789122664057546,0.046963972258187395,0.2652251239198163,0.04587408924177938,0.26738310329454096,0.0471205438127675,0.2677750121153123,0.04755688995402095,0.26809657413533555,0.047609200336951166
2026-09-06D,16722,409,0.25353796507526444,0.11966847129763454,0.2444998610205707,0.111996024237856,0.24754488914040823,0.11499479223580097,0.2447286838147897,0.11120339869270421,0.25475585786371246,0.12202747418016748,0.2448770774705971,0.11116287320512906,0.24734859957162939,0.11357434794705205,0.24783914321328432,0.11400986777218397
2026-09-06N,4297,37,0.23316079546781981,0.0481198284991193,0.23136403807783676,0.04653309563702181,0.2303938869715906,0.04602683054879679,0.2317190972141627,0.04692278548640619,0.23344308712008238,0.048266591099058676,0.23160704859675968,0.04692696061884415,0.23202107552212628,0.04676141639121811,0.2316729731688398,0.04645521648212046
2026-09-07D,12772,276,0.24287724493201776,0.10101576006691308,0.24048345516953085,0.09797868105643025,0.24009263619521568,0.09802405852016827,0.2420989473385889,0.10010075351329487,0.2412798624677301,0.09899755188773338,0.24213474554364908,0.10016667057299121,0.2426188429865641,0.10068601410347354,0.24267009878054824,0.10066047075245894
2026-09-08D,14671,339,0.23868325466467866,0.10675016442818773,0.23342036916024192,0.10182861846552005,0.23290211969756527,0.10146210711812632,0.2361657991858693,0.10431263080104942,0.23629914699315643,0.10465879672055198,0.23630558810463986,0.10431292995680155,0.23770958020983962,0.10560723570279916,0.23865307130464994,0.10656905084627201
2026-09-08N,4717,46,0.225282179037201,0.05452480552225966,0.22181419761796264,0.052927007314650165,0.2206848136776397,0.0522412088480671,0.22473008253694382,0.05483332388874206,0.2202111906088132,0.05155690003696415,0.22501312071985438,0.05514372827361032,0.22620417182306815,0.05543456858998018,0.2254042747901916,0.05460913061931038
2026-09-09D,10824,256,0.27360969685989395,0.10974236986753653,0.26696052979433005,0.10394739862843604,0.26671710650396463,0.10371421743605805,0.26965095445735365,0.10634583051183956,0.27005876724005634,0.10691064002981195,0.27016732548303085,0.10654996600827735,0.2725607778991863,0.10876046752785912,0.2729951713039253,0.1092209465528784
2026-09-09N,3118,24,0.2858406438181304,0.044768851815718,0.2800590443379574,0.04226713722545637,0.2811860841215921,0.04208252325079461,0.28362934858571665,0.04383583132246506,0.279931900468032,0.04202342066041544,0.2836263764907374,0.0437121986948743,0.2849691236657233,0.04408538852539418,0.28562565466412737,0.044667003003082406
2026-09-10D,7708,156,0.2227187191744586,0.09604274292203246,0.21618020561100618,0.09110403606404432,0.2162017894515563,0.09133059820681731,0.2199492008870606,0.09415169198594585,0.21846747518659848,0.09304270795898528,0.22072707652192095,0.09433596540009398,0.22206489216948955,0.0953629027767892,0.22181424966845545,0.0954007968967151
2026-09-10N,2493,26,0.21259058061316055,0.05971678602591574,0.20984993496332294,0.05789145239693832,0.20933517507724278,0.05711436377396041,0.21168257652524153,0.05866145379105013,0.20940434067954397,0.0578501878383689,0.21203040584839605,0.05920532825070364,0.2132736114792635,0.06056505787462629,0.21256351440262364,0.05972509696842187
2026-09-11D,8950,234,0.2516617801627721,0.11860728189530906,0.2472482029976602,0.11445356248379009,0.24725748830534097,0.11424679922107236,0.2489299833836645,0.11577889447727306,0.24936831059362854,0.11659673359532673,0.24844242225977514,0.11529833922617651,0.25001650092101224,0.11706157818143918,0.2512064068866132,0.1182682485660972
2026-09-11N,6232,53,0.2121452680503228,0.04921944451933681,0.21216894241240356,0.049538035698938304,0.21296447331022866,0.05052275251596645,0.21186690804043093,0.04938623205697401,0.2134496584175195,0.05070017125828736,0.2114971805461723,0.04889144004897329,0.21194415935092817,0.04909902791600461,0.21336850084726938,0.05080062465124342
