animal,date,phase,hours
SF07,2026-08-31,dark,4.25
SF07,2026-08-31,light,0.7666666666666667
SF07,2026-09-01,dark,10.816666666666666
SF07,2026-09-01,light,10.833333333333332
SF07,2026-09-02,dark,10.833333333333332
SF07,2026-09-02,light,11.55
SF07,2026-09-03,dark,8.649999999999999
SF07,2026-09-03,light,10.733333333333334
SF07,2026-09-04,dark,10.25
SF07,2026-09-04,light,6.466666666666667
SF07,2026-09-05,dark,10.966666666666667
SF07,2026-09-05,light,7.333333333333333
SF07,2026-09-06,dark,6.583333333333333
SF07,2026-09-06,light,10.466666666666665
SF07,2026-09-07,dark,4.466666666666667
SF07,2026-09-07,light,9.4
SF07,2026-09-08,dark,10.733333333333334
SF07,2026-09-08,light,11.683333333333334
SF07,2026-09-09,dark,11.15
SF07,2026-09-09,light,11.35
SF07,2026-09-10,dark,6.666666666666667
SF07,2026-09-10,light,6.916666666666666
SF07,2026-09-11,dark,4.583333333333333
SF07,2026-09-11,light,9.383333333333333
SF07,2026-09-12,dark,6.683333333333334
SF07,2026-09-12,light,3.4833333333333334
SF08,2026-08-31,dark,4.266666666666667
SF08,2026-08-31,light,0.7
SF08,2026-09-01,dark,7.816666666666666
SF08,2026-09-01,light,8.65
SF08,2026-09-02,dark,10.833333333333332
SF08,2026-09-02,light,11.516666666666666
SF08,2026-09-03,dark,10.883333333333333
SF08,2026-09-03,light,10.05
SF08,2026-09-04,dark,10.216666666666667
SF08,2026-09-04,light,12.316666666666666
SF08,2026-09-05,dark,10.966666666666667
SF08,2026-09-05,light,11.283333333333333
SF08,2026-09-06,dark,10.883333333333333
SF08,2026-09-06,light,11.383333333333335
SF08,2026-09-07,dark,11.066666666666666
SF08,2026-09-07,light,11.233333333333334
SF08,2026-09-08,dark,10.85
SF08,2026-09-08,light,11.616666666666667
SF08,2026-09-09,dark,11.15
SF08,2026-09-09,light,11.166666666666668
SF08,2026-09-10,dark,9.616666666666667
SF08,2026-09-10,light,6.983333333333333
SF08,2026-09-11,dark,11.25
SF08,2026-09-11,light,10.666666666666666
SF08,2026-09-12,dark,6.7
SF08,2026-09-12,light,3.466666666666667
SF09,2026-08-31,dark,4.266666666666667
SF09,2026-08-31,light,0.6
SF09,2026-09-01,dark,7.883333333333333
SF09,2026-09-01,light,10.6
SF09,2026-09-02,dark,10.833333333333332
SF09,2026-09-02,light,11.333333333333332
SF09,2026-09-03,dark,10.899999999999999
SF09,2026-09-03,light,10.65
SF09,2026-09-04,dark,10.166666666666666
SF09,2026-09-04,light,12.0
SF09,2026-09-05,dark,10.966666666666667
SF09,2026-09-05,light,11.083333333333334
SF09,2026-09-06,dark,10.816666666666666
SF09,2026-09-06,light,11.450000000000001
SF09,2026-09-07,dark,11.066666666666666
SF09,2026-09-07,light,11.166666666666666
SF09,2026-09-08,dark,10.716666666666667
SF09,2026-09-08,light,11.616666666666667
SF09,2026-09-09,dark,11.183333333333334
SF09,2026-09-09,light,11.283333333333333
SF09,2026-09-10,dark,9.833333333333334
SF09,2026-09-10,light,6.983333333333333
SF09,2026-09-11,dark,11.266666666666666
SF09,2026-09-11,light,9.799999999999999
SF09,2026-09-12,dark,6.683333333333334
SF09,2026-09-12,light,3.4833333333333334
SF10,2026-08-31,dark,4.25
SF10,2026-08-31,light,0.5666666666666667
SF10,2026-09-01,dark,7.416666666666667
SF10,2026-09-01,light,10.466666666666667
SF10,2026-09-02,dark,10.833333333333332
SF10,2026-09-02,light,11.233333333333333
SF10,2026-09-03,dark,10.899999999999999
SF10,2026-09-03,light,10.783333333333335
SF10,2026-09-04,dark,10.116666666666667
SF10,2026-09-04,light,12.15
SF10,2026-09-05,dark,10.966666666666667
SF10,2026-09-05,light,9.5
SF10,2026-09-06,dark,8.85
SF10,2026-09-06,light,11.466666666666667
SF10,2026-09-07,dark,11.066666666666666
SF10,2026-09-07,light,11.183333333333334
SF10,2026-09-08,dark,10.7
SF10,2026-09-08,light,11.583333333333334
SF10,2026-09-09,dark,11.15
SF10,2026-09-09,light,11.266666666666666
SF10,2026-09-10,dark,9.716666666666667
SF10,2026-09-10,light,6.983333333333333
SF10,2026-09-11,dark,11.25
SF10,2026-09-11,light,10.666666666666666
SF10,2026-09-12,dark,6.7
SF10,2026-09-12,light,3.2333333333333334
SF11,2026-08-31,dark,4.266666666666667
SF11,2026-08-31,light,0.5166666666666667
SF11,2026-09-01,dark,7.666666666666667
SF11,2026-09-01,light,10.483333333333333
SF11,2026-09-02,dark,10.85
SF11,2026-09-02,light,11.116666666666665
SF11,2026-09-03,dark,10.866666666666667
SF11,2026-09-03,light,9.783333333333333
SF11,2026-09-04,dark,10.116666666666667
SF11,2026-09-04,light,12.416666666666666
SF11,2026-09-05,dark,10.966666666666667
SF11,2026-09-05,light,11.049999999999999
SF11,2026-09-06,dark,6.583333333333333
SF11,2026-09-06,light,10.383333333333333
SF12,2026-08-31,dark,4.25
SF12,2026-08-31,light,0.48333333333333334
SF12,2026-09-01,dark,9.05
SF12,2026-09-01,light,10.35
SF12,2026-09-02,dark,6.516666666666667
SF12,2026-09-02,light,10.833333333333332
SF12,2026-09-03,dark,10.516666666666666
SF12,2026-09-03,light,10.616666666666667
SF12,2026-09-04,dark,10.083333333333332
SF12,2026-09-04,light,11.583333333333334
SF12,2026-09-05,dark,10.966666666666667
SF12,2026-09-05,light,10.85
SF12,2026-09-06,dark,10.666666666666666
SF12,2026-09-06,light,11.366666666666667
SF12,2026-09-07,dark,6.616666666666666
SF12,2026-09-07,light,9.583333333333334
SF12,2026-09-08,dark,4.2
SF12,2026-09-08,light,11.583333333333334
SF12,2026-09-09,dark,11.166666666666668
SF12,2026-09-09,light,11.216666666666669
SF12,2026-09-10,dark,6.65
SF12,2026-09-10,light,7.383333333333333
