outcome,animal,n_days,slope_pp_per_day,p_within,first_day,last_day
NREM,SF07,8,0.568,0.322,09-01,09-10
NREM,SF08,11,0.28,0.157,09-01,09-11
NREM,SF09,11,-0.009,0.974,09-01,09-11
NREM,SF10,11,0.107,0.692,09-01,09-11
NREM,SF11,6,1.511,0.018,09-01,09-06
NREM,SF12,9,-0.345,0.479,09-01,09-10
REM,SF07,8,-0.184,0.414,09-01,09-10
REM,SF08,11,-0.125,0.403,09-01,09-11
REM,SF09,11,-0.139,0.258,09-01,09-11
REM,SF10,11,-0.273,0.003,09-01,09-11
REM,SF11,6,-0.138,0.627,09-01,09-06
REM,SF12,9,-0.215,0.104,09-01,09-10
