animal,session,variant_a,variant_b,epochs,agree,kappa,wake_a_also_b,nrem_a_also_b,rem_a_also_b
SF07,10_20260901_234332.691,imu_nremgate,imu_remclean,23939,0.997,0.992,1.0,1.0,0.844
SF07,11_20260902_062241.295,imu_nremgate,imu_remclean,4275,0.9481,0.9063,1.0,1.0,0.3799
SF07,14_20260904_201825.406,imu_nremgate,imu_remclean,44231,0.9998,0.9995,1.0,1.0,0.8421
SF07,14_20260911_191449.075,imu_nremgate,imu_remclean,54597,0.9998,0.9996,1.0,1.0,0.8571
SF07,15_20260902_082418.755,imu_nremgate,imu_remclean,30643,0.9835,0.9701,1.0,1.0,0.8819
SF07,16_20260902_165524.033,imu_nremgate,imu_remclean,4644,0.9849,0.9642,1.0,1.0,0.8827
SF07,1_20260831_185904.795,imu_nremgate,imu_remclean,19289,1.0,1.0,1.0,1.0,1.0
SF07,1_20260907_174716.243,imu_nremgate,imu_remclean,74,0.8649,0.7409,1.0,1.0,0.0
SF07,2_20260901_002100.939,imu_nremgate,imu_remclean,19206,0.9995,0.9982,1.0,1.0,0.932
SF07,2_20260903_075114.355,imu_nremgate,imu_remclean,32129,0.9576,0.9269,1.0,1.0,0.7659
SF07,2_20260905_093310.289,imu_nremgate,imu_remclean,13348,1.0,1.0,1.0,1.0,1.0
SF07,2_20260905_184732.855,imu_nremgate,imu_remclean,43595,1.0,1.0,1.0,1.0,1.0
SF07,2_20260907_085247.979,imu_nremgate,imu_remclean,884,0.9876,0.976,1.0,1.0,0.56
SF07,2_20260907_174841.816,imu_nremgate,imu_remclean,45144,1.0,1.0,1.0,1.0,1.0
SF07,2_20260909_183802.795,imu_nremgate,imu_remclean,45567,0.9981,0.9905,1.0,1.0,0.7089
SF07,2_20260911_091615.116,imu_nremgate,imu_remclean,33069,0.9793,0.9553,1.0,1.0,0.8146
SF07,3_20260901_054126.846,imu_nremgate,imu_remclean,3296,1.0,1.0,1.0,1.0,
SF07,3_20260902_190047.109,imu_nremgate,imu_remclean,18899,1.0,1.0,1.0,1.0,1.0
SF07,3_20260903_164808.815,imu_nremgate,imu_remclean,1197,0.9967,0.9944,1.0,1.0,0.9748
SF07,3_20260909_090331.016,imu_nremgate,imu_remclean,31917,0.9927,0.9837,1.0,1.0,0.9377
SF07,4_20260901_074925.529,imu_nremgate,imu_remclean,76,1.0,1.0,1.0,1.0,
SF07,4_20260903_001558.656,imu_nremgate,imu_remclean,14538,1.0,1.0,1.0,1.0,1.0
SF07,4_20260906_075426.615,imu_nremgate,imu_remclean,16612,0.9726,0.9448,1.0,1.0,0.8448
SF07,4_20260907_091511.369,imu_nremgate,imu_remclean,27545,0.9835,0.9657,1.0,1.0,0.9121
SF07,5_20260901_075052.875,imu_nremgate,imu_remclean,18213,0.966,0.9318,1.0,1.0,0.8153
SF07,5_20260908_071513.175,imu_nremgate,imu_remclean,42040,0.9888,0.9739,1.0,1.0,0.9064
SF07,5_20260910_082351.495,imu_nremgate,imu_remclean,22600,1.0,1.0,1.0,1.0,
SF07,6_20260901_125442.165,imu_nremgate,imu_remclean,15436,0.9627,0.9372,1.0,1.0,0.834
SF07,6_20260903_175144.375,imu_nremgate,imu_remclean,49139,0.9972,0.9919,1.0,1.0,0.8751
SF07,6_20260905_133118.469,imu_nremgate,imu_remclean,16134,0.9848,0.9703,1.0,1.0,0.8991
SF07,6_20260906_132942.035,imu_nremgate,imu_remclean,19873,0.9988,0.9937,1.0,1.0,0.0
SF07,7_20260901_171210.814,imu_nremgate,imu_remclean,4051,0.88,0.8033,1.0,1.0,0.4362
SF07,8_20260904_080936.435,imu_nremgate,imu_remclean,19849,0.9915,0.9824,1.0,1.0,0.9289
SF07,8_20260908_193733.435,imu_nremgate,imu_remclean,45514,0.9974,0.9924,1.0,1.0,0.823
SF07,9_20260901_192912.215,imu_nremgate,imu_remclean,15246,1.0,1.0,1.0,1.0,
SF08,12_20260902_082624.125,imu_nremgate,imu_remclean,74,1.0,0.0,1.0,,
SF08,13_20260902_082748.094,imu_nremgate,imu_remclean,35554,0.9602,0.9323,1.0,1.0,0.8103
SF08,17_20260902_190241.916,imu_nremgate,imu_remclean,39457,0.9983,0.9944,1.0,1.0,0.4237
SF08,18_20260903_060030.122,imu_nremgate,imu_remclean,2649,0.9785,0.9604,1.0,1.0,0.6587
SF08,1_20260831_190229.919,imu_nremgate,imu_remclean,19241,0.9938,0.969,1.0,1.0,0.2874
SF08,1_20260901_075304.063,imu_nremgate,imu_remclean,18185,0.9653,0.9415,1.0,1.0,0.777
SF08,1_20260909_181543.715,imu_nremgate,imu_remclean,68,1.0,0.0,1.0,,
SF08,2_20260901_002327.839,imu_nremgate,imu_remclean,11317,0.9945,0.9672,1.0,1.0,0.2346
SF08,2_20260901_125621.840,imu_nremgate,imu_remclean,1917,0.9854,0.9733,1.0,1.0,0.9374
SF08,2_20260903_075352.907,imu_nremgate,imu_remclean,29050,0.9541,0.9188,1.0,1.0,0.8327
SF08,2_20260903_175453.625,imu_nremgate,imu_remclean,49127,0.9925,0.9817,1.0,1.0,0.7779
SF08,2_20260905_093534.819,imu_nremgate,imu_remclean,30486,0.9517,0.9141,1.0,1.0,0.6816
SF08,2_20260905_185104.563,imu_nremgate,imu_remclean,43468,0.9906,0.9682,1.0,1.0,0.2586
SF08,2_20260907_085534.719,imu_nremgate,imu_remclean,28812,0.9651,0.9274,1.0,1.0,0.8155
SF08,2_20260907_175113.385,imu_nremgate,imu_remclean,45528,0.9997,0.9988,1.0,1.0,0.9795
SF08,2_20260909_090608.006,imu_nremgate,imu_remclean,31885,0.9761,0.9538,1.0,1.0,0.8409
SF08,2_20260910_210245.604,imu_nremgate,imu_remclean,39880,0.9925,0.9766,1.0,1.0,0.6536
SF08,3_20260901_054222.420,imu_nremgate,imu_remclean,123,1.0,0.0,1.0,,
SF08,3_20260901_151059.837,imu_nremgate,imu_remclean,190,1.0,1.0,1.0,1.0,
SF08,3_20260903_160306.510,imu_nremgate,imu_remclean,1478,0.9932,0.9876,1.0,1.0,0.8824
SF08,3_20260909_185036.554,imu_nremgate,imu_remclean,45065,0.9959,0.9776,1.0,1.0,0.5209
SF08,3_20260911_091931.245,imu_nremgate,imu_remclean,32659,0.9573,0.9174,1.0,1.0,0.7745
SF08,4_20260901_152951.697,imu_nremgate,imu_remclean,6211,0.9863,0.9654,1.0,1.0,0.9276
SF08,4_20260904_081205.535,imu_nremgate,imu_remclean,40705,0.9661,0.94,1.0,1.0,0.8314
SF08,5_20260901_171339.094,imu_nremgate,imu_remclean,4008,0.9301,0.88,1.0,1.0,0.677
SF08,5_20260908_071754.325,imu_nremgate,imu_remclean,41780,0.9871,0.9746,1.0,1.0,0.9243
SF08,5_20260911_191715.923,imu_nremgate,imu_remclean,54597,0.9888,0.9733,1.0,1.0,0.728
SF08,6_20260906_075927.555,imu_nremgate,imu_remclean,39780,0.9726,0.9468,1.0,1.0,0.8342
SF08,6_20260910_082629.685,imu_nremgate,imu_remclean,22513,0.9757,0.9506,1.0,1.0,0.8753
SF08,7_20260901_193109.475,imu_nremgate,imu_remclean,14443,0.9969,0.8364,1.0,1.0,0.3478
SF08,7_20260904_202056.765,imu_nremgate,imu_remclean,44176,0.981,0.9487,1.0,1.0,0.4673
SF08,8_20260901_233239.239,imu_nremgate,imu_remclean,24699,0.9967,0.9895,1.0,1.0,0.6068
SF08,8_20260908_193958.035,imu_nremgate,imu_remclean,45471,0.9996,0.9989,1.0,1.0,0.9844
SF08,9_20260902_062432.012,imu_nremgate,imu_remclean,3938,0.9416,0.9036,1.0,1.0,0.7013
SF08,9_20260906_194333.465,imu_nremgate,imu_remclean,44663,0.9944,0.9848,1.0,1.0,0.8019
SF09,0_20260831_190404.508,imu_nremgate,imu_remclean,65,1.0,1.0,1.0,1.0,
SF09,10_20260902_083015.335,imu_nremgate,imu_remclean,30481,0.9236,0.8714,1.0,1.0,0.5395
SF09,11_20260902_165826.634,imu_nremgate,imu_remclean,4530,0.9755,0.9561,1.0,1.0,0.8754
SF09,11_20260906_194634.836,imu_nremgate,imu_remclean,44564,1.0,1.0,1.0,1.0,
SF09,15_20260902_190508.575,imu_nremgate,imu_remclean,18789,0.9999,0.9997,1.0,1.0,0.9091
SF09,15_20260910_204912.017,imu_nremgate,imu_remclean,40778,0.998,0.9946,1.0,1.0,0.889
SF09,16_20260903_001828.515,imu_nremgate,imu_remclean,23290,0.9985,0.9951,1.0,1.0,0.9299
SF09,17_20260911_191947.524,imu_nremgate,imu_remclean,54493,0.9962,0.9918,1.0,1.0,0.8883
SF09,1_20260901_075532.964,imu_nremgate,imu_remclean,18113,0.9617,0.9276,1.0,1.0,0.7702
SF09,1_20260907_085726.079,imu_nremgate,imu_remclean,65,1.0,1.0,1.0,1.0,
SF09,2_20260901_125743.131,imu_nremgate,imu_remclean,15418,0.9765,0.9582,1.0,1.0,0.8674
SF09,2_20260903_075655.297,imu_nremgate,imu_remclean,31367,0.981,0.9574,1.0,1.0,0.8759
SF09,2_20260907_085841.028,imu_nremgate,imu_remclean,28703,0.988,0.9772,1.0,1.0,0.9281
SF09,2_20260909_090835.027,imu_nremgate,imu_remclean,31828,0.9469,0.9065,1.0,1.0,0.6892
SF09,2_20260909_184248.375,imu_nremgate,imu_remclean,45453,0.9955,0.9833,1.0,1.0,0.2564
SF09,2_20260911_092224.167,imu_nremgate,imu_remclean,29614,0.9775,0.9467,1.0,1.0,0.8599
SF09,3_20260831_190834.640,imu_nremgate,imu_remclean,18982,1.0,1.0,1.0,1.0,1.0
SF09,3_20260901_171502.588,imu_nremgate,imu_remclean,3970,0.9642,0.928,1.0,1.0,0.8253
SF09,3_20260903_175840.384,imu_nremgate,imu_remclean,47739,0.9986,0.9963,1.0,1.0,0.9243
SF09,3_20260905_094705.608,imu_nremgate,imu_remclean,29878,0.9476,0.9012,1.0,1.0,0.6518
SF09,3_20260905_185422.206,imu_nremgate,imu_remclean,43475,0.9968,0.9883,1.0,1.0,0.6989
SF09,3_20260907_175435.676,imu_nremgate,imu_remclean,45062,0.9996,0.9987,1.0,1.0,0.9802
SF09,4_20260901_002514.385,imu_nremgate,imu_remclean,11352,1.0,1.0,1.0,1.0,1.0
SF09,5_20260901_054317.203,imu_nremgate,imu_remclean,75,1.0,1.0,1.0,1.0,
SF09,5_20260901_193330.365,imu_nremgate,imu_remclean,13742,1.0,1.0,1.0,1.0,
SF09,5_20260904_081426.496,imu_nremgate,imu_remclean,40687,0.9763,0.9583,1.0,1.0,0.8575
SF09,6_20260901_232245.983,imu_nremgate,imu_remclean,25382,0.9998,0.9994,1.0,1.0,0.9859
SF09,6_20260908_072057.385,imu_nremgate,imu_remclean,41785,0.941,0.8727,1.0,1.0,0.5235
SF09,6_20260910_082858.156,imu_nremgate,imu_remclean,22670,0.9365,0.8935,1.0,1.0,0.6674
SF09,7_20260902_062601.722,imu_nremgate,imu_remclean,3803,0.994,0.9862,1.0,1.0,0.9609
SF09,7_20260906_080216.656,imu_nremgate,imu_remclean,39780,0.9733,0.9431,1.0,1.0,0.8213
SF09,8_20260904_202324.405,imu_nremgate,imu_remclean,44116,0.9994,0.9982,1.0,1.0,0.976
SF09,9_20260908_194312.545,imu_nremgate,imu_remclean,45355,0.997,0.9917,1.0,1.0,0.8469
SF10,10_20260902_170101.421,imu_nremgate,imu_remclean,4445,0.9654,0.9418,1.0,1.0,0.8077
SF10,11_20260911_192207.153,imu_nremgate,imu_remclean,52391,0.9907,0.978,1.0,1.0,0.7404
SF10,12_20260908_194550.363,imu_nremgate,imu_remclean,45281,0.9942,0.9843,1.0,1.0,0.7367
SF10,13_20260902_190711.525,imu_nremgate,imu_remclean,19086,0.9956,0.9871,1.0,1.0,0.5736
SF10,14_20260903_002530.902,imu_nremgate,imu_remclean,19834,0.9987,0.9953,1.0,1.0,0.9309
SF10,15_20260903_055614.833,imu_nremgate,imu_remclean,3103,1.0,1.0,1.0,1.0,
SF10,1_20260831_191045.259,imu_nremgate,imu_remclean,2685,1.0,1.0,1.0,1.0,
SF10,1_20260901_080143.036,imu_nremgate,imu_remclean,17817,0.9823,0.9654,1.0,1.0,0.913
SF10,1_20260903_180043.639,imu_nremgate,imu_remclean,89,1.0,1.0,1.0,1.0,1.0
SF10,2_20260831_195630.973,imu_nremgate,imu_remclean,16219,1.0,1.0,1.0,1.0,1.0
SF10,2_20260901_125856.163,imu_nremgate,imu_remclean,15428,0.9771,0.9578,1.0,1.0,0.8938
SF10,2_20260903_075920.109,imu_nremgate,imu_remclean,32027,0.9752,0.9567,1.0,1.0,0.874
SF10,2_20260903_180222.843,imu_nremgate,imu_remclean,48094,0.9969,0.9927,1.0,1.0,0.8982
SF10,2_20260905_185709.365,imu_nremgate,imu_remclean,32696,0.9995,0.9982,1.0,1.0,0.971
SF10,2_20260909_091105.736,imu_nremgate,imu_remclean,31765,0.9866,0.9706,1.0,1.0,0.9229
SF10,2_20260909_184517.395,imu_nremgate,imu_remclean,45208,0.9997,0.9988,1.0,1.0,0.9608
SF10,2_20260911_092441.104,imu_nremgate,imu_remclean,32468,0.9617,0.9263,1.0,1.0,0.7778
SF10,3_20260901_171620.845,imu_nremgate,imu_remclean,3932,0.9967,0.9942,1.0,1.0,0.98
SF10,3_20260906_055804.599,imu_nremgate,imu_remclean,3735,0.9912,0.9795,1.0,1.0,0.625
SF10,4_20260901_002730.117,imu_nremgate,imu_remclean,9591,1.0,1.0,1.0,1.0,1.0
SF10,4_20260907_090135.869,imu_nremgate,imu_remclean,28699,0.9928,0.9855,1.0,1.0,0.9503
SF10,4_20260910_083040.133,imu_nremgate,imu_remclean,64,1.0,0.0,1.0,,
SF10,5_20260901_193554.435,imu_nremgate,imu_remclean,14595,0.9995,0.9929,1.0,1.0,0.0
SF10,5_20260904_081730.895,imu_nremgate,imu_remclean,40630,0.9783,0.9594,1.0,1.0,0.8462
SF10,5_20260907_175744.885,imu_nremgate,imu_remclean,44951,0.9967,0.9905,1.0,1.0,0.866
SF10,5_20260910_083157.853,imu_nremgate,imu_remclean,22739,0.9823,0.9577,1.0,1.0,0.8766
SF10,6_20260901_233920.182,imu_nremgate,imu_remclean,28026,0.9966,0.9924,1.0,1.0,0.8703
SF10,6_20260906_080449.175,imu_nremgate,imu_remclean,39721,0.988,0.973,1.0,1.0,0.9198
SF10,7_20260905_093927.479,imu_nremgate,imu_remclean,30436,0.9826,0.9664,1.0,1.0,0.8998
SF10,8_20260908_072352.245,imu_nremgate,imu_remclean,41690,0.9623,0.9249,1.0,1.0,0.7942
SF10,9_20260902_083247.835,imu_nremgate,imu_remclean,30483,0.9858,0.9732,1.0,1.0,0.9237
SF10,9_20260904_202620.386,imu_nremgate,imu_remclean,37813,0.999,0.9968,1.0,1.0,0.9403
SF10,9_20260906_194921.983,imu_nremgate,imu_remclean,44584,0.997,0.9921,1.0,1.0,0.8941
SF10,9_20260910_205611.775,imu_nremgate,imu_remclean,40718,0.9997,0.9991,1.0,1.0,0.9828
SF11,12_20260902_083534.755,imu_nremgate,imu_remclean,30534,0.9409,0.902,1.0,1.0,0.6408
SF11,12_20260904_202856.246,imu_nremgate,imu_remclean,44027,0.9934,0.9855,1.0,1.0,0.8625
SF11,12_20260906_195111.187,imu_nremgate,imu_remclean,70,1.0,1.0,1.0,1.0,
SF11,13_20260902_170443.451,imu_nremgate,imu_remclean,4174,0.9382,0.9003,1.0,1.0,0.6645
SF11,17_20260902_190852.526,imu_nremgate,imu_remclean,38684,0.9923,0.9644,1.0,1.0,0.4241
SF11,18_20260903_055348.084,imu_nremgate,imu_remclean,3589,0.9916,0.985,1.0,1.0,0.879
SF11,1_20260831_191341.611,imu_nremgate,imu_remclean,18909,1.0,1.0,1.0,1.0,1.0
SF11,2_20260901_002906.850,imu_nremgate,imu_remclean,10365,0.9999,0.9998,1.0,1.0,0.9983
SF11,2_20260901_075919.035,imu_nremgate,imu_remclean,18258,0.9563,0.9279,1.0,1.0,0.7533
SF11,2_20260905_185931.246,imu_nremgate,imu_remclean,43344,0.9993,0.9979,1.0,1.0,0.9638
SF11,3_20260901_130404.084,imu_nremgate,imu_remclean,15213,0.974,0.9575,1.0,1.0,0.8557
SF11,3_20260903_080159.850,imu_nremgate,imu_remclean,28371,0.9479,0.9105,1.0,1.0,0.7338
SF11,3_20260903_180527.746,imu_nremgate,imu_remclean,81,1.0,1.0,1.0,1.0,1.0
SF11,3_20260905_094205.930,imu_nremgate,imu_remclean,19203,0.9959,0.9923,1.0,1.0,0.9731
SF11,4_20260901_171752.763,imu_nremgate,imu_remclean,3887,0.9498,0.9116,1.0,1.0,0.6341
SF11,4_20260903_155503.475,imu_nremgate,imu_remclean,637,0.9608,0.9339,1.0,1.0,0.8945
SF11,4_20260903_180700.416,imu_nremgate,imu_remclean,49796,0.9925,0.9797,1.0,1.0,0.7854
SF11,5_20260906_080735.254,imu_nremgate,imu_remclean,15896,0.9241,0.8588,1.0,1.0,0.6296
SF11,6_20260906_132454.539,imu_nremgate,imu_remclean,380,1.0,0.0,1.0,,
SF11,7_20260901_193749.076,imu_nremgate,imu_remclean,13609,1.0,1.0,1.0,1.0,
SF11,7_20260904_082050.456,imu_nremgate,imu_remclean,19234,0.9812,0.9629,1.0,1.0,0.8886
SF11,7_20260905_151133.499,imu_nremgate,imu_remclean,10607,0.9625,0.9375,1.0,1.0,0.8013
SF11,8_20260901_232454.815,imu_nremgate,imu_remclean,25792,0.9923,0.9831,1.0,1.0,0.8078
SF11,9_20260902_063458.913,imu_nremgate,imu_remclean,3156,0.9477,0.9054,1.0,1.0,0.6436
SF11,9_20260904_135650.425,imu_nremgate,imu_remclean,20480,0.9918,0.986,1.0,1.0,0.935
SF11,9_20260906_133337.885,imu_nremgate,imu_remclean,19813,0.9511,0.9052,1.0,1.0,0.6227
SF12,0_20260901_080334.683,imu_nremgate,imu_remclean,18513,0.9647,0.9366,1.0,1.0,0.7642
SF12,0_20260911_093859.455,imu_nremgate,imu_remclean,73,1.0,1.0,1.0,1.0,
SF12,10_20260906_195502.355,imu_nremgate,imu_remclean,44344,0.998,0.9956,1.0,1.0,0.9222
SF12,11_20260902_083748.804,imu_nremgate,imu_remclean,34988,0.9813,0.967,1.0,1.0,0.8783
SF12,15_20260903_002228.142,imu_nremgate,imu_remclean,23350,0.9979,0.9949,1.0,1.0,0.9417
SF12,15_20260910_210518.445,imu_nremgate,imu_remclean,40731,0.9966,0.9897,1.0,1.0,0.7943
SF12,17_20260911_192428.023,imu_nremgate,imu_remclean,52235,0.9892,0.9562,1.0,1.0,0.0458
SF12,1_20260901_131223.398,imu_nremgate,imu_remclean,14803,0.9717,0.9518,1.0,1.0,0.865
SF12,1_20260905_094345.171,imu_nremgate,imu_remclean,59,1.0,1.0,1.0,1.0,
SF12,1_20260907_090326.668,imu_nremgate,imu_remclean,62,1.0,1.0,1.0,1.0,
SF12,2_20260831_191613.417,imu_nremgate,imu_remclean,18863,0.9937,0.9784,1.0,1.0,0.0
SF12,2_20260901_171924.960,imu_nremgate,imu_remclean,3851,0.9982,0.997,1.0,1.0,0.9893
SF12,2_20260905_094454.579,imu_nremgate,imu_remclean,29820,0.9865,0.9719,1.0,1.0,0.9198
SF12,2_20260907_090439.409,imu_nremgate,imu_remclean,28617,0.987,0.975,1.0,1.0,0.9177
SF12,2_20260907_180003.285,imu_nremgate,imu_remclean,44912,1.0,1.0,1.0,1.0,
SF12,2_20260909_091353.804,imu_nremgate,imu_remclean,31680,0.9578,0.917,1.0,1.0,0.7296
SF12,2_20260909_184027.605,imu_nremgate,imu_remclean,365,1.0,1.0,1.0,1.0,
SF12,2_20260911_094554.396,imu_nremgate,imu_remclean,99,0.9192,0.0,1.0,,0.0
SF12,3_20260901_003050.862,imu_nremgate,imu_remclean,16004,0.9985,0.9972,1.0,1.0,0.9617
SF12,3_20260903_080924.473,imu_nremgate,imu_remclean,31562,0.9593,0.9282,1.0,1.0,0.8163
SF12,3_20260903_180935.835,imu_nremgate,imu_remclean,46199,0.9967,0.9917,1.0,1.0,0.8036
SF12,3_20260905_190131.729,imu_nremgate,imu_remclean,60,1.0,1.0,1.0,1.0,
SF12,4_20260901_054714.722,imu_nremgate,imu_remclean,108,1.0,1.0,1.0,1.0,
SF12,4_20260901_194535.925,imu_nremgate,imu_remclean,65,1.0,1.0,1.0,1.0,
SF12,4_20260905_190240.835,imu_nremgate,imu_remclean,42856,0.9996,0.9989,1.0,1.0,0.9762
SF12,4_20260909_184750.985,imu_nremgate,imu_remclean,46510,0.9973,0.9905,1.0,1.0,0.7974
SF12,5_20260904_082836.973,imu_nremgate,imu_remclean,40273,0.9789,0.9615,1.0,1.0,0.851
SF12,5_20260908_072624.615,imu_nremgate,imu_remclean,41649,0.9796,0.9588,1.0,1.0,0.8759
SF12,6_20260901_195621.144,imu_nremgate,imu_remclean,12614,0.9996,0.9987,1.0,1.0,0.9444
SF12,7_20260901_232651.122,imu_nremgate,imu_remclean,25406,0.9972,0.9943,1.0,1.0,0.9445
SF12,7_20260906_080951.055,imu_nremgate,imu_remclean,39581,0.984,0.9619,1.0,1.0,0.8886
SF12,8_20260902_063032.282,imu_nremgate,imu_remclean,4011,0.9708,0.9496,1.0,1.0,0.7829
SF12,8_20260904_203130.725,imu_nremgate,imu_remclean,43363,0.9964,0.9919,1.0,1.0,0.9062
SF12,8_20260908_194824.915,imu_nremgate,imu_remclean,45214,0.9997,0.9992,1.0,1.0,0.9895
SF12,8_20260910_083507.425,imu_nremgate,imu_remclean,22716,0.9738,0.948,1.0,1.0,0.8634
