written_utc,animal,session,probe,mode,n_units,spikes_per_unit,top_k,rank,variant,rot_bank0,rot_bank1,spread_topk_um,spread_um,spread_median_um,same_shank_frac,within_100um_frac,repo_git
2026-09-04T19:50:22+00:00,SF07,15_20260902_082418.755,A4x16-Lin-5mm-50s-300,units,120,200,6,1,v1_raw,1,0,84.29,178.73,150.98,0.8429,0.6445,94ef5a6+dirty
2026-09-04T19:50:22+00:00,SF07,15_20260902_082418.755,A4x16-Lin-5mm-50s-300,units,120,200,6,2,v3_fliplr,1,0,90.19,182.67,155.6,0.8429,0.6066,94ef5a6+dirty
2026-09-04T19:50:22+00:00,SF07,15_20260902_082418.755,A4x16-Lin-5mm-50s-300,units,120,200,6,3,B180,1,0,93.45,190.03,162.47,0.8429,0.6434,94ef5a6+dirty
2026-09-04T19:50:22+00:00,SF07,15_20260902_082418.755,A4x16-Lin-5mm-50s-300,units,120,200,6,4,m+B180,1,0,97.53,191.52,165.2,0.8429,0.6057,94ef5a6+dirty
2026-09-04T19:50:22+00:00,SF07,15_20260902_082418.755,A4x16-Lin-5mm-50s-300,units,120,200,6,5,v1_raw,-1,0,104.48,194.99,168.84,0.8316,0.6147,94ef5a6+dirty
2026-09-04T19:50:23+00:00,SF07,15_20260902_082418.755,A4x16-Lin-5mm-50s-300,units,120,200,6,6,v1_raw,3,0,107.85,199.73,177.87,0.8222,0.6112,94ef5a6+dirty
2026-09-04T19:50:23+00:00,SF07,15_20260902_082418.755,A4x16-Lin-5mm-50s-300,units,120,200,6,7,v3_fliplr,-1,0,108.02,197.48,171.04,0.8316,0.5946,94ef5a6+dirty
2026-09-04T19:50:23+00:00,SF07,15_20260902_082418.755,A4x16-Lin-5mm-50s-300,units,120,200,6,8,B180,0,0,109.49,202.84,187.95,0.8388,0.6143,94ef5a6+dirty
2026-09-04T19:50:23+00:00,SF07,15_20260902_082418.755,A4x16-Lin-5mm-50s-300,units,120,200,6,9,v1_raw,0,0,109.52,200.91,179.54,0.8388,0.6168,94ef5a6+dirty
2026-09-04T19:50:23+00:00,SF07,15_20260902_082418.755,A4x16-Lin-5mm-50s-300,units,120,200,6,10,v3_fliplr,3,0,111.44,201.91,181.58,0.8222,0.593,94ef5a6+dirty
2026-09-04T19:50:23+00:00,SF07,15_20260902_082418.755,A4x16-Lin-5mm-50s-300,units,120,200,6,11,v1_raw,-2,0,112.19,202.57,180.98,0.8237,0.6142,94ef5a6+dirty
2026-09-04T19:50:23+00:00,SF07,15_20260902_082418.755,A4x16-Lin-5mm-50s-300,units,120,200,6,12,B180,2,0,112.88,203.68,187.29,0.8282,0.6157,94ef5a6+dirty
2026-09-04T19:50:26+00:00,SF08,13_20260902_082748.094,A4x16-Lin-5mm-50s-300,units,147,200,6,1,v1_raw,1,0,172.74,260.85,236.17,0.7844,0.4632,94ef5a6+dirty
2026-09-04T19:50:26+00:00,SF08,13_20260902_082748.094,A4x16-Lin-5mm-50s-300,units,147,200,6,2,v3_fliplr,1,0,174.42,262.55,239.9,0.7844,0.4621,94ef5a6+dirty
2026-09-04T19:50:26+00:00,SF08,13_20260902_082748.094,A4x16-Lin-5mm-50s-300,units,147,200,6,3,B180,1,0,175.15,263.81,228.92,0.7844,0.4662,94ef5a6+dirty
2026-09-04T19:50:26+00:00,SF08,13_20260902_082748.094,A4x16-Lin-5mm-50s-300,units,147,200,6,4,m+B180,1,0,178.04,267.77,227.13,0.7844,0.4657,94ef5a6+dirty
2026-09-04T19:50:26+00:00,SF08,13_20260902_082748.094,A4x16-Lin-5mm-50s-300,units,147,200,6,5,m+A180+B180,1,0,178.13,263.44,224.5,0.7844,0.4567,94ef5a6+dirty
2026-09-04T19:50:26+00:00,SF08,13_20260902_082748.094,A4x16-Lin-5mm-50s-300,units,147,200,6,6,A180+B180,1,0,178.34,263.11,237.24,0.7844,0.4504,94ef5a6+dirty
2026-09-04T19:50:26+00:00,SF08,13_20260902_082748.094,A4x16-Lin-5mm-50s-300,units,147,200,6,7,m+A180,1,0,180.29,268.65,242.84,0.7844,0.453,94ef5a6+dirty
2026-09-04T19:50:26+00:00,SF08,13_20260902_082748.094,A4x16-Lin-5mm-50s-300,units,147,200,6,8,A180,1,0,181.53,270.75,255.38,0.7844,0.4474,94ef5a6+dirty
2026-09-04T19:50:26+00:00,SF08,13_20260902_082748.094,A4x16-Lin-5mm-50s-300,units,147,200,6,9,v1_raw,1,-2,187.16,273.56,242.98,0.7358,0.4574,94ef5a6+dirty
2026-09-04T19:50:26+00:00,SF08,13_20260902_082748.094,A4x16-Lin-5mm-50s-300,units,147,200,6,10,v3_fliplr,1,-2,189.05,275.06,258.16,0.7358,0.4557,94ef5a6+dirty
2026-09-04T19:50:26+00:00,SF08,13_20260902_082748.094,A4x16-Lin-5mm-50s-300,units,147,200,6,11,B180,0,0,189.13,270.02,233.85,0.7717,0.459,94ef5a6+dirty
2026-09-04T19:50:26+00:00,SF08,13_20260902_082748.094,A4x16-Lin-5mm-50s-300,units,147,200,6,12,A180+B180,3,0,190.18,272.81,246.86,0.7223,0.4514,94ef5a6+dirty
2026-09-04T21:03:32+00:00,SF09,10_20260902_083015.335,A5x12_16-Buz_lin-5mm-100-200-160_177,units,60,200,6,1,m+swap,-3,-3,184.6,251.61,238.98,0.4477,0.3697,9c82df8+dirty
2026-09-04T21:03:32+00:00,SF09,10_20260902_083015.335,A5x12_16-Buz_lin-5mm-100-200-160_177,units,60,200,6,2,m+swap,1,-3,184.72,246.85,239.32,0.4746,0.3812,9c82df8+dirty
2026-09-04T21:03:32+00:00,SF09,10_20260902_083015.335,A5x12_16-Buz_lin-5mm-100-200-160_177,units,60,200,6,3,m+swap+A180,1,-3,185.75,240.0,204.21,0.4954,0.3715,9c82df8+dirty
2026-09-04T21:03:32+00:00,SF09,10_20260902_083015.335,A5x12_16-Buz_lin-5mm-100-200-160_177,units,60,200,6,4,swap+A180,1,-3,187.66,242.35,209.84,0.4954,0.364,9c82df8+dirty
2026-09-04T21:03:32+00:00,SF09,10_20260902_083015.335,A5x12_16-Buz_lin-5mm-100-200-160_177,units,60,200,6,5,swap,1,-3,188.99,251.46,246.06,0.4746,0.3627,9c82df8+dirty
2026-09-04T21:03:32+00:00,SF09,10_20260902_083015.335,A5x12_16-Buz_lin-5mm-100-200-160_177,units,60,200,6,6,m+B180,0,-4,189.09,251.79,245.62,0.4787,0.3779,9c82df8+dirty
2026-09-04T21:03:32+00:00,SF09,10_20260902_083015.335,A5x12_16-Buz_lin-5mm-100-200-160_177,units,60,200,6,7,swap,-3,-3,189.46,255.67,243.96,0.4477,0.3669,9c82df8+dirty
2026-09-04T21:03:32+00:00,SF09,10_20260902_083015.335,A5x12_16-Buz_lin-5mm-100-200-160_177,units,60,200,6,8,B180,0,-4,189.62,252.3,253.24,0.4787,0.392,9c82df8+dirty
2026-09-04T21:03:32+00:00,SF09,10_20260902_083015.335,A5x12_16-Buz_lin-5mm-100-200-160_177,units,60,200,6,9,A180,4,-2,189.71,249.99,232.83,0.4229,0.379,9c82df8+dirty
2026-09-04T21:03:32+00:00,SF09,10_20260902_083015.335,A5x12_16-Buz_lin-5mm-100-200-160_177,units,60,200,6,10,m+swap,4,-3,190.8,255.49,258.53,0.4477,0.3812,9c82df8+dirty
2026-09-04T21:03:32+00:00,SF09,10_20260902_083015.335,A5x12_16-Buz_lin-5mm-100-200-160_177,units,60,200,6,11,m+B180,3,-4,192.2,260.09,264.08,0.4418,0.3768,9c82df8+dirty
2026-09-04T21:03:32+00:00,SF09,10_20260902_083015.335,A5x12_16-Buz_lin-5mm-100-200-160_177,units,60,200,6,12,m+swap,-1,-3,192.36,252.08,236.19,0.4323,0.3658,9c82df8+dirty
2026-09-05T10:30:46+00:00,SF10,9_20260902_083247.835,A4x16-Lin-5mm-50s-300,units,150,200,6,1,A180,1,0,171.91,271.21,241.89,0.756,0.4866,a508fc3+dirty
2026-09-05T10:30:46+00:00,SF10,9_20260902_083247.835,A4x16-Lin-5mm-50s-300,units,150,200,6,2,m+A180,1,0,180.51,279.04,249.59,0.756,0.4431,a508fc3+dirty
2026-09-05T10:30:46+00:00,SF10,9_20260902_083247.835,A4x16-Lin-5mm-50s-300,units,150,200,6,3,m+B180,1,0,191.43,286.48,240.94,0.756,0.4307,a508fc3+dirty
2026-09-05T10:30:46+00:00,SF10,9_20260902_083247.835,A4x16-Lin-5mm-50s-300,units,150,200,6,4,B180,1,0,191.8,287.57,259.15,0.756,0.4425,a508fc3+dirty
2026-09-05T10:30:46+00:00,SF10,9_20260902_083247.835,A4x16-Lin-5mm-50s-300,units,150,200,6,5,A180+B180,1,0,194.82,290.93,246.1,0.756,0.4686,a508fc3+dirty
2026-09-05T10:30:46+00:00,SF10,9_20260902_083247.835,A4x16-Lin-5mm-50s-300,units,150,200,6,6,swap+B180,0,0,195.2,280.35,264.01,0.7414,0.4158,a508fc3+dirty
2026-09-05T10:30:46+00:00,SF10,9_20260902_083247.835,A4x16-Lin-5mm-50s-300,units,150,200,6,7,m+swap+B180,2,0,196.36,288.24,253.17,0.7495,0.4399,a508fc3+dirty
2026-09-05T10:30:46+00:00,SF10,9_20260902_083247.835,A4x16-Lin-5mm-50s-300,units,150,200,6,8,m+swap+B180,0,0,196.38,281.35,264.73,0.7414,0.4232,a508fc3+dirty
2026-09-05T10:30:46+00:00,SF10,9_20260902_083247.835,A4x16-Lin-5mm-50s-300,units,150,200,6,9,v1_raw,1,0,198.39,290.38,247.41,0.756,0.4605,a508fc3+dirty
2026-09-05T10:30:46+00:00,SF10,9_20260902_083247.835,A4x16-Lin-5mm-50s-300,units,150,200,6,10,m+A180+B180,1,0,198.85,293.03,243.87,0.756,0.4372,a508fc3+dirty
2026-09-05T10:30:46+00:00,SF10,9_20260902_083247.835,A4x16-Lin-5mm-50s-300,units,150,200,6,11,v2_rot180,0,0,199.39,288.85,267.23,0.7414,0.4296,a508fc3+dirty
2026-09-05T10:30:46+00:00,SF10,9_20260902_083247.835,A4x16-Lin-5mm-50s-300,units,150,200,6,12,v3_fliplr,1,0,201.97,295.41,245.87,0.756,0.4366,a508fc3+dirty
2026-09-07T02:45:44+00:00,SF11,12_20260902_083534.755,A4x16-Lin-5mm-50s-300,units,146,200,6,1,v1_raw,3,0,164.67,248.2,220.85,0.781,0.4882,169745d+dirty
2026-09-07T02:45:44+00:00,SF11,12_20260902_083534.755,A4x16-Lin-5mm-50s-300,units,146,200,6,2,m+A180,1,0,165.28,255.4,233.99,0.799,0.4682,169745d+dirty
2026-09-07T02:45:44+00:00,SF11,12_20260902_083534.755,A4x16-Lin-5mm-50s-300,units,146,200,6,3,v3_fliplr,3,0,165.92,247.93,218.59,0.781,0.4751,169745d+dirty
2026-09-07T02:45:44+00:00,SF11,12_20260902_083534.755,A4x16-Lin-5mm-50s-300,units,146,200,6,4,m+A180,3,0,166.33,257.33,233.43,0.781,0.4745,169745d+dirty
2026-09-07T02:45:45+00:00,SF11,12_20260902_083534.755,A4x16-Lin-5mm-50s-300,units,146,200,6,5,m+A180+B180,3,0,166.56,250.09,223.51,0.781,0.4718,169745d+dirty
2026-09-07T02:45:45+00:00,SF11,12_20260902_083534.755,A4x16-Lin-5mm-50s-300,units,146,200,6,6,m+A180+B180,1,0,168.37,252.59,230.74,0.799,0.4717,169745d+dirty
2026-09-07T02:45:45+00:00,SF11,12_20260902_083534.755,A4x16-Lin-5mm-50s-300,units,146,200,6,7,v2_rot180,2,-2,168.8,253.14,223.27,0.7471,0.4849,169745d+dirty
2026-09-07T02:45:45+00:00,SF11,12_20260902_083534.755,A4x16-Lin-5mm-50s-300,units,146,200,6,8,A180,1,0,169.31,259.57,232.09,0.799,0.4623,169745d+dirty
2026-09-07T02:45:45+00:00,SF11,12_20260902_083534.755,A4x16-Lin-5mm-50s-300,units,146,200,6,9,A180,3,0,169.86,260.17,239.89,0.781,0.4843,169745d+dirty
2026-09-07T02:45:45+00:00,SF11,12_20260902_083534.755,A4x16-Lin-5mm-50s-300,units,146,200,6,10,v3_fliplr,1,0,171.14,252.02,214.45,0.799,0.469,169745d+dirty
2026-09-07T02:45:45+00:00,SF11,12_20260902_083534.755,A4x16-Lin-5mm-50s-300,units,146,200,6,11,swap,2,1,172.98,257.07,229.54,0.7605,0.468,169745d+dirty
2026-09-07T02:45:45+00:00,SF11,12_20260902_083534.755,A4x16-Lin-5mm-50s-300,units,146,200,6,12,m+B180,3,0,173.6,261.52,231.59,0.781,0.4724,169745d+dirty
2026-09-08T04:23:28+00:00,SF10,9_20260902_083247.835,A4x16-Lin-5mm-50s-300,units,150,200,6,1,A180,1,0,171.91,271.21,241.89,0.756,0.4866,60f3478+dirty
2026-09-08T04:23:28+00:00,SF10,9_20260902_083247.835,A4x16-Lin-5mm-50s-300,units,150,200,6,2,m+A180,1,0,180.51,279.04,249.59,0.756,0.4431,60f3478+dirty
2026-09-08T04:23:28+00:00,SF10,9_20260902_083247.835,A4x16-Lin-5mm-50s-300,units,150,200,6,3,m+B180,1,0,191.43,286.48,240.94,0.756,0.4307,60f3478+dirty
2026-09-08T04:23:28+00:00,SF10,9_20260902_083247.835,A4x16-Lin-5mm-50s-300,units,150,200,6,4,B180,1,0,191.8,287.57,259.15,0.756,0.4425,60f3478+dirty
2026-09-08T04:23:28+00:00,SF10,9_20260902_083247.835,A4x16-Lin-5mm-50s-300,units,150,200,6,5,A180+B180,1,0,194.82,290.93,246.1,0.756,0.4686,60f3478+dirty
2026-09-08T04:23:28+00:00,SF10,9_20260902_083247.835,A4x16-Lin-5mm-50s-300,units,150,200,6,6,swap+B180,0,0,195.2,280.35,264.01,0.7414,0.4158,60f3478+dirty
2026-09-08T04:23:28+00:00,SF10,9_20260902_083247.835,A4x16-Lin-5mm-50s-300,units,150,200,6,7,m+swap+B180,2,0,196.36,288.24,253.17,0.7495,0.4399,60f3478+dirty
2026-09-08T04:23:28+00:00,SF10,9_20260902_083247.835,A4x16-Lin-5mm-50s-300,units,150,200,6,8,m+swap+B180,0,0,196.38,281.35,264.73,0.7414,0.4232,60f3478+dirty
2026-09-08T04:23:28+00:00,SF10,9_20260902_083247.835,A4x16-Lin-5mm-50s-300,units,150,200,6,9,v1_raw,1,0,198.39,290.38,247.41,0.756,0.4605,60f3478+dirty
2026-09-08T04:23:28+00:00,SF10,9_20260902_083247.835,A4x16-Lin-5mm-50s-300,units,150,200,6,10,m+A180+B180,1,0,198.85,293.03,243.87,0.756,0.4372,60f3478+dirty
2026-09-08T04:23:28+00:00,SF10,9_20260902_083247.835,A4x16-Lin-5mm-50s-300,units,150,200,6,11,v2_rot180,0,0,199.39,288.85,267.23,0.7414,0.4296,60f3478+dirty
2026-09-08T04:23:28+00:00,SF10,9_20260902_083247.835,A4x16-Lin-5mm-50s-300,units,150,200,6,12,v3_fliplr,1,0,201.97,295.41,245.87,0.756,0.4366,60f3478+dirty
2026-09-08T04:24:06+00:00,SF10,9_20260902_083247.835,A4x16-Lin-5mm-50s-300,units,150,200,6,1,A180,1,0,171.91,271.21,241.89,0.756,0.4866,60f3478+dirty
2026-09-08T04:24:06+00:00,SF10,9_20260902_083247.835,A4x16-Lin-5mm-50s-300,units,150,200,6,2,m+A180,1,0,180.51,279.04,249.59,0.756,0.4431,60f3478+dirty
2026-09-08T04:24:06+00:00,SF10,9_20260902_083247.835,A4x16-Lin-5mm-50s-300,units,150,200,6,3,m+B180,1,0,191.43,286.48,240.94,0.756,0.4307,60f3478+dirty
2026-09-08T04:24:06+00:00,SF10,9_20260902_083247.835,A4x16-Lin-5mm-50s-300,units,150,200,6,4,B180,1,0,191.8,287.57,259.15,0.756,0.4425,60f3478+dirty
2026-09-08T04:24:06+00:00,SF10,9_20260902_083247.835,A4x16-Lin-5mm-50s-300,units,150,200,6,5,A180+B180,1,0,194.82,290.93,246.1,0.756,0.4686,60f3478+dirty
2026-09-08T04:24:06+00:00,SF10,9_20260902_083247.835,A4x16-Lin-5mm-50s-300,units,150,200,6,6,swap+B180,0,0,195.2,280.35,264.01,0.7414,0.4158,60f3478+dirty
2026-09-08T04:24:06+00:00,SF10,9_20260902_083247.835,A4x16-Lin-5mm-50s-300,units,150,200,6,7,m+swap+B180,2,0,196.36,288.24,253.17,0.7495,0.4399,60f3478+dirty
2026-09-08T04:24:06+00:00,SF10,9_20260902_083247.835,A4x16-Lin-5mm-50s-300,units,150,200,6,8,m+swap+B180,0,0,196.38,281.35,264.73,0.7414,0.4232,60f3478+dirty
2026-09-08T04:24:07+00:00,SF10,9_20260902_083247.835,A4x16-Lin-5mm-50s-300,units,150,200,6,9,v1_raw,1,0,198.39,290.38,247.41,0.756,0.4605,60f3478+dirty
2026-09-08T04:24:07+00:00,SF10,9_20260902_083247.835,A4x16-Lin-5mm-50s-300,units,150,200,6,10,m+A180+B180,1,0,198.85,293.03,243.87,0.756,0.4372,60f3478+dirty
2026-09-08T04:24:07+00:00,SF10,9_20260902_083247.835,A4x16-Lin-5mm-50s-300,units,150,200,6,11,v2_rot180,0,0,199.39,288.85,267.23,0.7414,0.4296,60f3478+dirty
2026-09-08T04:24:07+00:00,SF10,9_20260902_083247.835,A4x16-Lin-5mm-50s-300,units,150,200,6,12,v3_fliplr,1,0,201.97,295.41,245.87,0.756,0.4366,60f3478+dirty
2026-09-08T17:00:07+00:00,SF12,11_20260902_083748.804,A4x16-Lin-5mm-50s-300,units,150,200,6,1,m+A180,1,0,193.15,269.75,256.06,0.792,0.4287,60f3478+dirty
2026-09-08T17:00:07+00:00,SF12,11_20260902_083748.804,A4x16-Lin-5mm-50s-300,units,150,200,6,2,A180,1,0,198.85,273.64,261.75,0.792,0.4332,60f3478+dirty
2026-09-08T17:00:07+00:00,SF12,11_20260902_083748.804,A4x16-Lin-5mm-50s-300,units,150,200,6,3,A180+B180,1,0,200.49,273.1,261.24,0.792,0.44,60f3478+dirty
2026-09-08T17:00:07+00:00,SF12,11_20260902_083748.804,A4x16-Lin-5mm-50s-300,units,150,200,6,4,m+A180+B180,1,0,201.01,271.86,254.11,0.792,0.43,60f3478+dirty
2026-09-08T17:00:07+00:00,SF12,11_20260902_083748.804,A4x16-Lin-5mm-50s-300,units,150,200,6,5,m+A180,1,4,201.82,275.27,247.75,0.7625,0.4339,60f3478+dirty
2026-09-08T17:00:07+00:00,SF12,11_20260902_083748.804,A4x16-Lin-5mm-50s-300,units,150,200,6,6,m+B180,0,0,205.31,273.0,264.36,0.7531,0.451,60f3478+dirty
2026-09-08T17:00:07+00:00,SF12,11_20260902_083748.804,A4x16-Lin-5mm-50s-300,units,150,200,6,7,m+swap+A180,0,0,205.56,274.85,265.49,0.7531,0.4548,60f3478+dirty
2026-09-08T17:00:07+00:00,SF12,11_20260902_083748.804,A4x16-Lin-5mm-50s-300,units,150,200,6,8,m+swap+B180,0,0,206.82,268.59,264.03,0.7531,0.4262,60f3478+dirty
2026-09-08T17:00:07+00:00,SF12,11_20260902_083748.804,A4x16-Lin-5mm-50s-300,units,150,200,6,9,swap+B180,0,0,207.53,269.3,255.92,0.7531,0.4142,60f3478+dirty
2026-09-08T17:00:07+00:00,SF12,11_20260902_083748.804,A4x16-Lin-5mm-50s-300,units,150,200,6,10,v3_fliplr,1,0,207.55,277.88,264.6,0.792,0.4367,60f3478+dirty
2026-09-08T17:00:07+00:00,SF12,11_20260902_083748.804,A4x16-Lin-5mm-50s-300,units,150,200,6,11,B180,1,3,208.02,275.89,260.71,0.7748,0.429,60f3478+dirty
2026-09-08T17:00:07+00:00,SF12,11_20260902_083748.804,A4x16-Lin-5mm-50s-300,units,150,200,6,12,swap+A180,0,0,208.32,278.78,276.39,0.7531,0.4366,60f3478+dirty
