animal,session,frac_rem_pass2,frac_nrem_pass2,kappa_vs_imu_remclean,frac_rem_old,frac_nrem_old,d_rem_pp,d_nrem_pp,review
SF07,10_20260901_234332.691,0.0118,0.2985,0.8011,0.016,0.2199,-0.42,7.86,True
SF07,11_20260902_062241.295,0.0601,0.6147,0.6698,0.0318,0.4662,2.83,14.85,True
SF07,14_20260904_201825.406,0.0232,0.267,0.9109,0.0011,0.3041,2.21,-3.71,True
SF07,14_20260911_191449.075,0.023,0.2919,0.8721,0.001,0.3498,2.2,-5.79,True
SF07,15_20260902_082418.755,0.1002,0.6484,0.8904,0.1235,0.5949,-2.33,5.35,True
SF07,16_20260902_165524.033,0.0928,0.7291,0.8651,0.1135,0.7384,-2.07,-0.93,True
SF07,1_20260831_185904.795,0.0062,0.13,0.9029,0.0087,0.1083,-0.25,2.17,False
SF07,1_20260907_174716.243,0.0,0.0,0.0,0.0,0.3108,0.0,-31.08,True
SF07,2_20260901_002100.939,0.0059,0.2465,0.7606,0.0071,0.165,-0.12,8.15,True
SF07,2_20260903_075114.355,0.1419,0.6639,0.768,0.1388,0.5653,0.31,9.86,True
SF07,2_20260905_093310.289,0.0909,0.6162,0.7015,0.0028,0.7498,8.81,-13.36,True
SF07,2_20260905_184732.855,0.0074,0.1696,0.8382,0.0026,0.1367,0.48,3.29,True
SF07,2_20260907_085247.979,0.0,0.2387,0.4233,0.0158,0.526,-1.58,-28.73,True
SF07,2_20260907_174841.816,0.0141,0.1774,0.9002,0.0023,0.2003,1.18,-2.29,False
SF07,2_20260909_183802.795,0.0054,0.1455,0.8042,0.0045,0.1043,0.09,4.12,True
SF07,2_20260911_091615.116,0.1099,0.701,0.9338,0.0909,0.6975,1.9,0.35,False
SF07,3_20260901_054126.846,0.0249,0.2709,0.7542,0.0,0.3799,2.49,-10.9,True
SF07,3_20260902_190047.109,0.0053,0.1389,0.9175,0.0065,0.1195,-0.12,1.94,False
SF07,3_20260903_164808.815,0.127,0.5263,0.9493,0.1295,0.4962,-0.25,3.01,False
SF07,3_20260909_090331.016,0.1171,0.7068,0.9578,0.1103,0.7123,0.68,-0.55,False
SF07,4_20260901_074925.529,0.0,0.0,0.0,0.0,0.1579,0.0,-15.79,True
SF07,4_20260903_001558.656,0.011,0.2641,0.7576,0.0056,0.1894,0.54,7.47,True
SF07,4_20260906_075426.615,0.1258,0.7522,0.7793,0.149,0.671,-2.32,8.12,True
SF07,4_20260907_091511.369,0.1474,0.6844,0.9505,0.1711,0.6843,-2.37,0.01,True
SF07,5_20260901_075052.875,0.1353,0.6945,0.9197,0.1503,0.6679,-1.5,2.66,False
SF07,5_20260908_071513.175,0.1139,0.7221,0.9422,0.1088,0.7301,0.51,-0.8,False
SF07,5_20260910_082351.495,0.1241,0.7218,0.9655,0.1369,0.713,-1.28,0.88,False
SF07,6_20260901_125442.165,0.1508,0.648,0.7794,0.1875,0.5527,-3.67,9.53,True
SF07,6_20260903_175144.375,0.0204,0.2244,0.919,0.0198,0.1974,0.06,2.7,False
SF07,6_20260905_133118.469,0.1409,0.6279,0.9323,0.1352,0.6541,0.57,-2.62,False
SF07,6_20260906_132942.035,0.1085,0.7078,0.4479,0.0,0.8985,10.85,-19.07,True
SF07,7_20260901_171210.814,0.1202,0.6416,0.676,0.0928,0.5102,2.74,13.14,True
SF07,8_20260904_080936.435,0.1068,0.6858,0.9751,0.1106,0.6816,-0.38,0.42,False
SF07,8_20260908_193733.435,0.0168,0.215,0.9315,0.012,0.197,0.48,1.8,False
SF07,9_20260901_192912.215,0.0,0.0043,0.2848,0.0,0.0007,0.0,0.36,True
SF08,12_20260902_082624.125,0.0,0.0,0.0,0.0,0.0,0.0,0.0,True
SF08,13_20260902_082748.094,0.1569,0.5563,0.8891,0.1699,0.5615,-1.3,-0.52,True
SF08,17_20260902_190241.916,0.0079,0.2026,0.933,0.0013,0.1876,0.66,1.5,False
SF08,18_20260903_060030.122,0.0653,0.6901,0.6069,0.0415,0.5247,2.38,16.54,True
SF08,1_20260831_190229.919,0.0122,0.1304,0.8451,0.0025,0.106,0.97,2.44,True
SF08,1_20260901_075304.063,0.1365,0.5462,0.8883,0.1209,0.5229,1.56,2.33,True
SF08,1_20260909_181543.715,0.0,0.0,0.0,0.0,0.0,0.0,0.0,True
SF08,2_20260901_002327.839,0.004,0.1284,0.7802,0.0017,0.0871,0.23,4.13,True
SF08,2_20260901_125621.840,0.2426,0.6025,0.9376,0.2186,0.6129,2.4,-1.04,True
SF08,2_20260903_075352.907,0.2027,0.5792,0.8749,0.2285,0.589,-2.58,-0.98,True
SF08,2_20260903_175453.625,0.0294,0.2348,0.9807,0.0261,0.2398,0.33,-0.5,False
SF08,2_20260905_093534.819,0.1152,0.572,0.9435,0.1034,0.5813,1.18,-0.93,False
SF08,2_20260905_185104.563,0.0172,0.1751,0.9285,0.0033,0.171,1.39,0.41,False
SF08,2_20260907_085534.719,0.1571,0.6669,0.9507,0.1543,0.6855,0.28,-1.86,False
SF08,2_20260907_175113.385,0.0145,0.1236,0.9563,0.0136,0.1262,0.09,-0.26,False
SF08,2_20260909_090608.006,0.1534,0.6157,0.9083,0.1265,0.6458,2.69,-3.01,True
SF08,2_20260910_210245.604,0.019,0.1876,0.9541,0.0142,0.1777,0.48,0.99,False
SF08,3_20260901_054222.420,0.0,0.0,0.0,0.0,0.0,0.0,0.0,True
SF08,3_20260901_151059.837,0.4526,0.5474,0.3106,0.0,0.5158,45.26,3.16,True
SF08,3_20260903_160306.510,0.065,0.4147,0.9282,0.0507,0.4175,1.43,-0.28,False
SF08,3_20260909_185036.554,0.0087,0.0979,0.9381,0.0044,0.0938,0.43,0.41,False
SF08,3_20260911_091931.245,0.1541,0.6564,0.9395,0.1465,0.6505,0.76,0.59,False
SF08,4_20260901_152951.697,0.1779,0.705,0.8699,0.1753,0.7533,0.26,-4.83,True
SF08,4_20260904_081205.535,0.1592,0.5797,0.8847,0.1672,0.5939,-0.8,-1.42,True
SF08,5_20260901_171339.094,0.1809,0.5112,0.804,0.1465,0.5711,3.44,-5.99,True
SF08,5_20260908_071754.325,0.1583,0.6381,0.9508,0.1578,0.658,0.05,-1.99,False
SF08,5_20260911_191715.923,0.0338,0.2522,0.9634,0.0299,0.2429,0.39,0.93,False
SF08,6_20260906_075927.555,0.1351,0.6124,0.9014,0.1378,0.651,-0.27,-3.86,False
SF08,6_20260910_082629.685,0.1682,0.6904,0.9535,0.1705,0.6744,-0.23,1.6,False
SF08,7_20260901_193109.475,0.0,0.0118,0.6897,0.0017,0.0064,-0.17,0.54,True
SF08,7_20260904_202056.765,0.0436,0.2559,0.8119,0.0166,0.2081,2.7,4.78,True
SF08,8_20260901_233239.239,0.0139,0.2507,0.789,0.0051,0.1847,0.88,6.6,True
SF08,8_20260908_193958.035,0.0234,0.1948,0.9914,0.0236,0.1929,-0.02,0.19,False
SF08,9_20260902_062432.012,0.11,0.533,0.9402,0.1371,0.5188,-2.71,1.42,True
SF08,9_20260906_194333.465,0.0263,0.2368,0.9168,0.0227,0.2092,0.36,2.76,False
SF09,0_20260831_190404.508,0.0,1.0,0.0,0.0,0.4154,0.0,58.46,True
SF09,10_20260902_083015.335,0.1156,0.6054,0.7709,0.0895,0.5141,2.61,9.13,True
SF09,11_20260902_165826.634,0.1364,0.5342,0.8068,0.1722,0.6018,-3.58,-6.76,True
SF09,11_20260906_194634.836,0.0144,0.1924,0.8938,0.0,0.223,1.44,-3.06,True
SF09,15_20260902_190508.575,0.001,0.2204,0.9152,0.0011,0.2471,-0.01,-2.67,False
SF09,15_20260910_204912.017,0.0146,0.2355,0.9587,0.0161,0.2205,-0.15,1.5,False
SF09,16_20260903_001828.515,0.0187,0.1978,0.8946,0.0199,0.1638,-0.12,3.4,True
SF09,17_20260911_191947.524,0.0253,0.2714,0.924,0.0302,0.298,-0.49,-2.66,False
SF09,1_20260901_075532.964,0.1501,0.6434,0.9343,0.1284,0.6342,2.17,0.92,True
SF09,1_20260907_085726.079,0.0,0.0,0.0,0.0,0.1538,0.0,-15.38,True
SF09,2_20260901_125743.131,0.1455,0.5673,0.9035,0.154,0.5933,-0.85,-2.6,False
SF09,2_20260903_075655.297,0.1294,0.6454,0.8126,0.1338,0.7179,-0.44,-7.25,True
SF09,2_20260907_085841.028,0.1456,0.6362,0.9676,0.1546,0.6394,-0.9,-0.32,False
SF09,2_20260909_090835.027,0.1193,0.6344,0.8641,0.1177,0.5809,0.16,5.35,True
SF09,2_20260909_184248.375,0.0067,0.1661,0.9399,0.0015,0.1548,0.52,1.13,False
SF09,2_20260911_092224.167,0.1085,0.6718,0.7814,0.1382,0.7367,-2.97,-6.49,True
SF09,3_20260831_190834.640,0.0046,0.1302,0.7638,0.0034,0.0845,0.12,4.57,True
SF09,3_20260901_171502.588,0.1675,0.5861,0.8137,0.169,0.6695,-0.15,-8.34,True
SF09,3_20260903_175840.384,0.0147,0.202,0.9262,0.0166,0.2222,-0.19,-2.02,False
SF09,3_20260905_094705.608,0.1392,0.6579,0.8085,0.0981,0.6277,4.11,3.02,True
SF09,3_20260905_185422.206,0.0114,0.1702,0.9286,0.0075,0.1537,0.39,1.65,False
SF09,3_20260907_175435.676,0.0145,0.1461,0.9353,0.0176,0.1477,-0.31,-0.16,False
SF09,4_20260901_002514.385,0.0245,0.3108,0.7973,0.0252,0.2237,-0.07,8.71,True
SF09,5_20260901_054317.203,0.0,0.36,0.3902,0.0,0.12,0.0,24.0,True
SF09,5_20260901_193330.365,0.0,0.0057,0.693,0.0,0.0031,0.0,0.26,True
SF09,5_20260904_081426.496,0.1108,0.6003,0.9067,0.1428,0.5806,-3.2,1.97,True
SF09,6_20260901_232245.983,0.0127,0.2736,0.7977,0.0137,0.1963,-0.1,7.73,True
SF09,6_20260908_072057.385,0.1074,0.6765,0.8535,0.0648,0.6971,4.26,-2.06,True
SF09,6_20260910_082858.156,0.1098,0.6452,0.709,0.1274,0.536,-1.76,10.92,True
SF09,7_20260902_062601.722,0.1541,0.6858,0.8973,0.1486,0.7223,0.55,-3.65,True
SF09,7_20260906_080216.656,0.1116,0.6532,0.8336,0.1226,0.6963,-1.1,-4.31,True
SF09,8_20260904_202324.405,0.0238,0.223,0.9163,0.0258,0.1923,-0.2,3.07,False
SF09,9_20260908_194312.545,0.0156,0.2156,0.9817,0.0167,0.2127,-0.11,0.29,False
SF10,10_20260902_170101.421,0.1773,0.5404,0.9299,0.1456,0.5384,3.17,0.2,True
SF10,11_20260911_192207.153,0.0326,0.2902,0.8961,0.0265,0.2528,0.61,3.74,True
SF10,12_20260908_194550.363,0.0169,0.2423,0.9286,0.0162,0.2176,0.07,2.47,False
SF10,13_20260902_190711.525,0.0114,0.2095,0.9777,0.0059,0.2073,0.55,0.22,False
SF10,14_20260903_002530.902,0.0139,0.1976,0.8309,0.0176,0.1457,-0.37,5.19,True
SF10,15_20260903_055614.833,0.1315,0.8208,0.0543,0.0,0.1924,13.15,62.84,True
SF10,1_20260831_191045.259,0.0488,0.3635,0.7823,0.0,0.3665,4.88,-0.3,True
SF10,1_20260901_080143.036,0.1889,0.6747,0.9321,0.1862,0.6525,0.27,2.22,False
SF10,1_20260903_180043.639,0.2022,0.5281,0.3807,0.1685,0.2022,3.37,32.59,True
SF10,2_20260831_195630.973,0.007,0.2229,0.9179,0.0064,0.1957,0.06,2.72,False
SF10,2_20260901_125856.163,0.1872,0.6217,0.9746,0.1931,0.6195,-0.59,0.22,False
SF10,2_20260903_075920.109,0.1762,0.5928,0.9674,0.172,0.5827,0.42,1.01,False
SF10,2_20260903_180222.843,0.0297,0.2654,0.9732,0.0272,0.2576,0.25,0.78,False
SF10,2_20260905_185709.365,0.0166,0.1644,0.9654,0.0174,0.155,-0.08,0.94,False
SF10,2_20260909_091105.736,0.1589,0.6989,0.9731,0.1606,0.7076,-0.17,-0.87,False
SF10,2_20260909_184517.395,0.0081,0.1557,0.9861,0.0081,0.1526,0.0,0.31,False
SF10,2_20260911_092441.104,0.1359,0.6812,0.9089,0.1339,0.6469,0.2,3.43,False
SF10,3_20260901_171620.845,0.1783,0.5519,0.9038,0.1623,0.5885,1.6,-3.66,False
SF10,3_20260906_055804.599,0.0436,0.7157,0.8787,0.0147,0.6988,2.89,1.69,True
SF10,4_20260901_002730.117,0.0113,0.2138,0.766,0.0161,0.1399,-0.48,7.39,True
SF10,4_20260907_090135.869,0.1377,0.6681,0.9953,0.1378,0.6684,-0.01,-0.03,False
SF10,4_20260910_083040.133,0.0,0.0,0.0,0.0,0.0,0.0,0.0,True
SF10,5_20260901_193554.435,0.0,0.0434,0.9562,0.0,0.0399,0.0,0.35,False
SF10,5_20260904_081730.895,0.1227,0.6252,0.9874,0.1196,0.6219,0.31,0.33,False
SF10,5_20260907_175744.885,0.0232,0.1987,0.971,0.0211,0.1913,0.21,0.74,False
SF10,5_20260910_083157.853,0.1262,0.7281,0.9634,0.1259,0.7401,0.03,-1.2,False
SF10,6_20260901_233920.182,0.0249,0.353,0.8459,0.0225,0.2853,0.24,6.77,True
SF10,6_20260906_080449.175,0.1459,0.6841,0.9166,0.1377,0.7178,0.82,-3.37,False
SF10,7_20260905_093927.479,0.1566,0.6505,0.996,0.1561,0.6494,0.05,0.11,False
SF10,8_20260908_072352.245,0.1466,0.6908,0.9085,0.1456,0.6651,0.1,2.57,False
SF10,9_20260902_083247.835,0.1699,0.605,0.9228,0.1719,0.6346,-0.2,-2.96,False
SF10,9_20260904_202620.386,0.0168,0.2037,0.9147,0.0158,0.1768,0.1,2.69,False
SF10,9_20260906_194921.983,0.0225,0.2336,0.9373,0.025,0.2105,-0.25,2.31,False
SF10,9_20260910_205611.775,0.0181,0.2078,0.9898,0.0182,0.2043,-0.01,0.35,False
SF11,12_20260902_083534.755,0.1295,0.5641,0.8162,0.1055,0.4868,2.4,7.73,True
SF11,12_20260904_202856.246,0.0409,0.2827,0.9612,0.0413,0.2679,-0.04,1.48,False
SF11,12_20260906_195111.187,0.0,0.5429,0.4776,0.0,0.2714,0.0,27.15,True
SF11,13_20260902_170443.451,0.1174,0.5335,0.7789,0.1224,0.4159,-0.5,11.76,True
SF11,17_20260902_190852.526,0.0097,0.1603,0.7829,0.0056,0.1114,0.41,4.89,True
SF11,18_20260903_055348.084,0.0663,0.6138,0.7565,0.0607,0.4937,0.56,12.01,True
SF11,1_20260831_191341.611,0.0069,0.1707,0.8657,0.0071,0.1343,-0.02,3.64,True
SF11,2_20260901_002906.850,0.0537,0.2903,0.9209,0.058,0.2541,-0.43,3.62,False
SF11,2_20260901_075919.035,0.1579,0.6369,0.7081,0.1333,0.5082,2.46,12.87,True
SF11,2_20260905_185931.246,0.0164,0.2049,0.9376,0.0184,0.1863,-0.2,1.86,False
SF11,3_20260901_130404.084,0.1749,0.5472,0.8656,0.1544,0.4958,2.05,5.14,True
SF11,3_20260903_080159.850,0.1584,0.5852,0.9023,0.1437,0.5661,1.47,1.91,False
SF11,3_20260903_180527.746,0.0,1.0,0.0,0.5062,0.1358,-50.62,86.42,True
SF11,3_20260905_094205.930,0.1416,0.6314,0.9365,0.1487,0.6282,-0.71,0.32,False
SF11,4_20260901_171752.763,0.1291,0.6108,0.8257,0.087,0.5601,4.21,5.07,True
SF11,4_20260903_155503.475,0.3108,0.5526,0.9071,0.3328,0.5149,-2.2,3.77,True
SF11,4_20260903_180700.416,0.0296,0.22,0.9357,0.0274,0.2007,0.22,1.93,False
SF11,5_20260906_080735.254,0.1325,0.6816,0.8078,0.129,0.6295,0.35,5.21,True
SF11,6_20260906_132454.539,0.0,0.0,0.0,0.0,0.0,0.0,0.0,True
SF11,7_20260901_193749.076,0.0,0.0036,0.3658,0.0,0.0008,0.0,0.28,True
SF11,7_20260904_082050.456,0.1494,0.6284,0.9178,0.1502,0.659,-0.08,-3.06,False
SF11,7_20260905_151133.499,0.143,0.5688,0.9342,0.1513,0.5308,-0.83,3.8,False
SF11,8_20260901_232454.815,0.0334,0.3491,0.8488,0.0323,0.2832,0.11,6.59,True
SF11,9_20260902_063458.913,0.0919,0.7025,0.78,0.0944,0.5941,-0.25,10.84,True
SF11,9_20260904_135650.425,0.1203,0.5167,0.9694,0.1173,0.5319,0.3,-1.52,False
SF11,9_20260906_133337.885,0.1199,0.6325,0.9018,0.0807,0.6393,3.92,-0.68,True
SF12,0_20260901_080334.683,0.1406,0.6547,0.821,0.1145,0.5907,2.61,6.4,True
SF12,0_20260911_093859.455,0.0,0.0,0.0,0.0,0.137,0.0,-13.7,True
SF12,10_20260906_195502.355,0.0265,0.2953,0.973,0.0235,0.2987,0.3,-0.34,False
SF12,11_20260902_083748.804,0.1354,0.5816,0.9972,0.1347,0.5809,0.07,0.07,False
SF12,15_20260903_002228.142,0.0267,0.2867,0.8567,0.0332,0.2303,-0.65,5.64,True
SF12,15_20260910_210518.445,0.0054,0.1034,0.6214,0.0131,0.1888,-0.77,-8.54,True
SF12,17_20260911_192428.023,0.0,0.0044,0.0538,0.0005,0.1363,-0.05,-13.19,True
SF12,1_20260901_131223.398,0.1802,0.6106,0.8695,0.1813,0.5621,-0.11,4.85,True
SF12,1_20260905_094345.171,0.0,1.0,0.0,0.0,0.3729,0.0,62.71,True
SF12,1_20260907_090326.668,0.0,0.2419,0.4163,0.0,0.5484,0.0,-30.65,True
SF12,2_20260831_191613.417,0.0,0.2549,0.7617,0.0,0.1738,0.0,8.11,True
SF12,2_20260901_171924.960,0.1696,0.4807,0.9865,0.1677,0.489,0.19,-0.83,False
SF12,2_20260905_094454.579,0.1561,0.6341,0.8374,0.1546,0.6865,0.15,-5.24,True
SF12,2_20260907_090439.409,0.1473,0.6458,0.988,0.1453,0.6422,0.2,0.36,False
SF12,2_20260907_180003.285,0.0125,0.1917,0.8961,0.0,0.219,1.25,-2.73,True
SF12,2_20260909_091353.804,0.1108,0.6534,0.9877,0.1139,0.6562,-0.31,-0.28,False
SF12,2_20260909_184027.605,0.0,0.0,0.0,0.0,0.3479,0.0,-34.79,True
SF12,2_20260911_094554.396,0.0,0.0,0.0,0.0,0.0,0.0,0.0,True
SF12,3_20260901_003050.862,0.038,0.4506,0.9371,0.0377,0.4184,0.03,3.22,False
SF12,3_20260903_080924.473,0.1966,0.6113,0.871,0.1808,0.5929,1.58,1.84,True
SF12,3_20260903_180935.835,0.0195,0.2412,0.9622,0.0135,0.2506,0.6,-0.94,False
SF12,3_20260905_190131.729,0.0,0.7833,0.1688,0.0,0.25,0.0,53.33,True
SF12,4_20260901_054714.722,0.0,0.3611,0.7875,0.0,0.2685,0.0,9.26,True
SF12,4_20260901_194535.925,0.0,0.7846,0.5324,0.0,0.5692,0.0,21.54,True
SF12,4_20260905_190240.835,0.0158,0.229,0.9678,0.0163,0.2174,-0.05,1.16,False
SF12,4_20260909_184750.985,0.0111,0.1641,0.96,0.0106,0.1558,0.05,0.83,False
SF12,5_20260904_082836.973,0.1295,0.6057,0.8982,0.1204,0.6044,0.91,0.13,True
SF12,5_20260908_072624.615,0.1337,0.6589,0.9498,0.1437,0.6722,-1.0,-1.33,False
SF12,6_20260901_195621.144,0.0057,0.1912,0.9645,0.0067,0.1803,-0.1,1.09,False
SF12,7_20260901_232651.122,0.0443,0.3899,0.8195,0.0469,0.2988,-0.26,9.11,True
SF12,7_20260906_080951.055,0.1407,0.6571,0.7941,0.1276,0.7387,1.31,-8.16,True
SF12,8_20260902_063032.282,0.1276,0.6243,0.7945,0.1052,0.5393,2.24,8.5,True
SF12,8_20260904_203130.725,0.0346,0.2862,0.9655,0.0352,0.2753,-0.06,1.09,False
SF12,8_20260908_194824.915,0.0258,0.2135,0.9438,0.0272,0.1954,-0.14,1.81,False
SF12,8_20260910_083507.425,0.1309,0.6751,0.9158,0.1655,0.6632,-3.46,1.19,True
