model,outcome,term,coef_per_SD,se,p,se_kind
M1,REM vs stay,l_rem_pre,-0.0007193376725412845,0.020839721659048693,0.9724643889536118,cluster(date)
M1,REM vs stay,l_n_prior,0.13056203869806726,0.027331772416859506,1.7798926853034145e-06,cluster(date)
M1,REM vs stay,l_w_cum,-0.47834696905929136,0.02884801598282691,9.463563113310268e-62,cluster(date)
M1,Wake vs stay,l_rem_pre,0.026408903642458435,0.011755034864127899,0.024665371911427206,cluster(date)
M1,Wake vs stay,l_n_prior,-0.1399537868430516,0.023506608679685164,2.6197739263798555e-09,cluster(date)
M1,Wake vs stay,l_w_cum,0.2061532972131529,0.02741183664483573,5.452788674164463e-14,cluster(date)
M2,REM vs stay,l_rem_pre,-0.07791790811199675,0.055094916344888625,0.15728892391773128,cluster(date)
M2,REM vs stay,l_n_prior,0.2214621672354331,0.05134495302853437,1.608926100466968e-05,cluster(date)
M2,REM vs stay,l_w_cum,-0.4787756673219514,0.028524493001715293,3.1570754996533354e-63,cluster(date)
M2,REM vs stay,l_rem_pre x sin,-0.017695287870786752,0.03307099145533824,0.5926016111418019,cluster(date)
M2,REM vs stay,l_rem_pre x cos,-0.10779105843510325,0.0680138928505199,0.11300295730831197,cluster(date)
M2,REM vs stay,l_n_prior x sin,0.06941707908672462,0.036777435984939245,0.05909431696651403,cluster(date)
M2,REM vs stay,l_n_prior x cos,0.1140403270569484,0.05568521742144057,0.040565275416173836,cluster(date)
M2,Wake vs stay,l_rem_pre,-0.0077911417979934835,0.044699538664158836,0.8616294846021222,cluster(date)
M2,Wake vs stay,l_n_prior,-0.13109709497569183,0.05843890055189468,0.02487625207886303,cluster(date)
M2,Wake vs stay,l_w_cum,0.20190503260070736,0.028787591840832634,2.3224098440246358e-12,cluster(date)
M2,Wake vs stay,l_rem_pre x sin,-0.07409615677994308,0.028225476490624495,0.008661037710367813,cluster(date)
M2,Wake vs stay,l_rem_pre x cos,-0.02364722356019209,0.06343881872121815,0.7093297805126457,cluster(date)
M2,Wake vs stay,l_n_prior x sin,0.010889104235103551,0.026216361859749245,0.6778818412928531,cluster(date)
M2,Wake vs stay,l_n_prior x cos,0.010453257876008907,0.06079093871068249,0.8634735273730373,cluster(date)
