animal,time,session,hours_since_move1,hours_since_move2,log_gamma_median,log_gamma_shank1_median,log_gamma_shank2_median,log_gamma_shank3_median,log_gamma_shank4_median,log_gamma_r_vs_ref1,log_gamma_shift_vs_ref1,log_gamma_shank_r_vs_ref1,log_gamma_r_vs_ref2,log_gamma_shift_vs_ref2,log_gamma_shank_r_vs_ref2,log_ripple_median,log_ripple_shank1_median,log_ripple_shank2_median,log_ripple_shank3_median,log_ripple_shank4_median,log_ripple_r_vs_ref1,log_ripple_shift_vs_ref1,log_ripple_shank_r_vs_ref1,log_ripple_r_vs_ref2,log_ripple_shift_vs_ref2,log_ripple_shank_r_vs_ref2,log_theta_median,log_theta_shank1_median,log_theta_shank2_median,log_theta_shank3_median,log_theta_shank4_median,log_theta_r_vs_ref1,log_theta_shift_vs_ref1,log_theta_shank_r_vs_ref1,log_theta_r_vs_ref2,log_theta_shift_vs_ref2,log_theta_shank_r_vs_ref2,mua_rate_hz_median,mua_rate_hz_shank1_median,mua_rate_hz_shank2_median,mua_rate_hz_shank3_median,mua_rate_hz_shank4_median,mua_rate_hz_r_vs_ref1,mua_rate_hz_shift_vs_ref1,mua_rate_hz_shank_r_vs_ref1,mua_rate_hz_r_vs_ref2,mua_rate_hz_shift_vs_ref2,mua_rate_hz_shank_r_vs_ref2,spike_band_mad_adc_median,spike_band_mad_adc_shank1_median,spike_band_mad_adc_shank2_median,spike_band_mad_adc_shank3_median,spike_band_mad_adc_shank4_median,spike_band_mad_adc_r_vs_ref1,spike_band_mad_adc_shift_vs_ref1,spike_band_mad_adc_shank_r_vs_ref1,spike_band_mad_adc_r_vs_ref2,spike_band_mad_adc_shift_vs_ref2,spike_band_mad_adc_shank_r_vs_ref2
SF07,2026-09-04 08:30,8_20260904_080936.435,-5.51,-29.02,2.856,2.995,2.906,2.834,2.834,0.994,+0 +0 +0 +0,+0.99 +0.99 +0.96 +0.68,0.985,+0 +0 +0 +0,+0.99 +0.94 +0.82 +0.43,2.526,2.543,2.534,2.52,2.517,0.873,+0 +0 +0 +0,+0.69 +0.82 +0.79 +0.72,0.857,+0 +0 +0 +2,+0.76 +0.80 +0.71 +0.69,4.481,4.51,4.498,4.454,4.487,0.464,+0 -1 +3 -2,+0.87 +0.42 -0.43 -0.33,0.279,+0 -1 +3 -2,+0.79 +0.24 -0.71 -0.89,0.004,-0.007,-0.007,-0.03,0.026,0.304,-2 +2 +0 +0,+0.21 +0.22 +0.63 +0.37,0.275,+0 +1 -3 -1,+0.25 +0.20 -0.01 +0.10,120.66,125.457,122.369,119.955,118.664,0.335,+0 +2 +0 +0,+0.27 -0.23 +0.60 +0.17,0.169,-1 +1 -3 -1,+0.29 -0.12 +0.15 -0.08
SF07,2026-09-04 09:30,8_20260904_080936.435,-4.51,-28.02,2.616,2.745,2.666,2.587,2.615,0.984,+0 +0 +0 +0,+1.00 +0.98 +0.92 +0.74,0.974,+0 +0 +0 +0,+0.99 +0.94 +0.78 +0.63,1.195,1.381,1.281,1.146,1.106,0.963,+0 +0 +0 -3,+0.99 +0.90 +0.82 +0.85,0.932,+0 +0 +0 +0,+0.98 +0.84 +0.52 +0.96,4.672,4.687,4.676,4.659,4.648,0.849,+0 +0 +0 +3,+0.86 +0.82 +0.89 +0.72,0.92,+0 +0 +0 +0,+0.84 +0.88 +0.98 +0.97,1.187,1.343,1.174,1.117,1.204,0.771,+0 +0 +0 -3,+0.85 +0.63 +0.53 -0.09,0.562,+0 -1 -3 +0,+0.62 +0.32 -0.28 +0.23,46.877,49.676,48.246,47.46,44.506,0.559,+0 +2 +0 -3,+0.84 +0.33 +0.68 +0.16,0.098,-3 -1 +0 +0,+0.23 -0.30 +0.43 +0.30
SF07,2026-09-04 10:30,8_20260904_080936.435,-3.52,-27.02,2.598,2.731,2.642,2.575,2.597,0.985,+0 +0 +0 +0,+1.00 +0.99 +0.92 +0.64,0.977,+0 +0 +0 +0,+1.00 +0.95 +0.85 +0.53,1.1,1.313,1.187,1.058,0.99,0.959,+0 +0 +0 -3,+0.99 +0.91 +0.79 +0.82,0.938,+0 +0 +0 +0,+0.97 +0.85 +0.61 +0.95,4.718,4.743,4.719,4.703,4.685,0.785,+0 +0 +0 +3,+0.75 +0.53 +0.84 +0.66,0.884,+0 +0 +0 +0,+0.82 +0.66 +0.97 +0.98,0.462,1.067,0.408,0.405,0.457,0.846,+0 +0 +0 -1,+0.88 +0.76 +0.42 +0.09,0.654,+1 -1 -3 -1,+0.67 +0.41 -0.12 +0.22,43.352,46.181,43.548,42.775,41.026,0.569,+0 +0 +0 -3,+0.85 +0.46 +0.67 +0.05,0.069,-2 -1 +2 -1,+0.29 -0.25 +0.16 +0.11
SF07,2026-09-04 11:30,8_20260904_080936.435,-2.52,-26.02,2.665,2.815,2.722,2.638,2.649,0.985,+0 +0 +0 +0,+0.95 +0.99 +0.97 +0.63,0.973,+0 +0 +0 +0,+0.94 +0.93 +0.86 +0.44,1.756,1.817,1.78,1.735,1.729,0.924,+0 +0 +0 +0,+0.78 +0.91 +0.91 +0.87,0.85,+2 +0 +0 +2,+0.69 +0.69 +0.69 +0.90,4.56,4.59,4.564,4.55,4.548,0.978,+0 +0 +0 +0,+0.94 +0.99 +0.96 +0.91,0.954,+0 +0 +0 -2,+0.96 +0.94 +0.98 +0.90,0.296,0.305,0.282,0.286,0.301,0.502,-3 +0 -1 +0,+0.31 +0.72 +0.27 +0.42,0.328,+1 +0 +2 +3,+0.14 +0.51 -0.21 -0.21,84.179,88.434,86.367,82.987,82.717,0.575,+0 +0 +0 +0,+0.69 +0.53 +0.68 +0.14,0.203,-2 +1 +3 +3,+0.03 +0.18 +0.11 -0.41
SF07,2026-09-04 12:30,8_20260904_080936.435,-1.51,-25.02,2.647,2.775,2.687,2.621,2.644,0.989,+0 +0 +0 +0,+1.00 +0.99 +0.98 +0.74,0.978,+0 +0 +0 +0,+0.99 +0.95 +0.82 +0.57,1.171,1.359,1.232,1.11,1.082,0.978,+0 +0 +0 +0,+0.97 +0.94 +0.97 +0.91,0.925,+0 +0 +2 +0,+0.93 +0.89 +0.47 +0.89,4.647,4.672,4.65,4.633,4.623,0.949,+0 +0 +0 +2,+0.98 +0.92 +0.93 +0.80,0.989,+0 +0 +0 +0,+0.99 +0.96 +0.99 +0.97,0.877,1.025,0.863,0.868,0.875,0.842,+0 +0 +0 +0,+0.94 +0.79 +0.59 +0.65,0.487,+1 +0 -3 -1,+0.53 +0.38 -0.10 -0.25,52.811,55.733,52.811,49.93,50.724,0.796,+0 +0 +0 +0,+0.94 +0.76 +0.89 +0.51,0.158,-2 +0 +2 +3,+0.02 +0.21 +0.10 -0.29
SF07,2026-09-04 13:30,8_20260904_080936.435,-0.52,-24.02,2.655,2.802,2.707,2.632,2.643,1.0,+0 +0 +0 +0,+1.00 +1.00 +1.00 +1.00,0.988,+0 +0 +0 +0,+0.99 +0.94 +0.85 +0.62,1.435,1.523,1.461,1.408,1.399,1.0,+0 +0 +0 +0,+1.00 +1.00 +1.00 +1.00,0.933,+0 +0 +2 +3,+0.97 +0.85 +0.57 +0.81,4.554,4.581,4.559,4.542,4.538,1.0,+0 +0 +0 +0,+1.00 +1.00 +1.00 +1.00,0.954,+0 +0 +0 -2,+0.99 +0.96 +0.93 +0.68,0.355,1.073,0.332,0.355,0.296,1.0,+0 +0 +0 +0,+1.00 +1.00 +1.00 +1.00,0.704,+1 +0 -3 -1,+0.60 +0.55 +0.02 +0.15,44.206,45.644,44.791,41.779,42.943,1.0,+0 +0 +0 +0,+1.00 +1.00 +1.00 +1.00,0.279,-2 +0 +2 +3,+0.11 +0.41 +0.25 -0.26
SF07,2026-09-04 14:30,11_20260904_140054.476,0.48,-23.02,2.617,2.748,2.648,2.578,2.608,0.99,+0 +0 +0 +0,+1.00 +0.99 +0.99 +0.84,0.978,+0 +0 +0 +0,+0.99 +0.96 +0.89 +0.59,1.257,1.417,1.313,1.165,1.19,0.977,+0 +0 +0 +0,+0.99 +0.93 +0.95 +0.95,0.933,+0 +0 +0 +3,+0.97 +0.92 +0.67 +0.73,4.643,4.666,4.644,4.629,4.62,0.938,+0 +0 +0 +2,+0.98 +0.85 +0.88 +0.80,0.982,+0 +0 +0 +0,+0.99 +0.90 +0.98 +0.96,1.044,1.18,0.976,1.042,1.03,0.703,+0 +0 +3 +0,+0.76 +0.66 +0.53 +0.64,0.512,+2 +0 -3 -1,+0.51 +0.48 -0.10 +0.27,48.604,51.875,51.062,46.608,48.095,0.7,+0 +0 +0 +0,+0.76 +0.44 +0.89 +0.77,0.35,-1 +0 +3 -2,+0.32 +0.53 +0.28 -0.11
SF07,2026-09-04 15:30,11_20260904_140054.476,1.49,-22.02,2.639,2.791,2.676,2.609,2.614,0.994,+0 +0 +0 +0,+1.00 +0.99 +0.99 +0.68,0.983,+0 +0 +0 +0,+0.99 +0.94 +0.86 +0.74,1.151,1.256,1.176,1.079,1.115,0.935,+0 +0 +0 +0,+0.95 +0.92 +0.88 +0.67,0.866,+0 +0 +2 +2,+0.90 +0.81 +0.37 +0.66,4.758,4.804,4.761,4.729,4.73,0.935,+0 +0 +0 -2,+0.97 +0.92 +0.44 +0.01,0.802,+0 +0 +0 -2,+0.94 +0.82 +0.14 -0.69,0.67,0.985,0.618,0.689,0.665,0.759,+0 +0 +3 -1,+0.80 +0.54 +0.17 +0.04,0.538,+1 +0 -3 -1,+0.31 +0.46 -0.11 +0.28,46.438,50.583,48.022,43.942,44.306,0.567,+0 +1 +0 -1,+0.63 +0.31 +0.79 +0.17,0.327,-1 +0 -3 +0,+0.12 +0.36 +0.15 +0.35
SF07,2026-09-04 16:30,11_20260904_140054.476,2.48,-21.02,2.638,2.781,2.679,2.604,2.627,0.988,+0 +0 +0 +0,+0.99 +0.97 +0.89 +0.58,0.976,+0 +0 +0 +0,+0.98 +0.93 +0.80 +0.73,1.411,1.518,1.44,1.372,1.362,0.939,+0 +0 +0 -1,+0.94 +0.88 +0.59 +0.75,0.901,+0 +0 +0 +0,+0.88 +0.83 +0.50 +0.79,4.613,4.636,4.614,4.599,4.588,0.884,+0 +0 +0 +3,+0.91 +0.68 +0.86 +0.76,0.95,+0 +0 +0 +0,+0.96 +0.77 +0.94 +0.96,1.121,1.124,1.083,1.122,1.154,0.391,+0 +0 -3 -1,+0.54 +0.47 +0.40 +0.04,0.231,-1 +0 -3 -1,+0.31 +0.44 -0.12 -0.15,68.601,71.872,70.587,65.452,65.991,0.581,+0 +0 +0 -3,+0.82 +0.50 +0.77 +0.08,0.406,-1 +0 +0 +0,+0.15 +0.38 +0.41 +0.35
SF07,2026-09-04 17:30,11_20260904_140054.476,3.48,-20.02,2.64,2.774,2.68,2.607,2.639,0.983,+0 +0 +0 -1,+0.99 +0.95 +0.91 +0.14,0.971,+0 +0 +0 +2,+0.99 +0.94 +0.72 +0.40,1.087,1.266,1.191,0.958,0.976,0.925,+0 +0 +0 -1,+0.99 +0.77 +0.84 +0.68,0.883,+0 +0 +2 +2,+0.96 +0.81 +0.34 +0.65,4.667,4.692,4.665,4.656,4.639,0.761,+0 +0 +0 +3,+0.78 +0.46 +0.80 +0.62,0.872,+0 +0 +0 +0,+0.86 +0.60 +0.94 +0.97,-1.109,0.549,-1.464,-1.358,-1.162,0.775,+0 +0 +0 -1,+0.89 +0.66 +0.64 +0.24,0.622,+1 -1 -3 +0,+0.52 +0.40 +0.06 +0.51,42.569,44.887,45.422,41.099,40.812,0.574,+0 +0 +0 -1,+0.77 +0.47 +0.83 +0.21,0.374,-1 +0 +3 +0,+0.13 +0.46 +0.38 +0.14
SF07,2026-09-04 18:30,11_20260904_140054.476,4.49,-19.02,2.66,2.788,2.698,2.629,2.648,0.986,+0 +0 +0 +0,+1.00 +0.94 +0.89 +0.10,0.975,+0 +0 +0 +2,+0.99 +0.91 +0.78 +0.39,1.126,1.257,1.187,1.019,1.017,0.924,+0 +0 +0 -1,+0.99 +0.71 +0.84 +0.72,0.899,+0 +0 +0 +2,+0.96 +0.70 +0.74 +0.73,4.68,4.715,4.688,4.668,4.661,0.984,+0 +0 +0 +0,+0.99 +0.92 +0.96 +0.93,0.953,+0 +0 +0 -2,+0.98 +0.95 +0.96 +0.84,-1.023,0.318,-1.569,-1.066,-1.162,0.698,+0 +0 +0 -1,+0.87 +0.63 +0.36 +0.35,0.555,+1 -1 -3 +2,+0.54 +0.42 +0.23 +0.36,43.82,48.998,46.705,40.834,42.997,0.497,+0 +0 +0 -1,+0.51 +0.45 +0.49 +0.02,0.446,-1 +0 +0 -1,+0.23 +0.48 +0.41 +0.15
SF07,2026-09-04 20:30,14_20260904_201825.406,6.49,-17.02,2.796,2.943,2.837,2.769,2.779,0.977,+0 +0 +0 +0,+0.99 +0.91 +0.93 +0.49,0.969,+0 +0 +0 +0,+0.99 +0.94 +0.78 +0.60,2.278,2.31,2.285,2.266,2.264,0.956,+0 +0 +0 +0,+0.98 +0.79 +0.84 +0.90,0.946,+0 +0 +0 +0,+0.96 +0.96 +0.79 +0.89,4.67,4.695,4.679,4.659,4.672,0.749,+0 +0 +0 -2,+0.99 +0.65 +0.14 +0.02,0.624,+0 +0 +1 -2,+0.97 +0.50 -0.20 -0.69,-1.023,0.137,-1.162,-1.216,-1.155,0.73,+0 +0 +0 -3,+0.72 +0.56 +0.56 +0.18,0.613,+2 -1 -3 +0,+0.52 +0.53 -0.23 +0.64,46.367,50.546,45.976,44.675,45.45,0.538,+0 +0 +0 +0,+0.60 +0.38 +0.64 +0.35,0.577,+0 +0 +0 -1,+0.32 +0.74 +0.44 +0.32
SF07,2026-09-04 21:30,14_20260904_201825.406,7.49,-16.02,2.95,3.069,2.981,2.925,2.924,0.971,+0 +0 +0 +0,+0.99 +0.90 +0.95 +0.78,0.965,+0 +0 +0 +0,+0.99 +0.91 +0.88 +0.74,2.658,2.677,2.662,2.65,2.647,0.953,+0 +0 +0 +0,+0.98 +0.88 +0.78 +0.88,0.939,+0 +0 +0 +0,+0.98 +0.96 +0.85 +0.92,4.691,4.713,4.715,4.661,4.708,0.438,+0 -1 +3 -2,+0.94 +0.40 -0.39 -0.27,0.262,+0 -1 +3 -2,+0.89 +0.23 -0.67 -0.87,1.083,1.059,1.088,1.103,1.091,-0.089,-3 +0 +3 +0,-0.09 +0.32 +0.07 +0.50,-0.116,+1 +1 +3 -1,-0.29 +0.43 +0.08 +0.22,111.383,116.936,111.981,109.23,110.439,0.444,+2 +0 +0 +0,+0.01 +0.38 +0.33 +0.59,0.544,-1 +0 +0 +0,+0.29 +0.78 +0.61 +0.13
SF07,2026-09-04 22:30,14_20260904_201825.406,8.48,-15.02,2.907,3.03,2.932,2.871,2.87,0.972,+0 +0 +0 +0,+0.99 +0.91 +0.97 +0.66,0.969,+0 +0 +0 +0,+0.99 +0.95 +0.92 +0.57,2.597,2.615,2.602,2.589,2.585,0.935,+0 +0 +0 -3,+0.97 +0.69 +0.80 +0.83,0.932,+0 +0 +0 +0,+0.97 +0.89 +0.85 +0.91,4.738,4.761,4.763,4.708,4.754,0.432,+0 -1 +3 -2,+0.94 +0.39 -0.38 -0.28,0.256,+0 -1 +3 -2,+0.89 +0.22 -0.67 -0.88,0.901,0.879,0.886,0.939,0.912,-0.122,-3 +0 +3 +0,-0.32 +0.41 +0.14 +0.38,-0.131,+1 +0 +3 -1,-0.26 +0.56 +0.05 -0.01,119.836,124.374,120.167,116.446,118.082,0.337,+2 +0 +0 -3,-0.03 +0.18 +0.34 +0.06,0.503,+0 +0 +0 +1,+0.39 +0.65 +0.61 +0.22
SF07,2026-09-04 23:30,14_20260904_201825.406,9.48,-14.02,2.902,3.02,2.928,2.87,2.873,0.979,+0 +0 +0 -2,+0.99 +0.87 +0.96 +0.65,0.98,+0 +0 +0 +0,+0.99 +0.94 +0.92 +0.60,2.597,2.617,2.605,2.589,2.587,0.928,+0 +0 +0 -1,+0.97 +0.67 +0.77 +0.79,0.928,+0 +0 +0 +2,+0.97 +0.88 +0.79 +0.87,4.452,4.509,4.47,4.411,4.445,0.67,+0 -1 +3 -2,+0.93 +0.46 -0.28 -0.23,0.493,+0 -1 +3 -2,+0.88 +0.30 -0.58 -0.85,0.984,0.976,0.98,1.006,0.989,0.052,-3 +0 -3 +3,-0.11 +0.34 +0.09 +0.13,0.017,-3 +0 +3 +2,-0.29 +0.51 -0.16 +0.01,120.894,125.462,121.281,118.564,119.721,0.405,+2 +0 +0 +3,+0.16 +0.27 +0.57 -0.15,0.458,+0 -1 +0 +0,+0.50 +0.48 +0.40 +0.61
SF07,2026-09-05 00:30,14_20260904_201825.406,10.48,-13.02,2.644,2.789,2.687,2.612,2.641,0.977,+0 +0 +0 +0,+0.99 +0.84 +0.88 +0.66,0.977,+0 +0 +0 +0,+0.99 +0.91 +0.88 +0.92,1.167,1.379,1.257,1.06,1.046,0.917,+0 +0 +0 +0,+0.99 +0.61 +0.72 +0.87,0.95,+0 +0 +0 +0,+0.98 +0.82 +0.82 +0.97,4.693,4.714,4.696,4.679,4.667,0.894,+0 +0 +0 +2,+0.93 +0.70 +0.87 +0.74,0.965,+0 +0 +0 +0,+0.96 +0.82 +0.98 +0.98,0.104,0.38,-0.051,0.1,0.127,0.647,+0 +0 +3 -3,+0.67 +0.52 +0.12 +0.19,0.515,+0 +0 +2 -1,+0.35 +0.67 -0.08 +0.19,46.052,49.234,45.964,42.696,45.605,0.414,+2 +0 +0 -3,+0.38 +0.35 +0.43 +0.06,0.592,+0 +0 +0 -1,+0.54 +0.62 +0.52 +0.50
SF07,2026-09-05 01:30,14_20260904_201825.406,11.48,-12.02,2.935,3.049,2.965,2.911,2.908,0.97,+0 +0 +0 +0,+0.99 +0.86 +0.86 +0.74,0.972,+0 +0 +0 +0,+0.99 +0.93 +0.92 +0.57,2.666,2.682,2.67,2.659,2.655,0.913,+0 +0 +0 -3,+0.91 +0.77 +0.76 +0.60,0.916,+0 +0 +0 -3,+0.93 +0.89 +0.90 +0.55,4.549,4.578,4.563,4.515,4.561,0.488,+0 -1 +3 -2,+0.93 +0.43 -0.33 -0.23,0.31,+0 -1 +3 -2,+0.88 +0.26 -0.63 -0.84,1.005,0.978,1.01,1.022,1.008,-0.18,-3 +0 +3 +3,-0.20 +0.23 -0.06 +0.05,-0.118,-3 +0 +0 -1,+0.07 +0.42 +0.18 -0.31,115.908,120.432,115.907,113.861,115.063,0.314,+2 +0 -2 +3,+0.03 +0.23 +0.27 -0.11,0.531,+0 +0 +0 -1,+0.49 +0.60 +0.69 +0.28
SF07,2026-09-05 02:30,14_20260904_201825.406,12.48,-11.02,3.005,3.106,3.028,2.976,2.974,0.963,+0 +0 +0 +0,+0.97 +0.82 +0.85 +0.56,0.969,+0 +0 +0 +2,+0.98 +0.91 +0.92 +0.23,2.741,2.754,2.746,2.735,2.732,0.831,+2 +0 +0 -3,+0.63 +0.78 +0.71 +0.44,0.85,+0 +0 +0 -3,+0.66 +0.93 +0.90 +0.34,4.576,4.592,4.597,4.544,4.593,0.358,+0 -1 +3 -2,+0.93 +0.38 -0.34 -0.27,0.184,+0 -1 +3 -2,+0.87 +0.21 -0.63 -0.85,1.133,1.116,1.117,1.158,1.144,-0.052,-3 +0 +3 +3,+0.05 +0.23 +0.25 +0.15,-0.082,-3 +0 +0 +2,-0.07 +0.49 +0.29 -0.45,123.456,127.814,124.626,121.576,122.418,0.287,+2 +3 +3 +3,+0.04 +0.02 +0.35 -0.03,0.492,+1 +0 +0 -2,+0.25 +0.66 +0.65 +0.04
SF07,2026-09-05 03:30,14_20260904_201825.406,13.48,-10.02,2.908,3.008,2.93,2.881,2.881,0.962,+0 +0 +0 +0,+0.95 +0.81 +0.88 +0.61,0.973,+0 +0 +0 +1,+0.96 +0.93 +0.92 +0.31,2.613,2.629,2.622,2.609,2.604,0.737,+2 +0 +0 -3,+0.48 +0.76 +0.73 +0.26,0.754,+0 +0 +0 -3,+0.52 +0.93 +0.86 +0.10,4.441,4.472,4.467,4.408,4.45,0.478,+0 -1 +3 -3,+0.90 +0.41 -0.32 -0.31,0.302,+0 -1 +3 -1,+0.84 +0.24 -0.62 -0.86,1.131,1.14,1.11,1.125,1.133,0.185,-3 +0 +3 +3,-0.05 +0.08 +0.25 +0.37,0.206,-3 +0 +0 -1,-0.01 +0.27 +0.25 -0.35,118.813,123.215,119.822,117.873,117.393,0.342,+0 +0 +3 +0,+0.30 -0.01 +0.41 +0.16,0.525,+0 +0 +0 -2,+0.47 +0.71 +0.65 +0.00
SF07,2026-09-05 04:30,14_20260904_201825.406,14.48,-9.02,2.855,2.946,2.893,2.836,2.835,0.836,+2 +0 +0 +1,+0.64 +0.77 +0.91 +0.28,0.859,+2 +0 +0 +3,+0.67 +0.90 +0.91 -0.03,2.488,2.502,2.5,2.485,2.478,0.169,+2 +0 +0 -3,+0.20 +0.66 +0.72 -0.19,0.201,+2 +0 +0 -3,+0.25 +0.91 +0.86 -0.41,4.487,4.492,4.529,4.463,4.492,0.305,+0 -1 +3 -3,+0.65 +0.40 -0.31 -0.31,0.173,+0 -1 +3 +0,+0.60 +0.24 -0.62 -0.70,1.491,1.478,1.478,1.508,1.501,0.005,-3 +0 +3 +3,-0.07 +0.19 +0.36 +0.27,0.072,-3 +0 +0 +3,+0.25 +0.41 +0.33 -0.24,94.016,97.007,95.325,93.274,92.147,0.255,+0 -3 +3 +0,+0.19 -0.00 +0.44 +0.32,0.527,+0 +0 +0 -2,+0.54 +0.75 +0.70 -0.00
SF07,2026-09-05 05:30,14_20260904_201825.406,15.48,-8.02,2.711,2.792,2.75,2.686,2.693,0.865,+2 +0 +0 +0,+0.72 +0.84 +0.90 +0.60,0.887,+2 +0 +0 +2,+0.74 +0.93 +0.93 +0.24,2.072,2.095,2.09,2.06,2.053,0.606,+2 +0 -2 -3,+0.47 +0.55 +0.63 +0.58,0.665,+0 +0 +0 +3,+0.53 +0.86 +0.85 +0.46,4.533,4.552,4.546,4.521,4.521,0.451,+0 +0 +0 +1,+0.55 +0.74 +0.40 +0.03,0.411,+0 +0 +0 -1,+0.53 +0.62 +0.08 -0.08,0.776,0.79,0.692,0.77,0.816,0.109,-3 +0 +3 +3,-0.05 +0.38 +0.26 +0.20,0.228,-3 +0 +0 +3,+0.33 +0.53 +0.44 -0.26,93.926,96.549,95.696,93.329,91.972,0.242,+0 +3 +3 +0,+0.21 +0.03 +0.27 +0.29,0.463,+0 +0 +0 -1,+0.51 +0.70 +0.79 +0.21
SF07,2026-09-05 06:30,14_20260904_201825.406,16.48,-7.02,2.62,2.719,2.661,2.589,2.609,0.906,+0 +0 +0 +0,+0.83 +0.81 +0.92 +0.68,0.925,+0 +0 +0 +2,+0.85 +0.92 +0.86 +0.38,1.52,1.604,1.577,1.483,1.471,0.858,+0 +0 -2 -3,+0.90 +0.52 +0.69 +0.87,0.907,+0 +0 +0 +0,+0.91 +0.84 +0.72 +0.92,4.69,4.702,4.704,4.685,4.665,0.38,+2 +0 +0 +3,+0.35 +0.91 +0.92 +0.61,0.45,+2 +0 +0 -1,+0.35 +0.97 +0.99 +0.92,0.945,0.944,0.915,0.947,0.974,-0.01,-3 +0 +3 +3,-0.16 +0.10 +0.25 -0.13,0.105,-2 +0 -3 +2,+0.01 +0.49 +0.24 -0.24,80.051,80.931,81.935,79.697,78.121,0.165,+0 -3 +3 +3,+0.16 -0.01 +0.31 +0.01,0.465,+0 +0 +0 -1,+0.50 +0.69 +0.63 +0.37
SF07,2026-09-05 07:30,14_20260904_201825.406,17.48,-6.02,2.617,2.712,2.645,2.583,2.588,0.922,+0 +0 +0 +0,+0.85 +0.82 +0.93 +0.58,0.938,+0 +0 +0 +2,+0.86 +0.91 +0.92 +0.37,1.136,1.23,1.205,1.102,1.079,0.793,+0 +0 -2 +0,+0.96 +0.33 +0.77 +0.90,0.862,+0 +0 +0 +2,+0.96 +0.68 +0.81 +0.90,4.817,4.837,4.833,4.798,4.79,0.445,+2 +0 +0 -1,+0.36 +0.68 +0.19 +0.05,0.35,+2 +0 +3 -1,+0.34 +0.54 -0.16 -0.37,-1.216,-0.189,-1.569,-1.287,-1.233,0.483,-3 +0 +3 +0,+0.20 +0.67 +0.13 +0.36,0.585,+0 +0 -3 +2,+0.60 +0.69 +0.12 +0.04,41.882,42.942,42.715,41.64,40.416,0.238,+0 -3 +3 +3,+0.45 -0.03 +0.35 +0.16,0.53,+0 +0 +0 -1,+0.58 +0.66 +0.58 -0.10
SF07,2026-09-05 08:30,14_20260904_201825.406,18.48,-5.02,2.645,2.76,2.674,2.606,2.602,0.948,+0 +0 +0 +0,+0.89 +0.88 +0.96 +0.78,0.96,+0 +0 +0 +0,+0.90 +0.95 +0.92 +0.53,1.394,1.466,1.456,1.374,1.36,0.835,+0 +0 +0 +0,+0.93 +0.42 +0.78 +0.93,0.884,+0 +0 +0 +2,+0.93 +0.75 +0.72 +0.87,4.725,4.745,4.747,4.712,4.706,0.542,+0 +0 +0 -1,+0.57 +0.64 +0.08 -0.06,0.426,+0 +0 +3 -1,+0.55 +0.50 -0.27 -0.65,-1.066,0.218,-1.287,-1.287,-1.12,0.559,-3 +0 +3 -2,+0.35 +0.61 +0.14 +0.38,0.676,+0 +0 -3 +0,+0.65 +0.83 +0.08 +0.38,39.68,40.456,41.412,38.648,38.538,0.183,+2 -3 +0 +0,+0.44 -0.13 +0.23 +0.41,0.467,+0 +0 -3 +3,+0.77 +0.63 +0.28 -0.13
SF07,2026-09-05 10:30,2_20260905_093310.289,20.48,-3.02,2.652,2.8,2.683,2.62,2.632,0.981,+0 +0 +0 +0,+0.99 +0.93 +0.87 +0.65,0.99,+0 +0 +0 -1,+1.00 +0.98 +0.87 +0.51,1.189,1.424,1.291,1.111,1.095,0.927,+0 +0 +0 -3,+0.99 +0.77 +0.75 +0.79,0.96,+0 +0 +0 -1,+0.99 +0.95 +0.72 +0.88,4.658,4.688,4.663,4.645,4.634,0.961,+0 +0 +0 +2,+0.97 +0.95 +0.96 +0.80,0.976,+0 +0 +0 +0,+0.97 +0.92 +0.98 +0.97,-1.216,0.535,-1.569,-1.569,-1.287,0.78,+0 +0 +0 +0,+0.71 +0.64 +0.77 +0.47,0.787,+0 +0 +0 -1,+0.74 +0.86 +0.17 +0.38,40.782,42.352,39.855,38.909,40.916,0.246,+2 +0 +0 -3,+0.02 +0.10 +0.40 +0.24,0.674,+0 +0 +0 -1,+0.87 +0.78 +0.58 +0.22
SF07,2026-09-05 11:30,2_20260905_093310.289,21.48,-2.02,2.651,2.815,2.683,2.612,2.614,0.988,+0 +0 +0 +0,+0.99 +0.93 +0.93 +0.74,0.995,+0 +0 +0 +0,+1.00 +0.99 +0.92 +0.76,1.538,1.627,1.578,1.513,1.5,0.936,+0 +0 +0 -3,+0.98 +0.74 +0.79 +0.85,0.969,+0 +0 +0 +0,+0.98 +0.96 +0.81 +0.95,4.52,4.55,4.525,4.506,4.498,0.963,+0 +0 +0 +2,+0.96 +0.93 +0.92 +0.80,0.989,+0 +0 +0 +0,+0.99 +0.96 +0.98 +0.97,0.663,0.661,0.704,0.711,0.621,0.198,+2 +3 +0 -3,+0.26 -0.16 +0.50 -0.25,0.281,+0 +0 -3 -1,+0.63 +0.25 -0.25 -0.09,74.419,77.122,73.055,70.777,74.185,0.201,+2 +0 +3 -3,-0.10 +0.10 +0.34 -0.12,0.691,+0 +0 +0 +0,+0.62 +0.82 +0.54 +0.61
SF07,2026-09-05 12:30,2_20260905_093310.289,22.48,-1.02,2.61,2.776,2.655,2.573,2.587,0.988,+0 +0 +0 +0,+0.99 +0.94 +0.85 +0.62,1.0,+0 +0 +0 +0,+1.00 +1.00 +1.00 +1.00,1.257,1.42,1.317,1.177,1.152,0.933,+0 +0 -2 -3,+0.97 +0.85 +0.57 +0.81,1.0,+0 +0 +0 +0,+1.00 +1.00 +1.00 +1.00,4.624,4.656,4.628,4.608,4.598,0.954,+0 +0 +0 +2,+0.99 +0.96 +0.93 +0.68,1.0,+0 +0 +0 +0,+1.00 +1.00 +1.00 +1.00,-1.216,0.263,-1.464,-1.569,-1.464,0.704,-1 +0 +3 +1,+0.60 +0.55 +0.02 +0.15,1.0,+0 +0 +0 +0,+1.00 +1.00 +1.00 +1.00,42.991,43.34,41.431,37.971,43.362,0.279,+2 +0 -2 -3,+0.11 +0.41 +0.25 -0.26,1.0,+0 +0 +0 +0,+1.00 +1.00 +1.00 +1.00
SF07,2026-09-05 14:30,6_20260905_133118.469,24.48,0.98,2.67,2.84,2.705,2.615,2.62,0.984,+0 +0 +0 -2,+0.99 +0.92 +0.90 +0.57,0.993,+0 +0 +0 -2,+1.00 +0.98 +0.94 +0.64,1.491,1.611,1.529,1.441,1.413,0.93,+0 +0 +0 +0,+0.97 +0.68 +0.76 +0.86,0.964,+0 +0 +0 +0,+0.97 +0.93 +0.88 +0.91,4.595,4.624,4.601,4.58,4.577,0.982,+0 +0 +0 +2,+0.98 +0.95 +0.97 +0.88,0.978,+0 +0 +0 +0,+1.00 +0.95 +0.92 +0.94,1.152,1.163,1.093,1.179,1.139,0.237,-2 +3 -2 +3,+0.37 +0.00 -0.08 +0.26,0.361,+0 +0 -2 +2,+0.68 +0.34 +0.16 -0.22,60.118,62.106,59.902,56.972,59.636,0.173,+2 -3 -2 +3,-0.16 +0.06 +0.15 -0.00,0.721,+0 +0 +0 -3,+0.66 +0.85 +0.77 +0.10
SF07,2026-09-05 15:30,6_20260905_133118.469,25.48,1.98,2.673,2.844,2.696,2.614,2.615,0.982,+0 +0 +0 -2,+0.99 +0.92 +0.87 +0.60,0.991,+0 +0 +0 -2,+0.99 +0.98 +0.92 +0.53,1.126,1.341,1.189,1.018,0.983,0.908,+0 +0 +0 +0,+0.95 +0.62 +0.76 +0.87,0.952,+0 +0 +0 +0,+0.96 +0.89 +0.88 +0.88,4.654,4.693,4.661,4.64,4.627,0.978,+0 +0 +0 +0,+0.99 +0.96 +0.97 +0.91,0.943,+0 +0 +0 -3,+0.98 +0.98 +0.86 +0.88,-1.023,-0.164,-1.19,-1.023,-1.023,0.539,-3 +1 -2 +0,+0.33 +0.04 -0.14 +0.43,0.624,+2 +0 +0 +2,+0.39 +0.42 +0.53 +0.07,44.913,48.931,44.411,41.981,44.411,0.128,+2 -3 -2 +3,-0.27 -0.06 +0.14 +0.14,0.662,+0 +0 +0 -3,+0.71 +0.71 +0.71 +0.09
SF07,2026-09-05 16:30,6_20260905_133118.469,26.48,2.98,2.685,2.843,2.706,2.634,2.635,0.985,+0 +0 +0 +0,+0.99 +0.91 +0.89 +0.74,0.992,+0 +0 +0 +0,+1.00 +0.98 +0.91 +0.78,1.212,1.39,1.263,1.119,1.113,0.912,+0 +0 +0 +0,+0.97 +0.67 +0.82 +0.93,0.948,+0 +0 +0 +0,+0.96 +0.92 +0.80 +0.87,4.714,4.755,4.729,4.689,4.689,0.844,+0 +0 +0 -3,+0.97 +0.65 +0.13 +0.15,0.696,+0 +0 +1 -3,+0.94 +0.52 -0.21 -0.57,-1.358,-0.343,-1.569,-1.569,-1.358,0.607,+2 -2 +2 -2,+0.51 +0.03 -0.26 +0.24,0.701,+2 +0 +0 -1,+0.49 +0.47 +0.73 +0.22,46.447,52.08,45.709,42.567,46.353,0.054,+2 -3 -2 +3,-0.44 -0.05 +0.09 +0.13,0.507,+0 +0 +0 -3,+0.48 +0.75 +0.33 +0.03
SF07,2026-09-05 17:30,6_20260905_133118.469,27.48,3.98,2.711,2.878,2.743,2.659,2.663,0.984,+0 +0 +0 +0,+0.99 +0.91 +0.90 +0.75,0.991,+0 +0 +0 +0,+0.99 +0.98 +0.90 +0.70,1.294,1.461,1.369,1.228,1.201,0.921,+0 +0 +0 +0,+0.96 +0.63 +0.75 +0.91,0.945,+0 +0 +0 +0,+0.96 +0.87 +0.77 +0.89,4.586,4.624,4.592,4.573,4.561,0.977,+0 +0 +0 +2,+0.97 +0.93 +0.97 +0.87,0.976,+0 +0 +0 +0,+0.99 +0.96 +0.92 +0.93,0.921,0.94,0.856,0.971,0.912,0.132,+2 +1 -2 +0,+0.15 -0.19 -0.25 +0.30,0.285,+0 +0 +2 -1,+0.48 +0.20 +0.03 -0.18,52.868,55.613,52.272,49.599,52.808,0.121,+2 -3 -2 +0,-0.23 -0.02 -0.07 +0.27,0.576,+0 +0 -2 +0,+0.53 +0.75 +0.22 +0.17
SF07,2026-09-06 12:44,1_20260906_123931.995,46.73,23.22,2.747,2.929,2.798,2.697,2.677,0.96,+0 +0 +0 +0,+0.99 +0.88 +0.70 +0.77,0.968,+0 +0 +0 +0,+0.99 +0.92 +0.76 +0.66,2.232,2.267,2.243,2.218,2.211,0.943,+0 +0 +0 +0,+0.95 +0.75 +0.83 +0.88,0.932,+0 +0 +0 +2,+0.94 +0.87 +0.79 +0.84,4.429,4.475,4.459,4.401,4.407,0.556,+0 -1 +2 -2,+0.87 +0.36 -0.20 -0.08,0.351,+0 -1 +3 -2,+0.79 +0.19 -0.52 -0.76,0.962,0.917,0.962,0.982,0.97,-0.346,-1 +3 -2 +0,+0.05 -0.60 -0.46 +0.51,-0.445,-1 +3 +2 +3,-0.37 -0.38 -0.12 +0.10,96.913,100.387,96.199,95.224,94.59,-0.035,+3 +3 -2 +0,-0.62 -0.29 -0.15 +0.26,0.229,+1 +0 -2 +1,+0.07 +0.34 +0.11 -0.13
SF11,2026-09-04 08:30,7_20260904_082050.456,-5.45,-30.69,3.131,3.138,3.037,3.503,3.064,-0.428,+3 -3 -3 +2,-0.15 +0.15 -0.52 -0.44,-0.278,+3 -3 +2 +2,-0.13 +0.12 -0.09 -0.18,2.271,2.293,2.11,2.766,2.281,0.182,-2 -3 +2 +0,-0.01 +0.01 +0.01 +0.60,0.306,-2 -3 +2 +0,+0.15 +0.00 +0.20 +0.70,4.553,4.489,4.531,4.6,4.566,-0.142,+0 +0 -1 +2,+0.57 +0.66 -0.28 -0.07,-0.068,+3 +0 +2 +1,+0.51 +0.56 -0.00 -0.22,0.127,0.179,0.138,0.046,0.087,0.121,+0 +1 +0 +0,+0.35 -0.30 +0.66 +0.47,-0.129,-3 +1 -1 +0,+0.17 -0.51 +0.01 +0.43,76.463,73.008,76.871,75.933,81.079,0.668,+0 +0 +0 +0,+0.80 +0.49 +0.79 +0.88,0.606,+2 +0 +0 +0,+0.25 +0.69 +0.67 +0.47
SF11,2026-09-04 09:30,7_20260904_082050.456,-4.45,-29.69,2.734,2.699,2.749,2.686,2.75,0.971,+0 +0 +0 +0,+0.99 +0.98 +0.97 +0.96,0.796,+0 +0 +0 +0,+0.94 +0.99 +0.66 +0.90,1.212,1.17,1.219,1.23,1.307,0.955,+0 +0 +0 +0,+0.94 +0.87 +0.97 +0.96,0.928,+0 +0 +0 +0,+0.88 +0.96 +0.94 +0.93,4.791,4.755,4.825,4.745,4.813,0.98,+0 +0 +0 +0,+0.99 +0.96 +0.98 +0.98,0.779,+0 +0 +0 +0,+0.90 +0.88 +0.72 +0.74,-0.837,-1.569,-1.358,-1.19,0.51,0.207,+2 +1 -3 +0,+0.15 -0.15 +0.26 +0.36,0.093,-3 -3 +0 +0,-0.04 -0.40 +0.31 +0.47,44.341,42.182,44.431,48.261,48.722,0.926,+0 +0 +0 +0,+0.63 +0.89 +0.91 +0.94,0.705,-3 +0 +0 +0,+0.25 +0.95 +0.48 +0.80
SF11,2026-09-04 10:30,7_20260904_082050.456,-3.45,-28.69,2.668,2.631,2.693,2.62,2.674,0.988,+0 +0 +0 +0,+0.99 +0.98 +1.00 +0.98,0.828,+0 +0 +0 +0,+0.96 +0.99 +0.68 +0.92,1.135,1.087,1.133,1.133,1.264,0.977,+0 +0 +0 +0,+0.96 +0.94 +0.99 +0.97,0.904,+0 +0 +0 +0,+0.88 +0.87 +0.91 +0.96,4.807,4.775,4.814,4.772,4.834,0.962,+0 +0 +0 +0,+0.95 +0.87 +0.98 +0.68,0.81,+0 +0 +0 +0,+0.82 +0.94 +0.78 +0.63,-0.988,-1.464,-1.287,-1.162,0.529,0.247,-1 -3 -3 +0,+0.09 -0.00 +0.18 +0.52,0.173,-3 -3 +0 -2,-0.12 -0.23 +0.45 +0.49,44.24,41.349,44.085,48.239,47.966,0.919,+0 +0 +0 +0,+0.74 +0.93 +0.92 +0.90,0.721,-3 +0 +0 +0,+0.35 +0.89 +0.52 +0.80
SF11,2026-09-04 11:30,7_20260904_082050.456,-2.45,-27.69,2.77,2.719,2.783,2.728,2.789,0.973,+0 +0 +0 +0,+0.99 +0.99 +0.99 +0.96,0.812,+0 +0 +0 +0,+0.92 +0.99 +0.72 +0.88,1.173,1.132,1.169,1.205,1.262,0.944,+0 +0 +0 +0,+0.90 +0.84 +0.99 +0.95,0.928,+0 +0 +0 +0,+0.87 +0.94 +0.96 +0.92,4.669,4.663,4.717,4.583,4.71,0.904,+0 +0 +0 +0,+0.97 +0.93 +0.93 +0.97,0.702,+0 +0 +0 +0,+0.93 +0.83 +0.61 +0.81,-0.988,-1.464,-1.023,-1.216,0.244,0.248,+2 -3 +0 +0,+0.18 -0.34 +0.30 +0.48,0.094,-3 -3 +0 +0,-0.19 -0.66 +0.49 +0.42,47.556,43.985,47.35,52.123,55.15,0.954,+0 +0 +0 +0,+0.89 +0.94 +0.98 +0.88,0.727,+1 +0 +0 +0,+0.27 +0.91 +0.75 +0.67
SF11,2026-09-04 12:30,7_20260904_082050.456,-1.45,-26.69,2.688,2.639,2.696,2.67,2.696,0.992,+0 +0 +0 +0,+1.00 +1.00 +0.99 +0.98,0.835,+0 +0 +0 +0,+0.96 +0.99 +0.74 +0.91,1.506,1.472,1.49,1.506,1.56,0.976,+0 +0 +0 +0,+0.96 +0.95 +0.99 +0.98,0.842,+0 +0 +0 +0,+0.71 +0.81 +0.92 +0.90,4.442,4.422,4.479,4.4,4.471,0.962,+0 +0 +0 +0,+0.98 +0.97 +0.98 +0.98,0.785,+0 +0 +0 +0,+0.94 +0.88 +0.74 +0.73,-0.767,-1.569,-0.837,-1.216,-0.046,0.249,+2 -3 +0 +3,+0.30 -0.19 +0.49 +0.11,0.182,-3 -3 +0 +1,-0.14 -0.55 +0.62 +0.41,46.054,43.694,45.856,50.455,50.462,0.968,+0 +0 +0 +0,+0.88 +0.97 +0.99 +0.93,0.728,-2 +0 +0 +0,+0.14 +0.87 +0.69 +0.81
SF11,2026-09-04 13:30,7_20260904_082050.456,-0.45,-25.69,2.706,2.662,2.726,2.663,2.715,1.0,+0 +0 +0 +0,+1.00 +1.00 +1.00 +1.00,0.829,+0 +0 +0 +0,+0.97 +0.99 +0.69 +0.91,1.229,1.18,1.216,1.225,1.343,1.0,+0 +0 +0 +0,+1.00 +1.00 +1.00 +1.00,0.884,+0 +0 +0 +0,+0.84 +0.87 +0.93 +0.92,4.63,4.599,4.666,4.58,4.657,1.0,+0 +0 +0 +0,+1.00 +1.00 +1.00 +1.00,0.824,+0 +0 +0 +0,+0.92 +0.96 +0.75 +0.81,1.132,1.152,1.137,1.087,1.098,1.0,+0 +0 +0 +0,+1.00 +1.00 +1.00 +1.00,0.576,-2 +0 +0 -2,+0.01 +0.79 +0.59 +0.38,50.164,47.57,49.905,54.916,55.318,1.0,+0 +0 +0 +0,+1.00 +1.00 +1.00 +1.00,0.719,-2 +0 +0 +0,+0.35 +0.82 +0.74 +0.72
SF11,2026-09-04 14:30,9_20260904_135650.425,0.55,-24.69,2.691,2.648,2.726,2.647,2.691,0.883,+0 +0 +0 +0,+1.00 +0.99 +0.81 +0.99,0.925,+0 +0 +0 +0,+0.96 +0.99 +0.90 +0.89,1.164,1.097,1.181,1.139,1.25,0.91,+0 +0 +0 +0,+0.94 +0.90 +0.93 +0.86,0.82,+0 +0 +0 +0,+0.77 +0.69 +0.87 +0.91,4.786,4.745,4.794,4.758,4.805,0.881,+0 +0 +0 +0,+0.99 +0.97 +0.85 +0.96,0.92,+0 +0 +0 +0,+0.87 +0.92 +0.92 +0.78,-0.837,-1.023,-0.864,-0.891,0.321,0.311,+0 +0 +0 +3,+0.40 +0.37 +0.41 +0.20,0.325,-2 +2 +0 +0,-0.09 +0.09 +0.66 +0.40,45.636,41.871,45.71,50.226,47.105,0.832,+0 +0 +0 +0,+0.81 +0.89 +0.84 +0.73,0.766,-2 +0 +0 +0,+0.32 +0.86 +0.76 +0.82
SF11,2026-09-04 15:30,9_20260904_135650.425,1.55,-23.69,2.719,2.682,2.749,2.675,2.717,0.875,+0 +0 +0 +0,+0.99 +1.00 +0.79 +0.99,0.933,+0 +0 +0 +0,+0.98 +0.99 +0.90 +0.91,1.164,1.133,1.158,1.174,1.252,0.912,+0 +0 +0 +0,+0.92 +0.93 +0.93 +0.85,0.867,+0 +0 +0 +0,+0.82 +0.77 +0.90 +0.91,4.752,4.724,4.764,4.715,4.772,0.861,+0 +0 +0 +0,+0.98 +0.98 +0.83 +0.96,0.923,+0 +0 +0 +0,+0.89 +0.95 +0.92 +0.83,-0.84,-1.464,-0.891,-1.464,0.463,0.151,-1 +1 -3 +1,-0.03 +0.09 +0.37 -0.10,0.197,-3 +1 +0 +1,-0.08 -0.16 +0.56 +0.26,45.205,42.235,44.556,50.496,48.047,0.828,+0 +0 +0 +0,+0.69 +0.90 +0.80 +0.69,0.801,-2 +0 +0 +0,+0.45 +0.93 +0.79 +0.82
SF11,2026-09-04 16:30,9_20260904_135650.425,2.55,-22.69,2.744,2.724,2.774,2.715,2.742,0.789,+0 +0 +0 +0,+0.97 +0.99 +0.56 +0.98,0.893,+0 +0 +0 +0,+0.99 +0.99 +0.83 +0.88,1.279,1.23,1.25,1.325,1.333,0.699,+0 +0 +0 +0,+0.85 +0.90 +0.52 +0.81,0.728,+0 +0 +0 +0,+0.83 +0.70 +0.60 +0.87,4.684,4.671,4.705,4.636,4.709,0.804,+0 +0 +0 +0,+0.96 +0.98 +0.72 +0.94,0.915,+0 +0 +0 +0,+0.97 +0.93 +0.89 +0.91,0.512,0.528,0.466,0.547,0.466,-0.009,+0 +0 -2 +3,+0.57 +0.89 -0.59 +0.27,-0.018,-2 +0 -2 +0,-0.13 +0.89 -0.50 +0.34,58.274,55.582,57.972,59.119,61.638,0.836,+0 +0 +0 +0,+0.63 +0.88 +0.76 +0.80,0.804,+0 +0 +0 +0,+0.47 +0.89 +0.92 +0.75
SF11,2026-09-04 17:30,9_20260904_135650.425,3.55,-21.69,2.766,2.734,2.789,2.728,2.764,0.822,+0 +0 +0 +0,+0.98 +0.99 +0.70 +0.99,0.936,+0 +0 +0 +0,+0.98 +1.00 +0.92 +0.92,1.212,1.185,1.178,1.217,1.288,0.927,+0 +0 +0 +0,+0.82 +0.95 +0.93 +0.98,0.944,+0 +0 +0 +0,+0.93 +0.94 +0.96 +0.94,4.773,4.767,4.804,4.728,4.807,0.837,+0 +0 +0 +0,+0.94 +0.98 +0.78 +0.96,0.915,+0 +0 +0 +0,+0.98 +0.92 +0.89 +0.87,-0.526,-0.624,-0.638,-0.662,-0.051,0.373,-3 +0 -3 +0,+0.08 +0.41 +0.36 +0.39,0.424,-2 +1 +0 -2,-0.09 +0.23 +0.69 +0.37,47.032,44.348,46.215,51.095,49.881,0.829,+0 +0 +0 +0,+0.62 +0.90 +0.69 +0.85,0.87,+0 +0 +0 +0,+0.73 +0.92 +0.90 +0.90
SF11,2026-09-04 18:30,9_20260904_135650.425,4.55,-20.69,2.681,2.64,2.686,2.675,2.694,0.8,+0 +0 +0 +0,+0.97 +0.97 +0.65 +0.99,0.918,+0 +0 +0 +0,+0.99 +0.95 +0.91 +0.92,1.808,1.801,1.806,1.799,1.822,0.679,+0 +0 +0 +0,+0.91 +0.75 +0.79 +0.91,0.596,+0 +0 +0 +0,+0.79 +0.56 +0.75 +0.87,4.163,4.173,4.19,4.134,4.189,0.689,+0 +0 +0 +0,+0.88 +0.87 +0.58 +0.95,0.758,+0 +0 +0 +0,+0.88 +0.77 +0.75 +0.68,0.372,0.38,0.374,0.319,0.402,0.56,+2 +0 +0 -2,+0.02 +0.84 +0.55 +0.28,0.704,+0 +0 +0 -2,+0.55 +0.89 +0.79 -0.09,71.113,68.515,70.882,72.042,72.64,0.736,+0 +0 +0 +0,+0.62 +0.76 +0.70 +0.62,0.739,+0 +0 +0 +0,+0.67 +0.78 +0.78 +0.83
SF11,2026-09-04 19:30,9_20260904_135650.425,5.55,-19.69,2.785,2.741,2.796,2.769,2.805,0.851,+0 +0 +0 +0,+0.98 +0.97 +0.73 +0.99,0.924,+0 +0 +0 +0,+0.99 +0.94 +0.92 +0.90,2.146,2.128,2.143,2.139,2.164,0.597,+0 +0 +0 +0,+0.84 +0.58 +0.78 +0.72,0.48,+0 +0 +0 +0,+0.57 +0.25 +0.71 +0.70,4.363,4.368,4.415,4.278,4.377,0.814,+0 +0 +0 +0,+0.91 +0.88 +0.77 +0.96,0.812,+0 +0 +0 +0,+0.89 +0.76 +0.79 +0.75,1.267,1.281,1.273,1.24,1.252,0.542,+2 +0 +0 +0,+0.21 +0.82 +0.50 +0.52,0.717,+0 +0 +0 +3,+0.72 +0.86 +0.78 +0.02,85.506,83.394,85.306,85.166,90.893,0.706,+0 +0 +0 +0,+0.80 +0.79 +0.66 +0.75,0.591,+1 +0 +0 +0,+0.42 +0.78 +0.64 +0.74
SF11,2026-09-04 20:30,12_20260904_202856.246,6.55,-18.69,2.81,2.725,2.798,2.801,2.833,0.321,+0 +3 +0 +0,+0.91 -0.08 +0.71 +0.99,0.354,+0 +3 +0 +0,+0.92 -0.02 +0.92 +0.91,2.016,1.98,2.016,1.997,2.04,0.364,+0 +2 +0 +0,+0.89 +0.08 +0.81 +0.86,0.364,+0 +0 +0 +0,+0.73 +0.20 +0.75 +0.82,4.474,4.466,4.548,4.387,4.515,0.48,+0 +3 +0 +0,+0.89 +0.05 +0.77 +0.95,0.461,+0 +3 +0 +0,+0.84 +0.01 +0.76 +0.75,0.221,0.251,0.197,0.21,0.269,-0.068,-1 +1 -2 +0,-0.40 -0.26 -0.22 +0.48,-0.195,+2 -2 -2 +0,-0.31 -0.45 -0.23 +0.72,68.938,65.312,68.884,69.567,74.868,0.553,-3 +0 +0 +0,-0.05 +0.47 +0.82 +0.84,0.562,+3 +0 +0 +0,+0.27 +0.65 +0.78 +0.70
SF11,2026-09-04 21:30,12_20260904_202856.246,7.55,-17.69,2.788,2.746,2.808,2.777,2.796,0.965,+0 +0 +0 +0,+0.99 +0.98 +0.97 +0.99,0.759,+0 +0 +0 +0,+0.98 +0.96 +0.56 +0.88,2.073,2.042,2.073,2.063,2.088,0.693,+0 +0 +0 +0,+0.84 +0.56 +0.82 +0.57,0.491,+0 +0 +0 +0,+0.54 +0.26 +0.65 +0.47,4.299,4.285,4.352,4.247,4.31,0.816,+0 +0 +0 +0,+0.94 +0.89 +0.85 +0.96,0.565,+0 +0 +0 +0,+0.90 +0.77 +0.42 +0.71,0.678,0.691,0.676,0.638,0.693,0.669,+2 +0 +0 -3,+0.11 +0.75 +0.88 +0.22,0.573,+0 +0 +3 +0,+0.63 +0.86 +0.29 +0.49,82.041,78.801,82.256,82.563,85.933,0.764,+0 +0 +0 +0,+0.84 +0.74 +0.65 +0.82,0.621,+0 +0 +0 +0,+0.39 +0.77 +0.71 +0.61
SF11,2026-09-04 22:30,12_20260904_202856.246,8.55,-16.69,2.731,2.691,2.755,2.706,2.732,0.94,+0 +0 +0 +0,+0.99 +0.98 +0.93 +0.99,0.742,+0 +0 +0 +0,+0.99 +0.97 +0.51 +0.88,1.464,1.4,1.472,1.454,1.498,0.9,+0 +0 +0 +0,+0.92 +0.88 +0.94 +0.86,0.782,+0 +0 +0 +0,+0.71 +0.70 +0.84 +0.85,4.879,4.832,4.875,4.878,4.898,0.941,+0 +0 +0 +0,+0.95 +0.93 +0.98 +0.63,0.704,+0 +0 +0 +0,+0.79 +0.89 +0.71 +0.30,0.787,0.816,0.787,0.725,0.773,0.714,+0 +0 +0 +0,+0.37 +0.76 +0.85 +0.59,0.643,+0 +0 +0 +0,+0.40 +0.95 +0.39 +0.84,58.245,53.645,57.424,59.849,60.315,0.85,+0 +0 +0 +0,+0.75 +0.70 +0.87 +0.77,0.808,+1 +0 +0 +0,+0.54 +0.87 +0.83 +0.85
SF11,2026-09-04 23:30,12_20260904_202856.246,9.55,-15.69,2.833,2.788,2.84,2.839,2.84,0.941,+0 +0 +0 +0,+0.99 +0.97 +0.95 +0.99,0.74,+0 +0 +0 +0,+0.98 +0.96 +0.56 +0.90,2.21,2.184,2.21,2.199,2.217,0.684,+0 +0 +0 +0,+0.87 +0.82 +0.77 +0.69,0.503,+0 +0 +0 +0,+0.57 +0.70 +0.61 +0.65,4.454,4.458,4.53,4.346,4.457,0.745,+0 +0 +0 +0,+0.93 +0.88 +0.72 +0.96,0.504,+0 +0 -1 +0,+0.91 +0.75 +0.26 +0.77,0.702,0.726,0.703,0.674,0.704,0.706,+0 +0 +0 +0,+0.23 +0.81 +0.87 +0.53,0.585,+0 +0 +0 +0,+0.51 +0.89 +0.33 +0.49,80.94,77.304,81.667,81.047,85.576,0.723,+0 +0 +0 +0,+0.83 +0.72 +0.65 +0.70,0.737,+0 +0 +0 +0,+0.52 +0.93 +0.79 +0.75
SF11,2026-09-05 00:30,12_20260904_202856.246,10.55,-14.69,2.721,2.684,2.761,2.68,2.715,0.975,+0 +0 +0 +0,+0.99 +0.98 +0.98 +0.98,0.809,+0 +0 +0 +0,+0.97 +0.99 +0.62 +0.88,1.235,1.184,1.256,1.207,1.274,0.922,+0 +0 +0 +0,+0.94 +0.93 +0.96 +0.90,0.863,+0 +0 +0 +0,+0.81 +0.86 +0.88 +0.89,4.801,4.745,4.81,4.779,4.809,0.968,+0 +0 +0 +0,+0.96 +0.92 +0.99 +0.70,0.767,+0 +0 +0 +0,+0.79 +0.93 +0.74 +0.54,-1.162,-1.464,-1.358,-1.569,-0.271,-0.047,+1 -3 -3 +1,+0.01 -0.32 +0.22 -0.38,0.085,-2 -3 +0 +1,-0.13 -0.51 +0.41 +0.28,49.341,46.219,49.017,51.994,51.801,0.852,+0 +0 +0 +0,+0.69 +0.74 +0.90 +0.88,0.806,+1 +0 +0 +0,+0.53 +0.90 +0.73 +0.83
SF11,2026-09-05 01:30,12_20260904_202856.246,11.55,-13.69,2.81,2.779,2.815,2.803,2.814,0.902,+0 +0 +0 +0,+0.95 +0.95 +0.90 +0.99,0.715,+0 +0 +0 +0,+0.98 +0.94 +0.48 +0.89,2.175,2.158,2.179,2.163,2.182,0.66,+0 +0 +0 +0,+0.81 +0.72 +0.75 +0.83,0.491,+0 +0 +0 +0,+0.50 +0.63 +0.59 +0.76,4.522,4.552,4.59,4.402,4.522,0.706,+0 +0 +0 +0,+0.89 +0.89 +0.67 +0.96,0.473,+0 +0 -1 +0,+0.92 +0.77 +0.19 +0.79,0.701,0.732,0.695,0.653,0.694,0.61,+3 -2 +0 +0,+0.11 +0.41 +0.75 +0.55,0.452,+1 +0 -2 +3,+0.20 +0.58 +0.30 +0.17,94.614,92.304,95.923,94.081,100.258,0.562,+0 -2 +0 +0,+0.70 +0.29 +0.43 +0.79,0.588,+0 +0 +0 +0,+0.36 +0.53 +0.70 +0.71
SF11,2026-09-05 02:30,12_20260904_202856.246,12.55,-12.69,2.812,2.77,2.82,2.815,2.824,0.937,+0 +0 +0 +0,+0.99 +0.97 +0.94 +0.99,0.737,+0 +0 +0 +0,+0.97 +0.95 +0.55 +0.88,2.172,2.145,2.174,2.158,2.182,0.718,+0 +0 +0 +0,+0.84 +0.78 +0.79 +0.80,0.52,+0 +0 +0 +0,+0.53 +0.64 +0.62 +0.70,4.499,4.501,4.585,4.394,4.504,0.75,+0 +0 +0 +0,+0.94 +0.88 +0.72 +0.96,0.503,+0 +0 -1 +0,+0.89 +0.75 +0.26 +0.78,0.887,0.941,0.91,0.811,0.883,0.632,+0 +0 +0 +0,+0.19 +0.71 +0.68 +0.66,0.513,+0 +0 -2 +0,+0.50 +0.93 +0.22 +0.41,71.059,67.561,72.081,71.687,75.288,0.803,+0 +0 +0 +0,+0.71 +0.67 +0.68 +0.87,0.76,+1 +0 +0 +0,+0.41 +0.93 +0.85 +0.76
SF11,2026-09-05 03:30,12_20260904_202856.246,13.55,-11.69,2.805,2.768,2.817,2.795,2.809,0.949,+0 +0 +0 +0,+0.99 +0.97 +0.94 +0.98,0.758,+0 +0 +0 +0,+0.97 +0.96 +0.54 +0.85,2.227,2.201,2.231,2.211,2.235,0.681,+0 +0 +0 +0,+0.84 +0.86 +0.80 +0.62,0.48,+0 +0 +0 +0,+0.52 +0.81 +0.61 +0.49,4.34,4.341,4.411,4.279,4.343,0.784,+0 +0 +0 +0,+0.93 +0.87 +0.80 +0.96,0.533,+0 +0 +0 +0,+0.88 +0.74 +0.35 +0.72,0.86,0.892,0.867,0.827,0.856,0.664,+0 +0 +0 +0,+0.28 +0.74 +0.81 +0.48,0.596,+0 +0 +0 +0,+0.52 +0.89 +0.35 +0.61,88.441,86.229,89.514,87.053,92.315,0.713,+0 +0 +0 +0,+0.69 +0.70 +0.61 +0.83,0.651,-3 +0 +0 +0,+0.30 +0.93 +0.76 +0.62
SF11,2026-09-05 04:30,12_20260904_202856.246,14.55,-10.69,2.652,2.616,2.686,2.596,2.649,0.952,+0 +0 +0 +0,+0.98 +0.98 +0.95 +0.98,0.826,+0 +0 +0 +0,+0.98 +0.97 +0.67 +0.88,1.343,1.297,1.362,1.288,1.37,0.781,+0 +0 +0 +0,+0.90 +0.86 +0.88 +0.75,0.641,+0 +0 +0 +0,+0.71 +0.77 +0.70 +0.75,4.81,4.778,4.822,4.769,4.842,0.931,+0 +0 +0 +0,+0.95 +0.90 +0.95 +0.60,0.811,+0 +0 +0 +0,+0.84 +0.87 +0.75 +0.35,-0.952,-1.233,-1.109,-1.031,-0.654,-0.086,+1 -3 +1 +1,-0.09 -0.25 +0.18 -0.37,0.114,-2 -3 +0 +0,+0.14 -0.35 +0.38 +0.44,44.589,42.247,45.449,44.622,46.251,0.71,+0 +0 +0 +0,+0.52 +0.70 +0.73 +0.83,0.641,+0 +0 +0 +0,+0.52 +0.85 +0.31 +0.86
SF11,2026-09-05 05:30,12_20260904_202856.246,15.55,-9.69,2.676,2.626,2.718,2.621,2.672,0.946,+0 +0 +0 +0,+0.98 +0.98 +0.97 +0.89,0.761,+0 +0 +0 +0,+0.96 +0.97 +0.58 +0.81,1.226,1.175,1.257,1.194,1.281,0.795,+0 +0 +0 +0,+0.92 +0.82 +0.84 +0.79,0.691,+0 +0 +0 +0,+0.74 +0.82 +0.67 +0.80,4.726,4.683,4.747,4.677,4.731,0.947,+0 +0 +0 +1,+0.95 +0.84 +0.98 +0.39,0.803,+0 +0 +0 +0,+0.81 +0.85 +0.75 +0.30,0.413,0.443,0.369,0.431,0.417,0.53,+0 +0 +0 +2,+0.40 +0.73 +0.78 +0.07,0.667,-2 +0 +0 +0,+0.36 +0.90 +0.57 +0.89,53.462,50.578,55.583,53.46,55.92,0.732,+0 +0 +0 +0,+0.67 +0.73 +0.77 +0.75,0.655,-3 +0 +0 +0,+0.40 +0.90 +0.54 +0.80
SF11,2026-09-05 06:30,12_20260904_202856.246,16.55,-8.69,2.709,2.663,2.731,2.7,2.711,0.946,+0 +0 +0 +0,+0.97 +0.98 +0.95 +0.90,0.813,+0 +0 +0 +0,+0.98 +0.98 +0.69 +0.89,1.198,1.153,1.203,1.197,1.247,0.887,+0 +0 +0 +0,+0.81 +0.80 +0.98 +0.88,0.94,+0 +0 +0 +0,+0.88 +0.96 +0.95 +0.95,4.713,4.687,4.751,4.684,4.734,0.96,+0 +0 +0 +0,+0.93 +0.96 +0.98 +0.94,0.765,+0 +0 +0 +0,+0.95 +0.92 +0.66 +0.87,-1.023,-1.162,-1.358,-0.891,-0.767,-0.235,-1 -3 -3 -2,-0.07 -0.49 +0.10 -0.41,-0.001,-2 -3 +0 +1,+0.05 -0.60 +0.43 +0.36,45.349,42.535,46.007,47.074,46.969,0.749,+0 +0 +0 +0,+0.55 +0.68 +0.88 +0.63,0.807,+0 +0 +0 +0,+0.58 +0.92 +0.67 +0.90
SF11,2026-09-05 07:30,12_20260904_202856.246,17.55,-7.69,2.65,2.617,2.699,2.618,2.647,0.879,+0 +0 +0 +0,+0.99 +0.98 +0.84 +0.95,0.931,+0 +0 +0 +0,+0.96 +0.98 +0.91 +0.92,1.142,1.109,1.174,1.14,1.21,0.907,+0 +0 +0 +0,+0.92 +0.90 +0.96 +0.88,0.922,+0 +0 +0 +0,+0.86 +0.96 +0.93 +0.96,4.75,4.714,4.782,4.724,4.76,0.893,+0 +0 +0 +0,+0.98 +0.95 +0.87 +0.85,0.925,+0 +0 +0 +0,+0.90 +0.99 +0.91 +0.88,-0.551,-0.551,-0.526,-0.558,-0.418,0.125,+1 -3 +0 -2,+0.12 +0.23 +0.39 -0.31,0.433,-2 -3 +0 +0,+0.23 +0.35 +0.57 +0.50,45.413,43.198,46.257,50.04,48.268,0.692,+0 +0 +0 +0,+0.49 +0.75 +0.68 +0.62,0.852,+0 +0 +0 +0,+0.66 +0.93 +0.79 +0.93
SF11,2026-09-05 08:30,12_20260904_202856.246,18.55,-6.69,2.666,2.635,2.706,2.624,2.663,0.89,+0 +0 +0 +0,+0.99 +0.98 +0.83 +0.97,0.94,+0 +0 +0 +0,+0.97 +0.98 +0.91 +0.91,1.164,1.126,1.171,1.159,1.211,0.914,+0 +0 +0 +0,+0.94 +0.91 +0.95 +0.87,0.908,+0 +0 +0 +0,+0.83 +0.93 +0.92 +0.94,4.739,4.704,4.754,4.704,4.751,0.879,+0 +0 +0 +0,+0.96 +0.86 +0.86 +0.49,0.927,+0 +0 +0 +0,+0.87 +0.94 +0.92 +0.82,-1.216,-1.287,-1.464,-1.216,-0.543,-0.143,+2 -3 -3 -2,+0.17 -0.29 +0.18 -0.43,0.069,-2 -3 +0 +1,-0.08 -0.36 +0.47 +0.34,45.01,41.672,45.446,49.411,46.449,0.727,+0 +0 +0 +0,+0.65 +0.71 +0.69 +0.67,0.856,+0 +0 +0 +0,+0.68 +0.95 +0.77 +0.94
SF11,2026-09-05 10:30,3_20260905_094205.930,20.55,-4.69,2.681,2.65,2.709,2.634,2.674,0.841,+0 +0 +0 +0,+0.98 +0.98 +0.72 +0.97,0.985,+0 +0 +0 +0,+0.99 +0.99 +0.99 +0.94,1.241,1.233,1.234,1.236,1.302,0.877,+0 +0 +0 +0,+0.90 +0.92 +0.88 +0.85,0.918,+0 +0 +0 +0,+0.85 +0.95 +0.92 +0.95,4.746,4.726,4.746,4.711,4.767,0.818,+0 +0 +0 +0,+0.96 +0.90 +0.79 +0.34,0.972,+0 +0 +0 +0,+0.92 +0.95 +0.99 +0.74,-0.071,-0.058,-0.076,-0.051,-0.08,0.307,+2 +0 +0 -2,+0.29 +0.51 +0.52 -0.14,0.699,+0 +0 +0 +0,+0.81 +0.69 +0.86 +0.64,48.942,46.477,49.651,51.691,51.337,0.722,+0 +0 +0 +0,+0.35 +0.75 +0.72 +0.68,0.904,+0 +0 +0 +0,+0.82 +0.94 +0.87 +0.95
SF11,2026-09-05 11:30,3_20260905_094205.930,21.55,-3.69,2.703,2.668,2.736,2.669,2.699,0.839,+0 +0 +0 +0,+0.98 +0.98 +0.72 +0.90,0.988,+0 +0 +0 +0,+0.99 +0.99 +0.99 +0.93,1.184,1.174,1.199,1.183,1.266,0.88,+0 +0 +0 +0,+0.81 +0.85 +0.95 +0.89,0.967,+0 +0 +0 +0,+0.89 +0.95 +0.99 +0.98,4.819,4.788,4.826,4.815,4.829,0.794,+0 +0 +0 +1,+0.93 +0.75 +0.76 -0.22,0.962,+0 +0 +0 +0,+0.86 +0.88 +0.99 +0.24,-0.957,-1.19,-0.813,-1.287,-0.722,-0.055,+2 -3 +0 -2,+0.11 -0.36 +0.26 -0.36,0.178,-2 -3 +0 +1,+0.09 -0.58 +0.53 +0.31,46.393,43.438,48.299,48.245,48.755,0.611,+2 +0 +0 +0,+0.07 +0.61 +0.68 +0.67,0.87,+0 +0 +0 +0,+0.86 +0.81 +0.95 +0.96
SF11,2026-09-05 12:30,3_20260905_094205.930,22.55,-2.69,2.725,2.696,2.751,2.718,2.71,0.501,+0 +0 -3 +0,+0.96 +0.98 +0.06 +0.91,0.615,+0 +0 +2 +0,+1.00 +0.99 +0.36 +0.96,1.306,1.285,1.286,1.363,1.343,0.616,+0 +0 +0 +0,+0.79 +0.88 +0.39 +0.90,0.773,+0 +0 +0 +0,+0.95 +0.99 +0.49 +0.99,4.74,4.733,4.749,4.725,4.746,0.584,+0 +0 +0 +0,+0.94 +0.97 +0.39 +0.74,0.843,+0 +0 +0 +0,+0.99 +0.98 +0.80 +0.95,-1.109,-1.216,-1.162,-1.155,-0.871,-0.016,+1 -3 +0 -2,-0.03 -0.20 +0.38 -0.38,0.208,-2 -3 +0 +1,-0.11 -0.38 +0.61 +0.32,46.015,43.066,45.965,47.827,47.232,0.646,+2 +0 +0 +0,+0.17 +0.81 +0.64 +0.61,0.926,+0 +0 +0 +0,+0.87 +0.98 +0.90 +0.91
SF11,2026-09-05 13:30,3_20260905_094205.930,23.55,-1.69,2.708,2.688,2.741,2.682,2.701,0.832,+0 +0 +0 +0,+0.97 +0.99 +0.70 +0.90,0.996,+0 +0 +0 +0,+1.00 +1.00 +1.00 +0.99,1.285,1.277,1.289,1.277,1.304,0.865,+0 +0 +0 +0,+0.80 +0.89 +0.94 +0.89,0.977,+0 +0 +0 +0,+0.96 +0.99 +0.99 +0.96,4.611,4.609,4.637,4.57,4.632,0.843,+0 +0 +0 +0,+0.95 +0.97 +0.78 +0.94,0.993,+0 +0 +0 +0,+0.99 +0.97 +1.00 +0.92,-1.066,-1.109,-1.066,-1.124,-0.508,0.04,+1 -3 +0 -2,+0.01 -0.17 +0.33 -0.22,0.252,+2 -3 +0 +0,+0.03 -0.35 +0.67 +0.43,47.3,45.246,47.254,48.588,48.634,0.651,+2 +0 +0 +0,+0.35 +0.81 +0.67 +0.58,0.964,+0 +0 +0 +0,+0.95 +0.99 +0.97 +0.94
SF11,2026-09-05 14:30,3_20260905_094205.930,24.55,-0.69,2.678,2.665,2.723,2.648,2.675,0.829,+0 +0 +0 +0,+0.97 +0.99 +0.69 +0.91,1.0,+0 +0 +0 +0,+1.00 +1.00 +1.00 +1.00,1.235,1.221,1.236,1.238,1.307,0.884,+0 +0 +0 +0,+0.84 +0.87 +0.93 +0.92,1.0,+0 +0 +0 +0,+1.00 +1.00 +1.00 +1.00,4.643,4.641,4.674,4.599,4.655,0.824,+0 +0 +0 +0,+0.92 +0.96 +0.75 +0.81,1.0,+0 +0 +0 +0,+1.00 +1.00 +1.00 +1.00,0.87,0.928,0.867,0.819,0.886,0.576,+2 +0 +0 +2,+0.01 +0.79 +0.59 +0.38,1.0,+0 +0 +0 +0,+1.00 +1.00 +1.00 +1.00,53.892,51.852,53.591,55.149,56.656,0.719,+2 +0 +0 +0,+0.35 +0.82 +0.74 +0.72,1.0,+0 +0 +0 +0,+1.00 +1.00 +1.00 +1.00
SF11,2026-09-05 15:30,7_20260905_151133.499,25.55,0.31,2.746,2.708,2.761,2.739,2.745,0.178,+0 +0 -2 +0,+0.96 +0.99 -0.35 +0.97,0.198,+0 +0 +2 +0,+0.99 +0.98 -0.17 +0.96,1.492,1.475,1.475,1.571,1.507,0.459,+0 +0 +2 +0,+0.86 +0.94 +0.06 +0.94,0.531,+0 +0 +2 +0,+0.85 +0.92 +0.09 +0.98,4.672,4.657,4.675,4.66,4.683,0.229,+0 +0 -3 +0,+0.97 +0.97 -0.05 +0.83,0.473,+0 +0 +0 +0,+0.96 +0.93 +0.40 +0.94,0.806,0.802,0.803,0.865,0.806,-0.345,+3 +0 -2 -2,-0.01 +0.60 -0.60 +0.53,-0.366,+0 +0 -2 +0,+0.82 +0.88 -0.74 +0.74,68.136,66.625,68.302,69.643,72.745,0.781,-2 +0 +0 +0,+0.40 +0.76 +0.74 +0.86,0.934,+0 +0 +0 +0,+0.94 +0.98 +0.91 +0.96
SF11,2026-09-05 16:30,7_20260905_151133.499,26.55,1.31,2.751,2.73,2.785,2.714,2.748,0.845,+0 +0 +0 +0,+0.97 +0.98 +0.72 +0.97,0.992,+0 +0 +0 +0,+0.99 +1.00 +0.99 +0.95,1.23,1.213,1.22,1.229,1.252,0.87,+0 +0 +0 +0,+0.79 +0.85 +0.93 +0.95,0.971,+0 +0 +0 +0,+0.97 +0.99 +0.99 +0.95,4.853,4.853,4.871,4.811,4.874,0.844,+0 +0 +0 +0,+0.95 +0.97 +0.78 +0.92,0.98,+0 +0 +0 +0,+0.98 +0.91 +0.99 +0.94,-0.278,-0.272,-0.292,-0.326,-0.18,0.376,+1 +0 +0 -2,-0.12 +0.32 +0.46 +0.09,0.636,-2 +0 +0 +0,+0.28 +0.34 +0.83 +0.50,47.837,45.413,47.611,49.533,49.738,0.708,+2 +0 +0 +0,+0.42 +0.77 +0.64 +0.79,0.949,+0 +0 +0 +0,+0.89 +0.97 +0.97 +0.91
SF11,2026-09-05 17:30,7_20260905_151133.499,27.55,2.31,2.763,2.736,2.786,2.728,2.764,0.782,+0 +0 +0 +0,+0.97 +0.98 +0.56 +0.96,0.956,+0 +0 +0 +0,+0.99 +0.99 +0.92 +0.96,1.26,1.259,1.257,1.259,1.284,0.864,+0 +0 +0 +0,+0.81 +0.84 +0.92 +0.94,0.965,+0 +0 +0 +0,+0.97 +0.98 +0.98 +0.94,4.684,4.69,4.725,4.619,4.714,0.806,+0 +0 +0 +0,+0.95 +0.97 +0.70 +0.95,0.946,+0 +0 +0 +0,+0.97 +0.90 +0.96 +0.88,0.414,0.472,0.408,0.331,0.475,0.466,+2 +0 +0 -2,-0.19 +0.59 +0.41 +0.24,0.721,+0 +0 +0 +0,+0.85 +0.80 +0.76 +0.55,51.271,47.386,50.953,53.967,52.33,0.73,+0 +0 +0 +0,+0.50 +0.75 +0.75 +0.71,0.941,+0 +0 +0 +0,+0.91 +0.98 +0.97 +0.88
SF11,2026-09-06 12:46,0_20260906_124136.884,46.83,21.58,2.656,2.658,2.125,2.565,2.691,0.159,+0 -3 +3 +0,+0.93 +0.42 +0.02 +0.98,0.236,+0 -3 +0 +0,+0.97 +0.38 +0.47 +0.89,1.562,1.564,1.268,1.534,1.609,0.486,+0 -3 +0 +0,+0.87 -0.13 +0.74 +0.90,0.427,+0 -3 +0 +0,+0.70 -0.25 +0.84 +0.89,4.399,4.45,3.924,4.323,4.48,0.219,+0 +0 +0 +0,+0.87 +0.41 +0.27 +0.97,0.377,+0 +0 +0 +0,+0.92 +0.43 +0.64 +0.82,-0.107,-0.058,-0.338,-0.186,-0.026,0.32,-3 -1 -3 -2,-0.01 +0.23 +0.29 +0.24,0.574,+0 +0 +0 +0,+0.49 +0.52 +0.76 +0.56,74.593,75.234,56.529,74.138,80.544,0.468,+0 +1 +0 +0,+0.73 -0.58 +0.74 +0.85,0.325,-2 +3 +0 +0,+0.28 -0.64 +0.80 +0.86
