date,n,n_rem_events,ll_M0,llrem_M0,brier_M0,ll_M1,llrem_M1,brier_M1,ll_M2,llrem_M2,brier_M2,d_M1_M0,d_M2_M1,drem_M1_M0,drem_M2_M1
2026-09-01,12246,394,0.30382307707039286,0.13865218013412112,0.030867933961805157,0.29945712929301743,0.13518898439118499,0.03040635368135211,0.29946876039999326,0.13518006076710817,0.03039862857876362,-0.004365947777375423,1.1631106975829031e-05,-0.0034631957429361315,-8.92362407681202e-06
2026-09-02,12971,378,0.3304923759468851,0.13064492684671544,0.028246580248218942,0.32562049607844573,0.12707028159150185,0.027793323795856837,0.3257635614323424,0.12704645811827703,0.027782203800378276,-0.004871879868439344,0.0001430653538966875,-0.0035746452552135877,-2.3823473224826586e-05
2026-09-03,12024,372,0.28777232227732713,0.13555088298394707,0.02981599218135223,0.2843549436494062,0.13288022671142602,0.02943448200185865,0.28438098613437307,0.13299687671713387,0.029429211524593244,-0.0034173786279209084,2.6042484966848356e-05,-0.0026706562725210548,0.00011665000570784678
2026-09-04,14615,378,0.2629754365426936,0.1176264634444566,0.025048461084854805,0.2602218702343149,0.11514824688287913,0.024723190007488825,0.2601838059112681,0.1150936923520236,0.024723256771090062,-0.0027535663083786965,-3.806432304681584e-05,-0.0024782165615774704,-5.455453085552453e-05
2026-09-05,12469,306,0.277201689489816,0.11303633479955698,0.023818199640575584,0.2753618842757597,0.11147753947728328,0.023602311932813157,0.2755400785550743,0.11147444238107801,0.023610389240357726,-0.0018398052140563004,0.00017819427931459186,-0.0015587953222736955,-3.0970962052734308e-06
2026-09-06,14808,409,0.2624344383054189,0.12354013412865114,0.02668645489241788,0.25984515179319284,0.12147919670755433,0.026437549967057283,0.25963938904320444,0.12140623968738316,0.026424285713594627,-0.0025892865122260633,-0.00020576274998840294,-0.002060937421096809,-7.295702017116878e-05
2026-09-07,11507,281,0.23633365695075706,0.11101395421031665,0.023590409224620502,0.23656681704031793,0.11128019992091275,0.023514482759881727,0.2365398828292161,0.11123495233110196,0.023504786168118363,0.00023316008956086876,-2.693421110183669e-05,0.00026624571059609414,-4.524758981078181e-05
2026-09-08,14058,334,0.2405435848299632,0.10812065619639168,0.02295887291316241,0.23860395976753027,0.10613805911145541,0.022738361605097936,0.2385353027515373,0.10604558234664588,0.02272443769751886,-0.0019396250624329203,-6.86570159929567e-05,-0.001982597084936269,-9.247676480952927e-05
2026-09-09,12845,286,0.25651319147306295,0.10347160078426436,0.021589051284902103,0.2540564021714902,0.1012730534583796,0.021330717076355966,0.25391711812178797,0.1011741220347134,0.02132564472314793,-0.002456789301572726,-0.0001392840497022596,-0.0021985473258847588,-9.89314236661959e-05
2026-09-10,8293,164,0.22224374695698051,0.0929784344806466,0.01916221197840635,0.22009105901284462,0.09166367373578438,0.018992704056753736,0.2202253530039284,0.09173659956570308,0.018998854970731026,-0.002152687944135895,0.00013429399108377815,-0.0013147607448622256,7.292582991870467e-05
2026-09-11,9925,245,0.2428752415341631,0.11223427422673622,0.02389586737507063,0.24121697999780856,0.11021605827079348,0.023678868074402858,0.24101644042431078,0.11007771931577512,0.023670217529471814,-0.0016582615363545383,-0.00020053957349777662,-0.0020182159559427454,-0.0001383389550183578
2026-09-12,3661,41,0.21572760111888847,0.06457008813269302,0.011296226481757175,0.2112821620330802,0.06103424090045869,0.011066199600601071,0.21317352813866475,0.06269005188897095,0.01118584308867888,-0.004445439085808273,0.0018913661055845465,-0.0035358472322343307,0.0016558109885122588
