comparison,delta_ll,ci_lo,ci_hi,rel_pct,folds_better,folds
"M1 vs M0 (24 h, leave one block out)",-0.005262680871161199,-0.006255747624507561,-0.004152119079455342,-1.9816568266945729,21,22
M2 vs M1 (history x phase),8.815381288273136e-05,-0.0003641578452842723,0.000693954778043431,0.03319422350982789,12,22
M0 + A_only vs M0,-0.0032656223834789367,-0.004462348618898476,-0.0022086731937843444,-1.2296665992212727,22,22
M0 + B_only vs M0,-0.002878040994277093,-0.003771901508341141,-0.001811269623839241,-1.0837232436170157,19,22
M0 + W_cum vs M0,-0.0030446726510993056,-0.004210759118542717,-0.0020236262898091478,-1.146468214929005,21,22
M0 + N_prior vs M0,-0.0011925757413874145,-0.0021842987962025517,-0.000535736738737296,-0.4490631138629654,18,22
M0 + REM_pre vs M0,-0.0007860827179781838,-0.0017938698252515316,-0.00014776332272363224,-0.29599860272059003,18,22
"M1 vs M0, fitted and tested on night steps only",-0.0013017704749355003,-0.0036184898145126083,0.0015527893992443142,-0.48504435736310625,9,13
"M1 vs M0, fitted and tested on light steps only",-0.005485650556696626,-0.006243495269256855,-0.004488382588050174,-2.0771005191399925,18,22
"M1 vs M0, forward chaining (extrapolation)",-0.004832948640893327,-0.0068015479479709194,-0.0028669140713632455,-1.924352892558297,14,16
