animal,date,sunrise,sunset,light_cover,f_WAKE_light,f_NREM_light,f_REM_light,dark_cover,f_WAKE_dark,f_NREM_dark,f_REM_dark,WAKE_min_24h,NREM_min_24h,REM_min_24h,included_day
SF07,2026-08-31,06:28,19:44,0.057,0.6269,0.3111,0.062,0.397,0.9384,0.0616,0.0,1103.5,287.1,49.3,False
SF07,2026-09-01,06:29,19:42,0.818,0.2573,0.5883,0.1545,0.998,0.856,0.1404,0.0035,758.1,557.2,124.7,True
SF07,2026-09-02,06:30,19:40,0.875,0.3124,0.5803,0.1073,1.0,0.8259,0.1611,0.013,783.7,563.1,93.2,True
SF07,2026-09-03,06:32,19:39,0.817,0.3543,0.5215,0.1242,0.795,0.8689,0.1241,0.007,846.2,491.5,102.3,True
SF07,2026-09-04,06:33,19:37,0.495,0.1959,0.6944,0.1097,0.937,0.8725,0.1235,0.004,725.7,625.6,88.7,False
SF07,2026-09-05,06:34,19:35,0.846,0.2304,0.7128,0.0568,1.0,0.8108,0.1881,0.0011,713.9,681.0,45.1,True
SF07,2026-09-06,06:35,19:33,0.805,0.1389,0.795,0.0661,0.598,0.8791,0.1184,0.0025,689.4,697.4,53.1,True
SF07,2026-09-07,06:36,19:32,0.725,0.189,0.6693,0.1416,0.403,0.8541,0.1447,0.0012,713.8,615.5,110.7,False
SF07,2026-09-08,06:37,19:30,0.906,0.1611,0.7301,0.1088,0.965,0.8969,0.1026,0.0005,722.6,633.0,84.5,True
SF07,2026-09-09,06:38,19:28,0.883,0.212,0.6893,0.0987,1.0,0.8924,0.1052,0.0024,760.8,601.5,77.7,True
SF07,2026-09-10,06:39,19:26,0.54,0.1141,0.8801,0.0058,0.594,0.9455,0.0545,0.0,723.3,712.3,4.5,True
SF07,2026-09-11,06:40,19:25,0.734,0.2209,0.6899,0.0892,0.407,0.9898,0.0102,0.0,837.2,534.6,68.2,False
SF07,2026-09-12,06:41,19:23,0.274,0.1554,0.8417,0.003,0.592,0.6749,0.3244,0.0007,576.0,861.3,2.8,False
SF08,2026-08-31,06:28,19:44,0.052,0.6766,0.3042,0.0192,0.397,0.9513,0.0487,0.0,1151.4,273.3,15.3,False
SF08,2026-09-01,06:29,19:42,0.652,0.2922,0.5693,0.1385,0.724,0.9108,0.0876,0.0015,821.2,508.0,110.8,True
SF08,2026-09-02,06:30,19:40,0.873,0.2989,0.5422,0.159,1.0,0.8194,0.1762,0.0045,768.8,542.8,128.5,True
SF08,2026-09-03,06:32,19:39,0.764,0.2606,0.5447,0.1947,1.0,0.8223,0.1763,0.0015,742.0,543.9,154.2,True
SF08,2026-09-04,06:33,19:37,0.942,0.2263,0.6089,0.1648,0.934,0.8573,0.1304,0.0123,739.6,563.1,137.3,True
SF08,2026-09-05,06:34,19:35,0.865,0.3642,0.549,0.0868,1.0,0.8395,0.1512,0.0093,837.4,528.6,74.0,True
SF08,2026-09-06,06:35,19:33,0.877,0.2168,0.6496,0.1336,0.985,0.8194,0.177,0.0037,710.6,623.0,106.5,True
SF08,2026-09-07,06:36,19:32,0.867,0.2193,0.6407,0.14,1.0,0.8921,0.1008,0.0071,762.5,564.1,113.4,True
SF08,2026-09-08,06:37,19:30,0.901,0.1841,0.658,0.1578,0.975,0.9108,0.0854,0.0038,749.6,565.7,124.6,True
SF08,2026-09-09,06:38,19:28,0.868,0.2415,0.6359,0.1226,1.0,0.8837,0.1118,0.0045,777.7,564.8,97.5,True
SF08,2026-09-10,06:39,19:26,0.544,0.1515,0.6874,0.1611,0.857,0.9294,0.0706,0.0,741.2,575.2,123.7,True
SF08,2026-09-11,06:40,19:25,0.836,0.2023,0.6619,0.1358,1.0,0.9315,0.065,0.0035,783.6,550.1,106.2,True
SF08,2026-09-12,06:41,19:23,0.274,0.2351,0.6645,0.1005,0.592,0.8194,0.1693,0.0113,734.7,621.2,84.2,False
SF09,2026-08-31,06:28,19:44,0.045,0.7987,0.1709,0.0304,0.397,0.9193,0.0807,0.0,1227.9,188.0,24.2,False
SF09,2026-09-01,06:29,19:42,0.8,0.2465,0.6123,0.1412,0.728,0.8888,0.1011,0.0101,770.8,550.8,118.5,True
SF09,2026-09-02,06:30,19:40,0.858,0.3793,0.5211,0.0996,1.0,0.7728,0.2177,0.0095,802.0,553.1,84.8,True
SF09,2026-09-03,06:32,19:39,0.81,0.2052,0.6717,0.1231,1.0,0.8244,0.166,0.0096,699.7,637.1,103.2,True
SF09,2026-09-04,06:33,19:37,0.917,0.2633,0.596,0.1407,0.93,0.8635,0.1302,0.0063,772.7,552.8,114.5,True
SF09,2026-09-05,06:34,19:35,0.849,0.2764,0.6232,0.1003,1.0,0.8993,0.1001,0.0006,808.1,553.0,78.8,True
SF09,2026-09-06,06:35,19:33,0.882,0.1773,0.7012,0.1215,0.981,0.8918,0.1046,0.0035,727.7,615.3,96.9,True
SF09,2026-09-07,06:36,19:32,0.862,0.2198,0.6553,0.125,1.0,0.8728,0.1272,0.0,750.1,593.0,97.0,True
SF09,2026-09-08,06:37,19:30,0.901,0.2381,0.6971,0.0648,0.964,0.9103,0.0842,0.0055,791.1,595.2,53.8,True
SF09,2026-09-09,06:38,19:28,0.879,0.2918,0.6009,0.1072,1.0,0.8435,0.1528,0.0036,789.6,565.3,85.0,True
SF09,2026-09-10,06:39,19:26,0.546,0.3237,0.5605,0.1158,0.878,0.8933,0.1025,0.0041,849.1,499.2,91.7,True
SF09,2026-09-11,06:40,19:25,0.768,0.1362,0.7345,0.1292,1.0,0.9273,0.0703,0.0024,730.2,609.2,100.4,True
SF09,2026-09-12,06:41,19:23,0.274,0.1044,0.7961,0.0995,0.592,0.7392,0.2504,0.0104,580.7,776.4,82.9,False
SF10,2026-08-31,06:28,19:44,0.042,0.7448,0.2552,0.0,0.395,0.8484,0.1516,0.0,1139.3,300.7,0.0,False
SF10,2026-09-01,06:29,19:42,0.79,0.1901,0.6253,0.1845,0.686,0.8346,0.1557,0.0096,691.0,596.4,152.5,True
SF10,2026-09-02,06:30,19:40,0.85,0.25,0.5931,0.157,1.0,0.7788,0.2133,0.0079,703.8,607.2,129.1,True
SF10,2026-09-03,06:32,19:39,0.821,0.3193,0.5297,0.151,0.999,0.8116,0.178,0.0104,781.2,533.2,125.6,True
SF10,2026-09-04,06:33,19:37,0.928,0.245,0.6347,0.1202,0.925,0.8097,0.1735,0.0168,723.0,611.6,105.3,True
SF10,2026-09-05,06:34,19:35,0.727,0.2119,0.6385,0.1497,1.0,0.8396,0.1514,0.009,718.4,598.7,122.9,True
SF10,2026-09-06,06:35,19:33,0.882,0.1433,0.7227,0.134,0.801,0.8166,0.1703,0.0132,651.5,675.5,113.1,True
SF10,2026-09-07,06:36,19:32,0.862,0.1929,0.668,0.1391,1.0,0.8605,0.1347,0.0049,721.0,607.8,111.2,True
SF10,2026-09-08,06:37,19:30,0.899,0.1893,0.6651,0.1456,0.962,0.8679,0.1269,0.0053,725.0,598.9,116.1,True
SF10,2026-09-09,06:38,19:28,0.876,0.1558,0.7028,0.1414,1.0,0.8513,0.1406,0.0081,690.0,635.6,114.4,True
SF10,2026-09-10,06:39,19:26,0.545,0.1469,0.7348,0.1184,0.867,0.9037,0.0952,0.001,720.4,628.1,91.6,True
SF10,2026-09-11,06:40,19:25,0.835,0.2009,0.6709,0.1282,1.0,0.9335,0.0626,0.0039,783.9,555.4,100.7,True
SF10,2026-09-12,06:41,19:23,0.255,0.3007,0.6036,0.0956,0.592,0.7363,0.2522,0.0115,728.3,630.9,80.6,False
SF11,2026-08-31,06:28,19:44,0.038,0.7623,0.1641,0.0736,0.397,0.9142,0.0858,0.0,1195.6,185.8,58.5,False
SF11,2026-09-01,06:29,19:42,0.792,0.3593,0.5047,0.136,0.709,0.7898,0.1866,0.0236,796.1,520.8,123.1,True
SF11,2026-09-02,06:30,19:40,0.844,0.4287,0.468,0.1033,1.0,0.7936,0.1882,0.0182,854.6,492.0,93.4,True
SF11,2026-09-03,06:32,19:39,0.745,0.3537,0.5152,0.1311,1.0,0.8279,0.1619,0.0102,818.9,511.2,109.9,True
SF11,2026-09-04,06:33,19:37,0.95,0.2907,0.5834,0.1259,0.923,0.8559,0.1303,0.0138,789.2,543.0,107.8,True
SF11,2026-09-05,06:34,19:35,0.847,0.2943,0.569,0.1367,1.0,0.763,0.2087,0.0283,732.4,582.1,125.5,True
SF11,2026-09-06,06:35,19:33,0.799,0.2614,0.6386,0.0999,0.598,0.8064,0.1745,0.0191,736.8,612.7,90.4,True
SF12,2026-08-31,06:28,19:44,0.035,1.0,0.0,0.0,0.397,0.8716,0.1284,0.0,1357.2,82.8,0.0,False
SF12,2026-09-01,06:29,19:42,0.782,0.2846,0.5688,0.1466,0.835,0.6454,0.3334,0.0212,643.4,666.7,129.9,True
SF12,2026-09-02,06:30,19:40,0.822,0.2913,0.577,0.1317,0.601,0.6483,0.3009,0.0508,651.6,651.4,137.1,True
SF12,2026-09-03,06:32,19:39,0.807,0.2891,0.551,0.1599,0.966,0.7572,0.2266,0.0161,721.9,581.6,136.4,True
SF12,2026-09-04,06:33,19:37,0.886,0.2681,0.613,0.1188,0.921,0.8411,0.151,0.0079,761.7,579.8,98.4,True
SF12,2026-09-05,06:34,19:35,0.832,0.211,0.6462,0.1428,1.0,0.7486,0.2316,0.0198,657.8,657.6,124.6,True
SF12,2026-09-06,06:35,19:33,0.875,0.1319,0.7376,0.1305,0.968,0.7774,0.2134,0.0092,616.7,715.6,107.7,True
SF12,2026-09-07,06:36,19:32,0.741,0.1919,0.6663,0.1417,0.597,0.7292,0.2642,0.0066,633.1,692.5,114.3,True
SF12,2026-09-08,06:37,19:30,0.898,0.184,0.6722,0.1437,0.377,0.8934,0.0965,0.0101,738.0,584.1,117.9,False
SF12,2026-09-09,06:38,19:28,0.873,0.2381,0.6493,0.1126,1.0,0.883,0.1122,0.0048,774.7,575.4,90.0,True
SF12,2026-09-10,06:39,19:26,0.576,0.1659,0.6793,0.1548,0.594,0.9237,0.0725,0.0038,748.4,570.2,121.4,True
