animal,session,same_rescaled_metrics,same_thresholds,same_states,n_epochs,n_diff
SF07,10_20260901_234332.691,True,True,True,23939,0
SF07,11_20260902_062241.295,True,True,True,4275,0
SF07,14_20260904_201825.406,True,True,True,44231,0
SF07,14_20260911_191449.075,True,True,True,54597,0
SF07,15_20260902_082418.755,True,True,True,30643,0
SF07,16_20260902_165524.033,True,True,True,4644,0
SF07,1_20260831_185904.795,True,True,True,19289,0
SF07,1_20260907_174716.243,True,True,True,74,0
SF07,2_20260901_002100.939,True,True,True,19206,0
SF07,2_20260903_075114.355,True,True,True,32129,0
SF07,2_20260905_093310.289,True,True,True,13348,0
SF07,2_20260905_184732.855,True,True,True,43595,0
SF07,2_20260907_085247.979,True,True,True,884,0
SF07,2_20260907_174841.816,True,True,True,45144,0
SF07,2_20260909_183802.795,True,True,True,45567,0
SF07,2_20260911_091615.116,True,True,True,33069,0
SF07,3_20260901_054126.846,True,True,True,3296,0
SF07,3_20260902_190047.109,True,True,True,18899,0
SF07,3_20260903_164808.815,True,True,True,1197,0
SF07,3_20260909_090331.016,True,True,True,31917,0
SF07,4_20260901_074925.529,True,True,True,76,0
SF07,4_20260903_001558.656,True,True,True,14538,0
SF07,4_20260906_075426.615,True,True,True,16612,0
SF07,4_20260907_091511.369,True,True,True,27545,0
SF07,5_20260901_075052.875,True,True,True,18213,0
SF07,5_20260908_071513.175,True,True,True,42040,0
SF07,5_20260910_082351.495,True,True,True,22600,0
SF07,6_20260901_125442.165,True,True,True,15436,0
SF07,6_20260903_175144.375,True,True,True,49139,0
SF07,6_20260905_133118.469,True,True,True,16134,0
SF07,6_20260906_132942.035,True,True,True,19873,0
SF07,7_20260901_171210.814,True,True,True,4051,0
SF07,8_20260904_080936.435,True,True,True,19849,0
SF07,8_20260908_193733.435,True,True,True,45514,0
SF07,9_20260901_192912.215,True,True,True,15246,0
SF08,12_20260902_082624.125,True,True,True,74,0
SF08,13_20260902_082748.094,True,True,True,35554,0
SF08,17_20260902_190241.916,True,True,True,39457,0
SF08,18_20260903_060030.122,True,True,True,2649,0
SF08,1_20260831_190229.919,True,True,True,19241,0
SF08,1_20260901_075304.063,True,True,True,18185,0
SF08,1_20260909_181543.715,True,True,True,68,0
SF08,2_20260901_002327.839,True,True,True,11317,0
SF08,2_20260901_125621.840,True,True,True,1917,0
SF08,2_20260903_075352.907,True,True,True,29050,0
SF08,2_20260903_175453.625,True,True,True,49127,0
SF08,2_20260905_093534.819,True,True,True,30486,0
SF08,2_20260905_185104.563,True,True,True,43468,0
SF08,2_20260907_085534.719,True,True,True,28812,0
SF08,2_20260907_175113.385,True,True,True,45528,0
SF08,2_20260909_090608.006,True,True,True,31885,0
SF08,2_20260910_210245.604,True,True,True,39880,0
SF08,3_20260901_054222.420,True,True,True,123,0
SF08,3_20260901_151059.837,True,True,True,190,0
SF08,3_20260903_160306.510,True,True,True,1478,0
SF08,3_20260909_185036.554,True,True,True,45065,0
SF08,3_20260911_091931.245,True,True,True,32659,0
SF08,4_20260901_152951.697,True,True,True,6211,0
SF08,4_20260904_081205.535,True,True,True,40705,0
SF08,5_20260901_171339.094,True,True,True,4008,0
SF08,5_20260908_071754.325,True,True,True,41780,0
SF08,5_20260911_191715.923,True,True,True,54597,0
SF08,6_20260906_075927.555,True,True,True,39780,0
SF08,6_20260910_082629.685,True,True,True,22513,0
SF08,7_20260901_193109.475,True,True,True,14443,0
SF08,7_20260904_202056.765,True,True,True,44176,0
SF08,8_20260901_233239.239,True,True,True,24699,0
SF08,8_20260908_193958.035,True,True,True,45471,0
SF08,9_20260902_062432.012,True,True,True,3938,0
SF08,9_20260906_194333.465,True,True,True,44663,0
SF09,0_20260831_190404.508,True,True,True,65,0
SF09,10_20260902_083015.335,True,True,True,30481,0
SF09,11_20260902_165826.634,True,True,True,4530,0
SF09,11_20260906_194634.836,True,True,True,44564,0
SF09,15_20260902_190508.575,True,True,True,18789,0
SF09,15_20260910_204912.017,True,True,True,40778,0
SF09,16_20260903_001828.515,True,True,True,23290,0
SF09,17_20260911_191947.524,True,True,True,54493,0
SF09,1_20260901_075532.964,True,True,True,18113,0
SF09,1_20260907_085726.079,True,True,True,65,0
SF09,2_20260901_125743.131,True,True,True,15418,0
SF09,2_20260903_075655.297,True,True,True,31367,0
SF09,2_20260907_085841.028,True,True,True,28703,0
SF09,2_20260909_090835.027,True,True,True,31828,0
SF09,2_20260909_184248.375,True,True,True,45453,0
SF09,2_20260911_092224.167,True,True,True,29614,0
SF09,3_20260831_190834.640,True,True,True,18982,0
SF09,3_20260901_171502.588,True,True,True,3970,0
SF09,3_20260903_175840.384,True,True,True,47739,0
SF09,3_20260905_094705.608,True,True,True,29878,0
SF09,3_20260905_185422.206,True,True,True,43475,0
SF09,3_20260907_175435.676,True,True,True,45062,0
SF09,4_20260901_002514.385,True,True,True,11352,0
SF09,5_20260901_054317.203,True,True,True,75,0
SF09,5_20260901_193330.365,True,True,True,13742,0
SF09,5_20260904_081426.496,True,True,True,40687,0
SF09,6_20260901_232245.983,True,True,True,25382,0
SF09,6_20260908_072057.385,True,True,True,41785,0
SF09,6_20260910_082858.156,True,True,True,22670,0
SF09,7_20260902_062601.722,True,True,True,3803,0
SF09,7_20260906_080216.656,True,True,True,39780,0
SF09,8_20260904_202324.405,True,True,True,44116,0
SF09,9_20260908_194312.545,True,True,True,45355,0
SF10,10_20260902_170101.421,True,True,True,4445,0
SF10,11_20260911_192207.153,True,True,True,52391,0
SF10,12_20260908_194550.363,True,True,True,45281,0
SF10,13_20260902_190711.525,True,True,True,19086,0
SF10,14_20260903_002530.902,True,True,True,19834,0
SF10,15_20260903_055614.833,True,True,True,3103,0
SF10,1_20260831_191045.259,True,True,True,2685,0
SF10,1_20260901_080143.036,True,True,True,17817,0
SF10,1_20260903_180043.639,True,True,True,89,0
SF10,2_20260831_195630.973,True,True,True,16219,0
SF10,2_20260901_125856.163,True,True,True,15428,0
SF10,2_20260903_075920.109,True,True,True,32027,0
SF10,2_20260903_180222.843,True,True,True,48094,0
SF10,2_20260905_185709.365,True,True,True,32696,0
SF10,2_20260909_091105.736,True,True,True,31765,0
SF10,2_20260909_184517.395,True,True,True,45208,0
SF10,2_20260911_092441.104,True,True,True,32468,0
SF10,3_20260901_171620.845,True,True,True,3932,0
SF10,3_20260906_055804.599,True,True,True,3735,0
SF10,4_20260901_002730.117,True,True,True,9591,0
SF10,4_20260907_090135.869,True,True,True,28699,0
SF10,4_20260910_083040.133,True,True,True,64,0
SF10,5_20260901_193554.435,True,True,True,14595,0
SF10,5_20260904_081730.895,True,True,True,40630,0
SF10,5_20260907_175744.885,True,True,True,44951,0
SF10,5_20260910_083157.853,True,True,True,22739,0
SF10,6_20260901_233920.182,True,True,True,28026,0
SF10,6_20260906_080449.175,True,True,True,39721,0
SF10,7_20260905_093927.479,True,True,True,30436,0
SF10,8_20260908_072352.245,True,True,True,41690,0
SF10,9_20260902_083247.835,True,True,True,30483,0
SF10,9_20260904_202620.386,True,True,True,37813,0
SF10,9_20260906_194921.983,True,True,True,44584,0
SF10,9_20260910_205611.775,True,True,True,40718,0
SF11,12_20260902_083534.755,True,True,True,30534,0
SF11,12_20260904_202856.246,True,True,True,44027,0
SF11,12_20260906_195111.187,True,True,True,70,0
SF11,13_20260902_170443.451,True,True,True,4174,0
SF11,17_20260902_190852.526,True,True,True,38684,0
SF11,18_20260903_055348.084,True,True,True,3589,0
SF11,1_20260831_191341.611,True,True,True,18909,0
SF11,2_20260901_002906.850,True,True,True,10365,0
SF11,2_20260901_075919.035,True,True,True,18258,0
SF11,2_20260905_185931.246,True,True,True,43344,0
SF11,3_20260901_130404.084,True,True,True,15213,0
SF11,3_20260903_080159.850,True,True,True,28371,0
SF11,3_20260903_180527.746,True,True,True,81,0
SF11,3_20260905_094205.930,True,True,True,19203,0
SF11,4_20260901_171752.763,True,True,True,3887,0
SF11,4_20260903_155503.475,True,True,True,637,0
SF11,4_20260903_180700.416,True,True,True,49796,0
SF11,5_20260906_080735.254,True,True,True,15896,0
SF11,6_20260906_132454.539,True,True,True,380,0
SF11,7_20260901_193749.076,True,True,True,13609,0
SF11,7_20260904_082050.456,True,True,True,19234,0
SF11,7_20260905_151133.499,True,True,True,10607,0
SF11,8_20260901_232454.815,True,True,True,25792,0
SF11,9_20260902_063458.913,True,True,True,3156,0
SF11,9_20260904_135650.425,True,True,True,20480,0
SF11,9_20260906_133337.885,True,True,True,19813,0
SF12,0_20260901_080334.683,True,True,True,18513,0
SF12,0_20260911_093859.455,True,True,True,73,0
SF12,10_20260906_195502.355,True,True,True,44344,0
SF12,11_20260902_083748.804,True,True,True,34988,0
SF12,15_20260903_002228.142,True,True,True,23350,0
SF12,15_20260910_210518.445,True,True,True,40731,0
SF12,17_20260911_192428.023,True,True,True,52235,0
SF12,1_20260901_131223.398,True,True,True,14803,0
SF12,1_20260905_094345.171,True,True,True,59,0
SF12,1_20260907_090326.668,True,True,True,62,0
SF12,2_20260831_191613.417,True,True,True,18863,0
SF12,2_20260901_171924.960,True,True,True,3851,0
SF12,2_20260905_094454.579,True,True,True,29820,0
SF12,2_20260907_090439.409,True,True,True,28617,0
SF12,2_20260907_180003.285,True,True,True,44912,0
SF12,2_20260909_091353.804,True,True,True,31680,0
SF12,2_20260909_184027.605,True,True,True,365,0
SF12,2_20260911_094554.396,True,True,True,99,0
SF12,3_20260901_003050.862,True,True,True,16004,0
SF12,3_20260903_080924.473,True,True,True,31562,0
SF12,3_20260903_180935.835,True,True,True,46199,0
SF12,3_20260905_190131.729,True,True,True,60,0
SF12,4_20260901_054714.722,True,True,True,108,0
SF12,4_20260901_194535.925,True,True,True,65,0
SF12,4_20260905_190240.835,True,True,True,42856,0
SF12,4_20260909_184750.985,True,True,True,46510,0
SF12,5_20260904_082836.973,True,True,True,40273,0
SF12,5_20260908_072624.615,True,True,True,41649,0
SF12,6_20260901_195621.144,True,True,True,12614,0
SF12,7_20260901_232651.122,True,True,True,25406,0
SF12,7_20260906_080951.055,True,True,True,39581,0
SF12,8_20260902_063032.282,True,True,True,4011,0
SF12,8_20260904_203130.725,True,True,True,43363,0
SF12,8_20260908_194824.915,True,True,True,45214,0
SF12,8_20260910_083507.425,True,True,True,22716,0
