animal,hour,seconds,f_WAKE,f_NREM,f_REM,rem_share_of_sleep
SF07,0,21561,0.76912017067854,0.22600992532813877,0.004869903993321274,0.02109280835676979
SF07,1,21600,0.8380092592592593,0.15347222222222223,0.008518518518518519,0.05258645327236353
SF07,2,21600,0.9257407407407408,0.0724074074074074,0.001851851851851852,0.02493765586034913
SF07,3,21600,0.7949074074074074,0.1950925925925926,0.01,0.04875846501128668
SF07,4,19097,0.9334450437241452,0.06655495627585485,0.0,0.0
SF07,5,17980,0.7661290322580645,0.2311457174638487,0.002725250278086763,0.01165279429250892
SF07,6,16221,0.36687010665187103,0.6053880771838974,0.02774181616423155,0.043816942551119765
SF07,7,8886,0.25376997524195366,0.7138194913346838,0.03241053342336259,0.043432363142814054
SF07,8,18101,0.34876526158775756,0.5877575824540081,0.06347715595823435,0.09747200542925007
SF07,9,19609,0.20505890152481004,0.6827477178846448,0.11219338059054516,0.1411342057993328
SF07,10,21600,0.25069444444444444,0.6386111111111111,0.11069444444444444,0.14772937905468025
SF07,11,21600,0.1724537037037037,0.6961111111111111,0.13143518518518518,0.15882517482517483
SF07,12,19862,0.21186184674252342,0.6472661363407511,0.1408720169167254,0.1787402580810017
SF07,13,17703,0.30384680562616506,0.6081455120601028,0.08800768231373214,0.12641999350860111
SF07,14,18000,0.14944444444444444,0.7098888888888889,0.14066666666666666,0.16538210320052255
SF07,15,18000,0.18855555555555556,0.7024444444444444,0.109,0.13432835820895522
SF07,16,17181,0.22286246435015425,0.6311041266515337,0.14603340899831208,0.18791192330736967
SF07,17,14883,0.16757374185312102,0.7225693744540751,0.10985688369280387,0.13197191056582452
SF07,18,9966,0.40989363837045956,0.5591009432069035,0.031005418422636967,0.052542084679476284
SF07,19,16255,0.8096585665948939,0.1715164564749308,0.01882497693017533,0.0989010989010989
SF07,20,20494,0.9821411144725285,0.017858885527471453,0.0,0.0
SF07,21,21600,0.9747685185185185,0.025231481481481483,0.0,0.0
SF07,22,21600,0.8890740740740741,0.10898148148148148,0.0019444444444444444,0.017529215358931552
SF07,23,21586,0.8529139256925785,0.1351338830723617,0.01195219123505976,0.08125984251968504
SF08,0,21583,0.8606773849789185,0.13385534911736088,0.005467265903720521,0.0392417692051879
SF08,1,21600,0.8228703703703704,0.1764351851851852,0.0006944444444444445,0.003920543648719289
SF08,2,21600,0.8719444444444444,0.12717592592592591,0.0008796296296296296,0.006869125090383226
SF08,3,19925,0.8255457967377666,0.16095357590966122,0.013500627352572146,0.07738780207134638
SF08,4,18000,0.9050555555555555,0.0925,0.0024444444444444444,0.025746050321825628
SF08,5,18000,0.6859444444444445,0.30044444444444446,0.01361111111111111,0.04333981956483283
SF08,6,16787,0.37445642461428486,0.5553106570560553,0.07023291832965986,0.11227502142653081
SF08,7,8246,0.29420325006063547,0.6236963376182392,0.08210041232112539,0.11632302405498281
SF08,8,17838,0.36775423253727996,0.5525843704451172,0.07966139701760287,0.12599751729029968
SF08,9,19465,0.1708707937323401,0.6424865142563576,0.18664269201130235,0.22510688394572154
SF08,10,21600,0.26717592592592593,0.5881944444444445,0.14462962962962964,0.19735927727588604
SF08,11,21600,0.21384259259259258,0.6231481481481481,0.16300925925925927,0.20734939049525944
SF08,12,21588,0.2853900314989809,0.5535482675560497,0.16106170094496944,0.22538406689570234
SF08,13,19699,0.1844763693588507,0.6311995532768161,0.1843240773643332,0.2260192966075319
SF08,14,18000,0.15811111111111112,0.657,0.18488888888888888,0.2196119836346839
SF08,15,19691,0.19572393479254482,0.6387181961302117,0.1655578690772434,0.20584706699501168
SF08,16,18000,0.1991111111111111,0.6098888888888889,0.191,0.23848501664816868
SF08,17,18289,0.23150527639564766,0.5893706599595385,0.1791240636448138,0.23308431163287086
SF08,18,14007,0.5336617405582923,0.4172199614478475,0.049118297993860215,0.10532761788120025
SF08,19,18783,0.8139807272533675,0.18218601927274664,0.003833253473885961,0.0206067544361763
SF08,20,23943,0.9971599214801821,0.0028400785198179007,0.0,0.0
SF08,21,25200,0.9110714285714285,0.08892857142857143,0.0,0.0
SF08,22,25200,0.9112698412698412,0.08873015873015873,0.0,0.0
SF08,23,25153,0.8393829761857432,0.15862918936111,0.001987834453146742,0.012376237623762377
SF09,0,21571,0.7638032543692921,0.23420332854295117,0.0019934170877567103,0.008439646712463198
SF09,1,21600,0.8534259259259259,0.13745370370370372,0.00912037037037037,0.0622236260265319
SF09,2,21600,0.8230555555555555,0.16087962962962962,0.016064814814814816,0.09079016221873366
SF09,3,20067,0.9936213684158071,0.006378631584192954,0.0,0.0
SF09,4,18000,0.8945555555555555,0.09361111111111112,0.011833333333333333,0.11222339304531084
SF09,5,18000,0.9354444444444444,0.059,0.005555555555555556,0.08605851979345956
SF09,6,17123,0.2839455702855808,0.6462652572563219,0.06978917245809729,0.09746350216132453
SF09,7,6676,0.22887956860395448,0.640503295386459,0.13061713600958658,0.16938616938616938
SF09,8,17501,0.3003256956745329,0.6062510713673505,0.09342323295811668,0.13352388730093914
SF09,9,18774,0.18770640247150314,0.6700756365185896,0.14221796100990733,0.17508196721311475
SF09,10,21600,0.21680555555555556,0.6398611111111111,0.14333333333333334,0.18301117219365137
SF09,11,21600,0.1798611111111111,0.6678240740740741,0.15231481481481482,0.18571831780976575
SF09,12,21582,0.24756741729218792,0.6680103790195533,0.08442220368825873,0.11219902703368434
SF09,13,21600,0.2674537037037037,0.6100925925925926,0.1224537037037037,0.16716172660051823
SF09,14,21600,0.21518518518518517,0.6356944444444445,0.14912037037037038,0.1900070788107598
SF09,15,21600,0.29180555555555554,0.6070833333333333,0.10111111111111111,0.14277309276328692
SF09,16,20373,0.1984489275020861,0.6695626564570756,0.13198841604083836,0.16466625842008573
SF09,17,18058,0.21087606600952485,0.6266474692656994,0.16247646472477573,0.20589473684210527
SF09,18,13551,0.38890118810419894,0.5240203675005535,0.08707844439524759,0.14249486776959305
SF09,19,18241,0.8761032838111945,0.10936900389233047,0.014527712296474975,0.11725663716814161
SF09,20,23795,0.991300693422988,0.008699306577011977,0.0,0.0
SF09,21,25200,0.9338888888888889,0.0661111111111111,0.0,0.0
SF09,22,25200,0.7823412698412698,0.21765873015873016,0.0,0.0
SF09,23,25187,0.8020804383213562,0.1936713383888514,0.004248223289792353,0.021464393179538615
SF10,0,21546,0.7219437482595378,0.25549986076301867,0.022556390977443608,0.08112168252378567
SF10,1,21600,0.9426851851851852,0.05731481481481481,0.0,0.0
SF10,2,21600,0.6943981481481482,0.2810648148148148,0.024537037037037038,0.08029086502045145
SF10,3,18442,0.782561544301052,0.18517514369374255,0.03226331200520551,0.1483790523690773
SF10,4,14526,0.8203221809169765,0.17203634861627426,0.007641470466749277,0.04252873563218391
SF10,5,14505,0.8719062392278525,0.12271630472250948,0.005377456049638056,0.04198062432723358
SF10,6,17072,0.3850164011246485,0.5653701968134958,0.04961340206185567,0.08067434993808933
SF10,7,3083,0.2004541031462861,0.6698021407719753,0.12974375608173858,0.1622718052738337
SF10,8,14587,0.30520326317954344,0.607664358675533,0.08713237814492356,0.125407005426739
SF10,9,19232,0.10342138103161398,0.7189059900166389,0.1776726289517471,0.19816737226700692
SF10,10,21600,0.19055555555555556,0.6568981481481482,0.1525462962962963,0.18845801876000914
SF10,11,21600,0.17555555555555555,0.67375,0.15069444444444444,0.18278301886792453
SF10,12,21584,0.23438658265381765,0.5936805040770942,0.17193291326908822,0.22456883509833586
SF10,13,21600,0.17625,0.6711574074074074,0.15259259259259259,0.18524138706232787
SF10,14,21600,0.16305555555555556,0.6603703703703704,0.17657407407407408,0.21097466533908618
SF10,15,21600,0.17722222222222223,0.6437962962962963,0.1789814814814815,0.21753319828944406
SF10,16,21188,0.1914763073437795,0.6287521238436851,0.1797715688125354,0.2223454556067947
SF10,17,17973,0.21465531630779502,0.6276637177989206,0.15768096589328437,0.20077931278781438
SF10,18,13451,0.41446732584937923,0.5037543677050034,0.08177830644561743,0.13966480446927373
SF10,19,17837,0.7775410663228122,0.2055278353983293,0.016931098278858553,0.07610887096774194
SF10,20,23619,0.9950463609805665,0.004953639019433507,0.0,0.0
SF10,21,25200,0.9263888888888889,0.07361111111111111,0.0,0.0
SF10,22,25200,0.6669444444444445,0.3238888888888889,0.009166666666666667,0.027522935779816515
SF10,23,25189,0.8813767914565882,0.11453412203739728,0.00408908650601453,0.034471218206157964
SF11,0,21584,0.7105726464047443,0.24819310600444774,0.04123424759080801,0.14246838482471588
SF11,1,21600,0.9103703703703704,0.08273148148148148,0.006898148148148148,0.07696280991735537
SF11,2,21600,0.7707407407407407,0.19541666666666666,0.03384259259259259,0.14761712439418417
SF11,3,19312,0.7916839270919636,0.1853251864125932,0.022990886495443248,0.11036539895600297
SF11,4,18000,0.8342222222222222,0.15744444444444444,0.008333333333333333,0.05026809651474531
SF11,5,17988,0.7530020013342228,0.2312096953524572,0.01578830331331999,0.06392077425163178
SF11,6,17606,0.36902192434397363,0.5374872202658185,0.09349085539020788,0.14816815194887026
SF11,7,8828,0.5166515632079747,0.427616674218396,0.05573176257362936,0.11530349191469416
SF11,8,16602,0.36549813275508974,0.5278279725334297,0.10667389471148055,0.16812227074235805
SF11,9,19074,0.23608052846807173,0.6112509174792912,0.1526685540526371,0.19984901516711276
SF11,10,21600,0.3238888888888889,0.5641203703703703,0.11199074074074074,0.1656395508079978
SF11,11,21600,0.275,0.5515277777777777,0.17347222222222222,0.239272030651341
SF11,12,19952,0.22173215717722533,0.6467020850040096,0.13156575781876503,0.16904945904173108
SF11,13,18629,0.3520854581566375,0.5383541789682753,0.10956036287508723,0.16909693454846728
SF11,14,21600,0.2801851851851852,0.5951388888888889,0.12467592592592593,0.1732055569848212
SF11,15,20726,0.28572807102190484,0.5730483450738203,0.14122358390427484,0.19771683328830048
SF11,16,18000,0.31805555555555554,0.5271111111111111,0.15483333333333332,0.2270468431771894
SF11,17,17970,0.29254312743461325,0.5943238731218697,0.11313299944351697,0.15991504758908207
SF11,18,13126,0.4548986743867134,0.45893646198384885,0.08616486362943776,0.1580712788259958
SF11,19,16897,0.8980884180623779,0.07687755222820619,0.025034029709415873,0.2456445993031359
SF11,20,19863,0.9983386195438756,0.0016613804561244525,0.0,0.0
SF11,21,21600,0.9512037037037037,0.04611111111111111,0.002685185185185185,0.05502846299810246
SF11,22,21600,0.805787037037037,0.1938425925925926,0.00037037037037037035,0.001907032181168057
SF11,23,21584,0.7177538917716827,0.2704781319495923,0.011767976278724982,0.04169402495075508
SF12,0,20237,0.6861194841132578,0.2976231654889559,0.016257350397786235,0.05179471032745592
SF12,1,21600,0.6936574074074074,0.27194444444444443,0.03439814814814815,0.11228653468339128
SF12,2,21600,0.6789351851851851,0.2898148148148148,0.03125,0.09733237202595531
SF12,3,21600,0.7925462962962962,0.18217592592592594,0.025277777777777777,0.12184780182994866
SF12,4,21455,0.7827546026567234,0.20741085993940805,0.009834537403868563,0.04526925552456555
SF12,5,18000,0.7001666666666667,0.2873888888888889,0.012444444444444444,0.041504539559014265
SF12,6,17276,0.30400555684186154,0.6105001157675388,0.08549432739059967,0.12283765801729872
SF12,7,5844,0.3317932922655715,0.5308008213552361,0.13740588637919232,0.20563380281690138
SF12,8,14696,0.35492651061513336,0.5681818181818182,0.07689167120304845,0.11919831223628692
SF12,9,18905,0.13673631314467072,0.7311293308648505,0.1321343559904787,0.1530637254901961
SF12,10,21600,0.23328703703703704,0.6179629629629629,0.14875,0.19401002354930255
SF12,11,21600,0.2285648148148148,0.6210648148148148,0.15037037037037038,0.19492288303426755
SF12,12,21600,0.16810185185185186,0.6755092592592593,0.15638888888888888,0.18799042795926316
SF12,13,21584,0.21182357301704965,0.6398721275018532,0.1483042994810971,0.18816129790735953
SF12,14,21600,0.2374537037037037,0.6164814814814815,0.14606481481481481,0.1915487827090037
SF12,15,21600,0.15527777777777776,0.6718518518518518,0.17287037037037037,0.204647593993204
SF12,16,21327,0.16303277535518357,0.6741688938903737,0.16279833075444272,0.19450980392156864
SF12,17,17982,0.2687131576020465,0.5856968079190301,0.14559003447892338,0.1990874524714829
SF12,18,13012,0.4164617276360283,0.49654165385797727,0.08699661850599447,0.1490846832608982
SF12,19,13143,0.9266529711633569,0.06543407136878947,0.00791295746785361,0.10788381742738588
SF12,20,19709,0.989446445786189,0.01055355421381095,0.0,0.0
SF12,21,21600,0.9380555555555555,0.06194444444444445,0.0,0.0
SF12,22,21600,0.6445833333333333,0.34032407407407406,0.015092592592592593,0.042464504363683736
SF12,23,21584,0.7507412898443291,0.23823202372127503,0.011026686434395848,0.044237918215613375
