animal,logger_mac,session,slot,start_local,end_local,duration_s,duration_hms,firmware,hw,provenance,deglitch_required,commit_risk,measured_verdict,regime,regime_by_window,ticks_per_s,tick_removal_frac,raw_std_median_adc,glitch_samples_per_s,glitch_pct_samples,probe_seconds,probe_windows,noise_uV_median,bad_channel_candidates,fs,n_channels,n_samples,amplifier_gb,rtc_start,rtc_agrees_with_folder,has_info_rhd,time_dat_ok,analogin_ok,sd_capacity_kb,error_code,notes,path
SF10,CACB6D600151,0_20260831_070700.822,0,2026-08-31 07:07:00.822,2026-08-31 07:17:18,617.843,0:10:18,62,12,FM62: stop-only commit (session exists only after a clean Record Stop) + glitch defects A/B,True,stop-only commit (session exists only after a clean Record Stop),glitchy,normal,"normal,normal,normal,normal,normal",2447.17,1.0,1440.0,4722.13,0.3689,30.0,5,10.12,2 6 32 34,20000,64,12356864,1.582,2026-08-31 07:07:00,True,True,True,True,1001390080,65536,,E:\3rd_rat_spikes\SF10\CACB6D600151\0_20260831_070700.822
SF10,CACB6D600151,1_20260831_071948.008,1,2026-08-31 07:19:48.008,2026-08-31 11:26:40,14812.595,4:06:53,62,12,FM62: stop-only commit (session exists only after a clean Record Stop) + glitch defects A/B,True,stop-only commit (session exists only after a clean Record Stop),glitchy,normal,"normal,normal,normal,normal,normal",2004.87,1.0,1250.0,5032.33,0.3932,30.0,5,10.18,2 6 32 34 56,20000,64,296251904,37.92,2026-08-31 07:19:48,True,True,True,True,1001390080,65536,,E:\3rd_rat_spikes\SF10\CACB6D600151\1_20260831_071948.008
SF10,CACB6D600151,0_20260831_190956.580,0,2026-08-31 19:09:56.580,2026-08-31 19:10:32,35.482,0:00:35,64,12,FM64: glitch defects A/B (~100-1400 ticks/s summed over 64 ch); stop-only commit,True,stop-only commit (session exists only after a clean Record Stop),glitchy,normal,"normal,normal,normal,normal,normal",698.57,1.0,1194.0,1888.5,0.1475,30.0,5,8.24,2 6 32 34 62 63,20000,64,709632,0.091,2026-08-31 19:09:56,True,True,True,True,250347520,65536,,E:\3rd_rat_spikes\SF10\CACB6D600151\0_20260831_190956.580
SF10,CACB6D600151,1_20260831_191045.259,1,2026-08-31 19:10:45.259,2026-08-31 19:55:31,2686.362,0:44:46,64,12,FM64: glitch defects A/B (~100-1400 ticks/s summed over 64 ch); stop-only commit,True,stop-only commit (session exists only after a clean Record Stop),glitchy,normal,"normal,normal,normal,normal,normal",1886.63,1.0,1246.0,4176.97,0.3263,30.0,5,11.09,6 32 34,20000,64,53727232,6.877,2026-08-31 19:10:45,True,True,True,True,250347520,65536,,E:\3rd_rat_spikes\SF10\CACB6D600151\1_20260831_191045.259
SF10,CACB6D600151,2_20260831_195630.973,2,2026-08-31 19:56:30.973,2026-09-01 00:26:51,16220.979,4:30:21,64,12,FM64: glitch defects A/B (~100-1400 ticks/s summed over 64 ch); stop-only commit,True,stop-only commit (session exists only after a clean Record Stop),glitchy,normal,"normal,normal,normal,normal,normal",1804.93,1.0,1320.0,4128.23,0.3225,30.0,5,9.77,2 32 34 56,20000,64,324419584,41.526,2026-08-31 19:56:30,True,True,True,True,250347520,65536,,E:\3rd_rat_spikes\SF10\CACB6D600151\2_20260831_195630.973
SF10,CACB6D600151,3_20260901_002703.626,3,2026-09-01 00:27:03.626,2026-09-01 00:27:09,5.402,0:00:05,64,12,FM64: glitch defects A/B (~100-1400 ticks/s summed over 64 ch); stop-only commit,True,stop-only commit (session exists only after a clean Record Stop),glitchy,normal,normal,367.48,1.0,608.0,1730.23,0.1352,5.4,1,9.0,2 32 34 56,20000,64,108032,0.014,2026-09-01 00:27:03,True,True,True,True,250347520,65536,,E:\3rd_rat_spikes\SF10\CACB6D600151\3_20260901_002703.626
SF10,CACB6D600151,4_20260901_002730.117,4,2026-09-01 00:27:30.117,2026-09-01 03:07:22,9592.038,2:39:52,64,12,FM64: glitch defects A/B (~100-1400 ticks/s summed over 64 ch); stop-only commit,True,stop-only commit (session exists only after a clean Record Stop),glitchy,normal,"normal,normal,normal,normal,normal",2068.37,1.0,1295.0,4424.57,0.3457,30.0,5,10.23,2 32 34 56,20000,64,191840768,24.556,2026-09-01 00:27:30,True,True,True,True,250347520,65536,,E:\3rd_rat_spikes\SF10\CACB6D600151\4_20260901_002730.117
SF10,CACB6D600151,5_20260901_054403.494,5,2026-09-01 05:44:03.494,2026-09-01 05:44:53,49.997,0:00:50,64,12,FM64: glitch defects A/B (~100-1400 ticks/s summed over 64 ch); stop-only commit,True,stop-only commit (session exists only after a clean Record Stop),glitchy,normal,"normal,normal,normal,normal,normal",558.5,0.996,671.0,2498.6,0.1952,30.0,5,8.71,32 34 60 62,20000,64,999936,0.128,2026-09-01 05:44:03,True,True,True,True,250347520,65536,,E:\3rd_rat_spikes\SF10\CACB6D600151\5_20260901_054403.494
SF11,1DFE7F77721C,0_20260831_072408.414,0,2026-08-31 07:24:08.414,2026-08-31 07:57:36,2008.422,0:33:28,62,12,FM62: stop-only commit (session exists only after a clean Record Stop) + glitch defects A/B,True,stop-only commit (session exists only after a clean Record Stop),glitchy+broadband,broadband,"broadband,normal,wide-impulse,wide-impulse,normal",54897.97,0.245,5302.0,10566.87,0.8255,30.0,5,8.67,38 39 43 52 54 56 58 59 61,20000,64,40168448,5.142,2026-08-31 07:24:08,True,True,True,True,1000144896,65536,BROADBAND noise blow-up (raw std > 2500 ADC): hardware/handling regime; QC before use,E:\3rd_rat_spikes\SF11\1DFE7F77721C\0_20260831_072408.414
SF11,1DFE7F77721C,0_20260831_191252.932,0,2026-08-31 19:12:52.932,2026-08-31 19:13:31,38.707,0:00:39,64,12,FM64: glitch defects A/B (~100-1400 ticks/s summed over 64 ch); stop-only commit,True,stop-only commit (session exists only after a clean Record Stop),glitchy,normal,"normal,normal,normal,normal,normal",204.07,1.0,1394.0,712.17,0.0556,30.0,5,8.18,,20000,64,774144,0.099,2026-08-31 19:12:52,True,True,True,True,246947840,65536,,E:\3rd_rat_spikes\SF11\1DFE7F77721C\0_20260831_191252.932
SF11,1DFE7F77721C,1_20260831_191341.611,1,2026-08-31 19:13:41.611,2026-09-01 00:28:51,18910.003,5:15:10,64,12,FM64: glitch defects A/B (~100-1400 ticks/s summed over 64 ch); stop-only commit,True,stop-only commit (session exists only after a clean Record Stop),glitchy,normal,"normal,normal,normal,normal,normal",319.2,1.0,1472.0,983.73,0.0769,30.0,5,11.14,,20000,64,378200064,48.41,2026-08-31 19:13:41,True,True,True,True,246947840,65536,,E:\3rd_rat_spikes\SF11\1DFE7F77721C\1_20260831_191341.611
SF11,1DFE7F77721C,2_20260901_002906.850,2,2026-09-01 00:29:06.850,2026-09-01 03:21:53,10366.95,2:52:47,64,12,FM64: glitch defects A/B (~100-1400 ticks/s summed over 64 ch); stop-only commit,True,stop-only commit (session exists only after a clean Record Stop),glitchy,normal,"normal,normal,normal,normal,normal",507.03,1.0,1657.0,1303.37,0.1018,30.0,5,12.04,,20000,64,207339008,26.539,2026-09-01 00:29:06,True,True,True,True,246947840,65536,,E:\3rd_rat_spikes\SF11\1DFE7F77721C\2_20260901_002906.850
SF11,1DFE7F77721C,3_20260901_054537.933,3,2026-09-01 05:45:37.933,2026-09-01 05:46:36,58.355,0:00:58,64,12,FM64: glitch defects A/B (~100-1400 ticks/s summed over 64 ch); stop-only commit,True,stop-only commit (session exists only after a clean Record Stop),glitchy,normal,"normal,normal,normal,normal,normal",141.03,1.0,585.0,681.77,0.0533,30.0,5,9.07,32 56 60,20000,64,1167104,0.149,2026-09-01 05:45:37,True,True,True,True,246947840,65536,,E:\3rd_rat_spikes\SF11\1DFE7F77721C\3_20260901_054537.933
SF11,1DFE7F77721C,4_20260901_054836.484,4,2026-09-01 05:48:36.484,2026-09-01 05:48:47,10.726,0:00:11,64,12,FM64: glitch defects A/B (~100-1400 ticks/s summed over 64 ch); stop-only commit,True,stop-only commit (session exists only after a clean Record Stop),glitchy,normal,normal,97.24,1.0,600.0,537.83,0.042,10.73,1,11.01,32 56 60,20000,64,214528,0.027,2026-09-01 05:48:36,True,True,True,True,246947840,65536,,E:\3rd_rat_spikes\SF11\1DFE7F77721C\4_20260901_054836.484
SF11,1DFE7F77721C,5_20260901_054906.988,5,2026-09-01 05:49:06.988,2026-09-01 05:49:17,10.893,0:00:11,64,12,FM64: glitch defects A/B (~100-1400 ticks/s summed over 64 ch); stop-only commit,True,stop-only commit (session exists only after a clean Record Stop),glitchy,normal,normal,138.44,1.0,617.0,559.82,0.0437,10.89,1,11.2,32 56 60 62,20000,64,217856,0.028,2026-09-01 05:49:06,True,True,True,True,246947840,65536,,E:\3rd_rat_spikes\SF11\1DFE7F77721C\5_20260901_054906.988
SF12,FBED2F2321B1,0_20260831_070947.667,0,2026-08-31 07:09:47.667,2026-08-31 07:10:24,37.094,0:00:37,62,12,FM62: stop-only commit (session exists only after a clean Record Stop) + glitch defects A/B,True,stop-only commit (session exists only after a clean Record Stop),glitchy,normal,"normal,normal,normal,normal,normal",536.37,1.0,921.0,1904.43,0.1488,30.0,5,13.04,58 60,20000,64,741888,0.095,2026-08-31 07:09:47,True,True,True,True,1000144896,65536,,E:\3rd_rat_spikes\SF12\FBED2F2321B1\0_20260831_070947.667
SF12,FBED2F2321B1,1_20260831_071033.005,1,2026-08-31 07:10:33.005,2026-08-31 07:18:29,476.275,0:07:56,62,12,FM62: stop-only commit (session exists only after a clean Record Stop) + glitch defects A/B,True,stop-only commit (session exists only after a clean Record Stop),glitchy+broadband,broadband,"wide-impulse,broadband,normal,broadband,normal",24440.47,0.389,4763.0,8589.73,0.6711,30.0,5,7.98,,20000,64,9525504,1.219,2026-08-31 07:10:33,True,True,True,True,1000144896,65536,BROADBAND noise blow-up (raw std > 2500 ADC): hardware/handling regime; QC before use,E:\3rd_rat_spikes\SF12\FBED2F2321B1\1_20260831_071033.005
SF12,FBED2F2321B1,2_20260831_071845.540,2,2026-08-31 07:18:45.540,2026-08-31 11:27:26,14921.318,4:08:41,62,12,FM62: stop-only commit (session exists only after a clean Record Stop) + glitch defects A/B,True,stop-only commit (session exists only after a clean Record Stop),glitchy+broadband,broadband,"broadband,normal,normal,normal,broadband",15905.97,0.231,3460.0,5972.33,0.4666,30.0,5,7.85,,20000,64,298426368,38.199,2026-08-31 07:18:45,True,True,True,True,1000144896,65536,BROADBAND noise blow-up (raw std > 2500 ADC): hardware/handling regime; QC before use,E:\3rd_rat_spikes\SF12\FBED2F2321B1\2_20260831_071845.540
SF12,FBED2F2321B1,1_20260831_191521.024,1,2026-08-31 19:15:21.024,2026-08-31 19:15:56,35.776,0:00:36,64,12,FM64: glitch defects A/B (~100-1400 ticks/s summed over 64 ch); stop-only commit,True,stop-only commit (session exists only after a clean Record Stop),glitchy,normal,"normal,normal,normal,normal,normal",177.5,0.999,795.0,522.1,0.0408,30.0,5,10.63,,20000,64,715520,0.092,2026-08-31 19:15:21,True,True,True,True,250347520,65536,,E:\3rd_rat_spikes\SF12\FBED2F2321B1\1_20260831_191521.024
SF12,FBED2F2321B1,2_20260831_191613.417,2,2026-08-31 19:16:13.417,2026-09-01 00:30:37,18864.026,5:14:24,64,12,FM64: glitch defects A/B (~100-1400 ticks/s summed over 64 ch); stop-only commit,True,stop-only commit (session exists only after a clean Record Stop),glitchy,normal,"normal,normal,normal,normal,normal",572.47,1.0,1249.0,1040.53,0.0813,30.0,5,8.48,,20000,64,377280512,48.292,2026-08-31 19:16:13,True,True,True,True,250347520,65536,,E:\3rd_rat_spikes\SF12\FBED2F2321B1\2_20260831_191613.417
SF12,FBED2F2321B1,3_20260901_003050.862,3,2026-09-01 00:30:50.862,2026-09-01 04:57:36,16005.184,4:26:45,64,12,FM64: glitch defects A/B (~100-1400 ticks/s summed over 64 ch); stop-only commit,True,stop-only commit (session exists only after a clean Record Stop),glitchy,normal,"normal,normal,normal,normal,normal",502.8,0.995,1148.0,1128.5,0.0882,30.0,5,11.29,,20000,64,320103680,40.973,2026-09-01 00:30:50,True,True,True,True,250347520,65536,,E:\3rd_rat_spikes\SF12\FBED2F2321B1\3_20260901_003050.862
SF12,FBED2F2321B1,4_20260901_054714.722,4,2026-09-01 05:47:14.722,2026-09-01 05:49:04,109.99,0:01:50,64,12,FM64: glitch defects A/B (~100-1400 ticks/s summed over 64 ch); stop-only commit,True,stop-only commit (session exists only after a clean Record Stop),glitchy,normal,"normal,normal,normal,normal,normal",261.9,1.0,1021.0,763.8,0.0597,30.0,5,8.03,,20000,64,2199808,0.282,2026-09-01 05:47:14,True,True,True,True,250347520,65536,,E:\3rd_rat_spikes\SF12\FBED2F2321B1\4_20260901_054714.722
SF7,D0DBEFEF3111,0_20260831_185816.804,0,2026-08-31 18:58:16.804,2026-08-31 18:58:50,33.869,0:00:34,64,12,FM64: glitch defects A/B (~100-1400 ticks/s summed over 64 ch); stop-only commit,True,stop-only commit (session exists only after a clean Record Stop),clean,normal,"normal,normal,normal,normal,normal",0.5,1.0,619.0,320.63,0.025,30.0,5,11.99,,20000,64,677376,0.087,2026-08-31 18:58:16,True,True,True,True,1000144896,65536,measured clean on the probe window despite pre-FM65 firmware (de-glitch anyway),E:\3rd_rat_spikes\SF7\D0DBEFEF3111\0_20260831_185816.804
SF7,D0DBEFEF3111,1_20260831_185904.795,1,2026-08-31 18:59:04.795,2026-09-01 00:20:35,19290.982,5:21:31,64,12,FM64: glitch defects A/B (~100-1400 ticks/s summed over 64 ch); stop-only commit,True,stop-only commit (session exists only after a clean Record Stop),ambiguous,normal,"normal,normal,normal,normal,normal",6.23,1.0,788.0,645.1,0.0504,30.0,5,12.95,,20000,64,385819648,49.385,2026-08-31 18:59:04,True,True,True,True,1000144896,65536,,E:\3rd_rat_spikes\SF7\D0DBEFEF3111\1_20260831_185904.795
SF7,D0DBEFEF3111,2_20260901_002100.939,2,2026-09-01 00:21:00.939,2026-09-01 05:41:08,19207.104,5:20:07,64,12,FM64: glitch defects A/B (~100-1400 ticks/s summed over 64 ch); stop-only commit,True,stop-only commit (session exists only after a clean Record Stop),glitchy,normal,"normal,normal,normal,normal,normal",13.0,0.975,983.0,633.27,0.0495,30.0,5,12.43,,20000,64,384142080,49.17,2026-09-01 00:21:00,True,True,True,True,1000144896,65536,,E:\3rd_rat_spikes\SF7\D0DBEFEF3111\2_20260901_002100.939
SF7,D0DBEFEF3111,3_20260901_054126.846,3,2026-09-01 05:41:26.846,2026-09-01 06:36:24,3297.357,0:54:57,64,12,FM64: glitch defects A/B (~100-1400 ticks/s summed over 64 ch); stop-only commit,True,stop-only commit (session exists only after a clean Record Stop),glitchy,normal,"normal,normal,normal,normal,normal",13.1,0.94,895.0,760.33,0.0594,30.0,5,15.42,,20000,64,65947136,8.441,2026-09-01 05:41:26,True,True,True,True,1000144896,65536,,E:\3rd_rat_spikes\SF7\D0DBEFEF3111\3_20260901_054126.846
SF7,D0DBEFEF3111,4_20260901_074925.529,4,2026-09-01 07:49:25.529,2026-09-01 07:50:43,77.965,0:01:18,64,12,FM64: glitch defects A/B (~100-1400 ticks/s summed over 64 ch); stop-only commit,True,stop-only commit (session exists only after a clean Record Stop),ambiguous,normal,"normal,normal,normal,normal,normal",1.6,1.0,650.0,367.4,0.0287,30.0,5,10.88,,20000,64,1559296,0.2,2026-09-01 07:49:25,True,True,True,True,1000144896,65536,,E:\3rd_rat_spikes\SF7\D0DBEFEF3111\4_20260901_074925.529
SF7,D0DBEFEF3111,5_20260901_075052.875,5,2026-09-01 07:50:52.875,2026-09-01 12:54:27,18214.746,5:03:35,64,12,FM64: glitch defects A/B (~100-1400 ticks/s summed over 64 ch); stop-only commit,True,stop-only commit (session exists only after a clean Record Stop),glitchy,normal,"normal,normal,normal,normal,normal",16.63,1.0,1196.0,760.93,0.0594,30.0,5,8.49,,20000,64,364294912,46.63,2026-09-01 07:50:52,True,True,True,True,1000144896,65536,,E:\3rd_rat_spikes\SF7\D0DBEFEF3111\5_20260901_075052.875
SF7,D0DBEFEF3111,6_20260901_125442.165,6,2026-09-01 12:54:42.165,2026-09-01 17:11:59,15437.517,4:17:18,64,12,FM64: glitch defects A/B (~100-1400 ticks/s summed over 64 ch); stop-only commit,True,stop-only commit (session exists only after a clean Record Stop),glitchy,normal,"normal,normal,normal,normal,normal",21.1,1.0,1002.0,833.97,0.0652,30.0,5,8.7,,20000,64,308750336,39.52,2026-09-01 12:54:42,True,True,True,True,1000144896,65536,,E:\3rd_rat_spikes\SF7\D0DBEFEF3111\6_20260901_125442.165
SF7,D0DBEFEF3111,7_20260901_171210.814,7,2026-09-01 17:12:10.814,2026-09-01 18:19:43,4052.851,1:07:33,64,12,FM64: glitch defects A/B (~100-1400 ticks/s summed over 64 ch); stop-only commit,True,stop-only commit (session exists only after a clean Record Stop),ambiguous,normal,"normal,normal,normal,normal,normal",9.07,0.787,786.0,686.07,0.0536,30.0,5,13.87,,20000,64,81057024,10.375,2026-09-01 17:12:10,True,True,True,True,1000144896,65536,,E:\3rd_rat_spikes\SF7\D0DBEFEF3111\7_20260901_171210.814
SF7,D0DBEFEF3111,8_20260901_192830.797,8,2026-09-01 19:28:30.797,2026-09-01 19:29:03,32.333,0:00:32,65,12,FM65: maker fix: defects absent on bench; power-cut-safe commit; field data unevaluated,False,"power-cut-safe commit (maker, FM65+)",clean,normal,"normal,normal,normal,normal,normal",0.0,1.0,707.0,0.07,0.0,30.0,5,12.15,,20000,64,646656,0.083,2026-09-01 19:28:30,True,True,True,True,1000144896,65536,,E:\3rd_rat_spikes\SF7\D0DBEFEF3111\8_20260901_192830.797
SF7,D0DBEFEF3111,9_20260901_192912.215,9,2026-09-01 19:29:12.215,2026-09-01 23:43:19,15247.13,4:14:07,65,12,FM65: maker fix: defects absent on bench; power-cut-safe commit; field data unevaluated,False,"power-cut-safe commit (maker, FM65+)",clean,normal,"normal,normal,normal,normal,normal",0.0,1.0,749.0,1.4,0.0001,30.0,5,13.15,,20000,64,304942592,39.033,2026-09-01 19:29:12,True,True,True,True,1000144896,65536,,E:\3rd_rat_spikes\SF7\D0DBEFEF3111\9_20260901_192912.215
SF7,D0DBEFEF3111,10_20260901_234332.691,10,2026-09-01 23:43:32.691,2026-09-02 06:22:33,23940.48,6:39:00,65,12,FM65: maker fix: defects absent on bench; power-cut-safe commit; field data unevaluated,False,"power-cut-safe commit (maker, FM65+)",clean,normal,"normal,normal,normal,normal,normal",0.03,1.0,1162.0,2.43,0.0002,30.0,5,10.25,,20000,64,478809600,61.288,2026-09-01 23:43:32,True,True,True,True,1000144896,65536,,E:\3rd_rat_spikes\SF7\D0DBEFEF3111\10_20260901_234332.691
SF7,D0DBEFEF3111,11_20260902_062241.295,11,2026-09-02 06:22:41.295,2026-09-02 07:33:57,4276.006,1:11:16,65,12,FM65: maker fix: defects absent on bench; power-cut-safe commit; field data unevaluated,False,"power-cut-safe commit (maker, FM65+)",clean,normal,"normal,normal,normal,normal,normal",0.0,1.0,1325.0,1.83,0.0001,30.0,5,8.33,,20000,64,85520128,10.947,2026-09-02 06:22:41,True,True,True,True,1000144896,65536,,E:\3rd_rat_spikes\SF7\D0DBEFEF3111\11_20260902_062241.295
SF7,D0DBEFEF3111,12_20260902_074608.443,12,2026-09-02 07:46:08.443,2026-09-02 07:46:15,7.168,0:00:07,65,12,FM65: maker fix: defects absent on bench; power-cut-safe commit; field data unevaluated,False,"power-cut-safe commit (maker, FM65+)",clean,normal,normal,0.0,1.0,609.0,0.28,0.0,7.17,1,13.79,,20000,64,143360,0.018,2026-09-02 07:46:08,True,True,True,True,1000144896,65536,,E:\3rd_rat_spikes\SF7\D0DBEFEF3111\12_20260902_074608.443
SF7,D0DBEFEF3111,13_20260902_082234.535,13,2026-09-02 08:22:34.535,2026-09-02 08:23:06,32.128,0:00:32,65,12,FM65: maker fix: defects absent on bench; power-cut-safe commit; field data unevaluated,False,"power-cut-safe commit (maker, FM65+)",clean,normal,"normal,normal,normal,normal,normal",0.0,1.0,742.0,0.17,0.0,30.0,5,12.8,,20000,64,642560,0.082,2026-09-02 08:22:34,True,True,True,True,1000144896,65536,,E:\3rd_rat_spikes\SF7\D0DBEFEF3111\13_20260902_082234.535
SF7,D0DBEFEF3111,14_20260902_082315.755,14,2026-09-02 08:23:15.755,2026-09-02 08:24:06,50.97,0:00:51,65,12,FM65: maker fix: defects absent on bench; power-cut-safe commit; field data unevaluated,False,"power-cut-safe commit (maker, FM65+)",clean,normal,"normal,normal,normal,normal,normal",0.0,1.0,653.0,0.07,0.0,30.0,5,9.69,,20000,64,1019392,0.13,2026-09-02 08:23:15,True,True,True,True,1000144896,65536,,E:\3rd_rat_spikes\SF7\D0DBEFEF3111\14_20260902_082315.755
SF7,D0DBEFEF3111,15_20260902_082418.755,15,2026-09-02 08:24:18.755,2026-09-02 16:55:03,30644.557,8:30:45,65,12,FM65: maker fix: defects absent on bench; power-cut-safe commit; field data unevaluated,False,"power-cut-safe commit (maker, FM65+)",clean,normal,"normal,normal,normal,normal,normal",0.0,1.0,1200.0,0.43,0.0,30.0,5,8.89,,20000,64,612891136,78.45,2026-09-02 08:24:18,True,True,True,True,1000144896,65536,,E:\3rd_rat_spikes\SF7\D0DBEFEF3111\15_20260902_082418.755
SF7,D0DBEFEF3111,16_20260902_165524.033,16,2026-09-02 16:55:24.033,2026-09-02 18:12:49,4645.709,1:17:26,65,12,FM65: maker fix: defects absent on bench; power-cut-safe commit; field data unevaluated,False,"power-cut-safe commit (maker, FM65+)",clean,normal,"normal,normal,normal,normal,normal",0.07,1.0,1001.0,1.8,0.0001,30.0,5,8.94,,20000,64,92914176,11.893,2026-09-02 16:55:24,True,True,True,True,1000144896,65536,,E:\3rd_rat_spikes\SF7\D0DBEFEF3111\16_20260902_165524.033
SF8,128C2F27E131,0_20260831_070148.859,0,2026-08-31 07:01:48.859,2026-08-31 07:12:27,638.822,0:10:39,62,12,FM62: stop-only commit (session exists only after a clean Record Stop) + glitch defects A/B,True,stop-only commit (session exists only after a clean Record Stop),glitchy+broadband,broadband,"broadband,wide-impulse,wide-impulse,wide-impulse,normal",34988.23,0.183,5178.0,10118.47,0.7905,30.0,5,12.9,,20000,64,12776448,1.635,2026-08-31 07:01:48,True,True,True,True,1000144896,0,BROADBAND noise blow-up (raw std > 2500 ADC): hardware/handling regime; QC before use,E:\3rd_rat_spikes\SF8\128C2F27E131\0_20260831_070148.859
SF8,128C2F27E131,1_20260831_071239.713,1,2026-08-31 07:12:39.713,2026-08-31 07:15:31,172.25,0:02:52,62,12,FM62: stop-only commit (session exists only after a clean Record Stop) + glitch defects A/B,True,stop-only commit (session exists only after a clean Record Stop),glitchy,normal,"normal,normal,normal,normal,normal",2012.73,1.0,1395.0,5447.7,0.4256,30.0,5,8.49,32,20000,64,3444992,0.441,2026-08-31 07:12:39,True,True,True,True,1000144896,0,,E:\3rd_rat_spikes\SF8\128C2F27E131\1_20260831_071239.713
SF8,128C2F27E131,2_20260831_071541.642,2,2026-08-31 07:15:41.642,2026-08-31 08:30:55,4513.882,1:15:14,62,12,FM62: stop-only commit (session exists only after a clean Record Stop) + glitch defects A/B,True,stop-only commit (session exists only after a clean Record Stop),glitchy+broadband,broadband,"wide-impulse,broadband,broadband,broadband,broadband",15120.33,0.399,3685.0,6856.3,0.5356,30.0,5,14.32,32 52 53 61,20000,64,90277632,11.556,2026-08-31 07:15:41,True,True,True,True,1000144896,0,BROADBAND noise blow-up (raw std > 2500 ADC): hardware/handling regime; QC before use,E:\3rd_rat_spikes\SF8\128C2F27E131\2_20260831_071541.642
SF8,128C2F27E131,3_20260831_083101.996,3,2026-08-31 08:31:01.996,2026-08-31 08:31:07,5.146,0:00:05,62,12,FM62: stop-only commit (session exists only after a clean Record Stop) + glitch defects A/B,True,stop-only commit (session exists only after a clean Record Stop),glitchy,normal,normal,1233.48,1.0,1379.0,3090.02,0.2414,5.15,1,8.45,32,20000,64,102912,0.013,2026-08-31 08:31:01,True,True,True,True,1000144896,0,,E:\3rd_rat_spikes\SF8\128C2F27E131\3_20260831_083101.996
SF8,128C2F27E131,4_20260831_083120.285,4,2026-08-31 08:31:20.285,2026-08-31 11:26:32,10511.923,2:55:12,62,12,FM62: stop-only commit (session exists only after a clean Record Stop) + glitch defects A/B,True,stop-only commit (session exists only after a clean Record Stop),glitchy+wide-impulse,wide-impulse,"normal,normal,normal,wide-impulse,normal",6051.8,0.406,2158.0,6446.67,0.5036,30.0,5,8.57,32,20000,64,210238464,26.911,2026-08-31 08:31:20,True,True,True,True,1000144896,0,WIDE (>=3-sample) impulses dominate: not the FM62/64 single-sample defect; de-glitch will NOT clean this; QC before use,E:\3rd_rat_spikes\SF8\128C2F27E131\4_20260831_083120.285
SF8,128C2F27E131,0_20260831_190133.486,0,2026-08-31 19:01:33.486,2026-08-31 19:02:18,45.158,0:00:45,64,12,FM64: glitch defects A/B (~100-1400 ticks/s summed over 64 ch); stop-only commit,True,stop-only commit (session exists only after a clean Record Stop),glitchy,normal,"normal,normal,normal,normal,normal",287.7,1.0,677.0,1394.5,0.1089,30.0,5,10.4,32,20000,64,903168,0.116,2026-08-31 19:01:33,True,True,True,True,1001390080,65536,,E:\3rd_rat_spikes\SF8\128C2F27E131\0_20260831_190133.486
SF8,128C2F27E131,1_20260831_190229.919,1,2026-08-31 19:02:29.919,2026-09-01 00:23:12,19242.458,5:20:42,64,12,FM64: glitch defects A/B (~100-1400 ticks/s summed over 64 ch); stop-only commit,True,stop-only commit (session exists only after a clean Record Stop),glitchy,normal,"normal,normal,normal,normal,normal",678.9,1.0,671.0,3398.0,0.2655,30.0,5,10.94,32,20000,64,384849152,49.261,2026-08-31 19:02:29,True,True,True,True,1001390080,65536,,E:\3rd_rat_spikes\SF8\128C2F27E131\1_20260831_190229.919
SF8,128C2F27E131,2_20260901_002327.839,2,2026-09-01 00:23:27.839,2026-09-01 03:32:06,11318.643,3:08:39,64,12,FM64: glitch defects A/B (~100-1400 ticks/s summed over 64 ch); stop-only commit,True,stop-only commit (session exists only after a clean Record Stop),glitchy,normal,"normal,normal,normal,normal,normal",1247.83,1.0,1135.0,3309.2,0.2585,30.0,5,10.89,32,20000,64,226372864,28.976,2026-09-01 00:23:27,True,True,True,True,1001390080,65536,,E:\3rd_rat_spikes\SF8\128C2F27E131\2_20260901_002327.839
SF8,128C2F27E131,3_20260901_054222.420,3,2026-09-01 05:42:22.420,2026-09-01 05:44:27,124.992,0:02:05,64,12,FM64: glitch defects A/B (~100-1400 ticks/s summed over 64 ch); stop-only commit,True,stop-only commit (session exists only after a clean Record Stop),glitchy,normal,"normal,normal,normal,normal,normal",666.57,1.0,765.0,3078.5,0.2405,30.0,5,10.8,32,20000,64,2499840,0.32,2026-09-01 05:42:22,True,True,True,True,1001390080,65536,,E:\3rd_rat_spikes\SF8\128C2F27E131\3_20260901_054222.420
SF9,68BDFFFF62DB,0_20260831_070319.133,0,2026-08-31 07:03:19.133,2026-08-31 07:13:46,627.52,0:10:28,62,12,FM62: stop-only commit (session exists only after a clean Record Stop) + glitch defects A/B,True,stop-only commit (session exists only after a clean Record Stop),glitchy+broadband,broadband,"wide-impulse,broadband,wide-impulse,wide-impulse,wide-impulse",14983.0,0.22,2757.0,5608.27,0.4381,30.0,5,12.85,2 4 32 54 56 58 62,20000,64,12550400,1.606,2026-08-31 07:03:19,True,True,True,True,1000144896,0,BROADBAND noise blow-up (raw std > 2500 ADC): hardware/handling regime; QC before use,E:\3rd_rat_spikes\SF9\68BDFFFF62DB\0_20260831_070319.133
SF9,68BDFFFF62DB,1_20260831_071357.350,1,2026-08-31 07:13:57.350,2026-08-31 11:29:22,15324.813,4:15:25,62,12,FM62: stop-only commit (session exists only after a clean Record Stop) + glitch defects A/B,True,stop-only commit (session exists only after a clean Record Stop),glitchy+wide-impulse,wide-impulse,"normal,wide-impulse,normal,wide-impulse,wide-impulse",10061.67,0.237,1310.0,5332.73,0.4166,30.0,5,13.48,2 4 32 36 54 56 58 62,20000,64,306496256,39.232,2026-08-31 07:13:57,True,True,True,True,1000144896,0,WIDE (>=3-sample) impulses dominate: not the FM62/64 single-sample defect; de-glitch will NOT clean this; QC before use,E:\3rd_rat_spikes\SF9\68BDFFFF62DB\1_20260831_071357.350
SF9,68BDFFFF62DB,0_20260831_190404.508,0,2026-08-31 19:04:04.508,2026-08-31 19:05:10,66.138,0:01:06,64,12,FM64: glitch defects A/B (~100-1400 ticks/s summed over 64 ch); stop-only commit,True,stop-only commit (session exists only after a clean Record Stop),glitchy,normal,"normal,normal,normal,normal,normal",314.97,0.958,1364.0,686.6,0.0536,30.0,5,8.26,2 4 32 36 52 54 56 58 60 62,20000,64,1322752,0.169,2026-08-31 19:04:04,True,True,True,True,1001390080,65536,,E:\3rd_rat_spikes\SF9\68BDFFFF62DB\0_20260831_190404.508
SF9,68BDFFFF62DB,1_20260831_190522.711,1,2026-08-31 19:05:22.711,2026-08-31 19:05:58,35.93,0:00:36,64,12,FM64: glitch defects A/B (~100-1400 ticks/s summed over 64 ch); stop-only commit,True,stop-only commit (session exists only after a clean Record Stop),glitchy,normal,"normal,normal,normal,normal,normal",318.8,0.964,1300.0,678.6,0.053,30.0,5,8.42,2 4 32 36 52 54 56 58 60 62,20000,64,718592,0.092,2026-08-31 19:05:22,True,True,True,True,1001390080,65536,,E:\3rd_rat_spikes\SF9\68BDFFFF62DB\1_20260831_190522.711
SF9,68BDFFFF62DB,2_20260831_190743.879,2,2026-08-31 19:07:43.879,2026-08-31 19:08:23,39.565,0:00:40,64,12,FM64: glitch defects A/B (~100-1400 ticks/s summed over 64 ch); stop-only commit,True,stop-only commit (session exists only after a clean Record Stop),glitchy,normal,"normal,normal,normal,normal,normal",289.1,0.959,1128.0,676.43,0.0528,30.0,5,10.41,2 4 32 36 52 54 56 58 60 62,20000,64,791296,0.101,2026-08-31 19:07:43,True,True,True,True,1001390080,65536,,E:\3rd_rat_spikes\SF9\68BDFFFF62DB\2_20260831_190743.879
SF9,68BDFFFF62DB,3_20260831_190834.640,3,2026-08-31 19:08:34.640,2026-09-01 00:24:57,18983.296,5:16:23,64,12,FM64: glitch defects A/B (~100-1400 ticks/s summed over 64 ch); stop-only commit,True,stop-only commit (session exists only after a clean Record Stop),glitchy,normal,"normal,normal,normal,normal,normal",326.1,0.963,916.0,1057.7,0.0826,30.0,5,11.77,2 4 32 36 54 56 58 62,20000,64,379665920,48.597,2026-08-31 19:08:34,True,True,True,True,1001390080,65536,,E:\3rd_rat_spikes\SF9\68BDFFFF62DB\3_20260831_190834.640
SF9,68BDFFFF62DB,4_20260901_002514.385,4,2026-09-01 00:25:14.385,2026-09-01 03:34:28,11353.958,3:09:14,64,12,FM64: glitch defects A/B (~100-1400 ticks/s summed over 64 ch); stop-only commit,True,stop-only commit (session exists only after a clean Record Stop),glitchy,normal,"normal,normal,normal,normal,normal",365.87,0.971,897.0,1102.83,0.0862,30.0,5,12.68,2 4 32 36 54 56 58 62,20000,64,227079168,29.066,2026-09-01 00:25:14,True,True,True,True,1001390080,65536,,E:\3rd_rat_spikes\SF9\68BDFFFF62DB\4_20260901_002514.385
SF9,68BDFFFF62DB,5_20260901_054317.203,5,2026-09-01 05:43:17.203,2026-09-01 05:44:33,76.198,0:01:16,64,12,FM64: glitch defects A/B (~100-1400 ticks/s summed over 64 ch); stop-only commit,True,stop-only commit (session exists only after a clean Record Stop),glitchy,normal,"normal,normal,normal,normal,normal",457.73,0.936,989.0,1086.9,0.0849,30.0,5,8.22,2 4 32 36 52 54 56 58 60 62,20000,64,1523968,0.195,2026-09-01 05:43:17,True,True,True,True,1001390080,65536,,E:\3rd_rat_spikes\SF9\68BDFFFF62DB\5_20260901_054317.203
